<?xml version="1.0" encoding="UTF-8"?>
<kml xmlns="http://www.opengis.net/kml/2.2">
  <Document id="root_doc">
    <Schema id="Distrito_YASY_CA__Y.schema">
      <SimpleField name="Cédula" type="double"/>
      <SimpleField name="cedula" type="string"/>
      <SimpleField name="Nombres_y_" type="string"/>
      <SimpleField name="Sexo" type="string"/>
      <SimpleField name="Cambio_de_" type="string"/>
      <SimpleField name="Titular_se" type="string"/>
      <SimpleField name="Cédula_Ti" type="string"/>
      <SimpleField name="Situación" type="string"/>
      <SimpleField name="Comunidad" type="string"/>
      <SimpleField name="Modelo_sel" type="string"/>
      <SimpleField name="Modelo_imp" type="string"/>
      <SimpleField name="Departamen" type="string"/>
      <SimpleField name="Distrito" type="string"/>
      <SimpleField name="Localidad" type="string"/>
      <SimpleField name="Teléfono" type="string"/>
      <SimpleField name="Vivienda_L" type="double"/>
      <SimpleField name="Vivienda_1" type="double"/>
      <SimpleField name="Superficie" type="double"/>
      <SimpleField name="Situaci_1" type="string"/>
      <SimpleField name="Plantado" type="string"/>
      <SimpleField name="Parcela_La" type="double"/>
      <SimpleField name="Parcela_Lo" type="double"/>
      <SimpleField name="Grupo_Impl" type="string"/>
      <SimpleField name="Grupo_de_P" type="string"/>
      <SimpleField name="Jornales" type="double"/>
      <SimpleField name="Monto" type="double"/>
      <SimpleField name="ETAPA_FAO" type="string"/>
      <SimpleField name="Estado_del" type="string"/>
      <SimpleField name="Adjudicado" type="string"/>
      <SimpleField name="Empresa" type="string"/>
      <SimpleField name="Lote" type="string"/>
      <SimpleField name="Monitorear" type="string"/>
      <SimpleField name="Fecha_de_M" type="string"/>
      <SimpleField name="F__de_pren" type="string"/>
      <SimpleField name="Estado_FAO" type="string"/>
      <SimpleField name="Etapa_de_i" type="string"/>
      <SimpleField name="Fecha_visi" type="string"/>
      <SimpleField name="Cumple_sup" type="string"/>
      <SimpleField name="Estado_mon" type="string"/>
      <SimpleField name="Situaci_12" type="string"/>
      <SimpleField name="Observaci" type="string"/>
      <SimpleField name="Dias_trans" type="double"/>
      <SimpleField name="Prioridad" type="string"/>
      <SimpleField name="OBJECTID_1" type="int"/>
    </Schema>
    <Document id="Distrito_YASY_CA__Y">
      <name>Distrito_YASY CAÃ‘Y</name>
      <Placemark id="Distrito_YASY_CA__Y.1">
        <ExtendedData>
          <SchemaData schemaUrl="#Distrito_YASY_CA__Y.schema">
            <SimpleData name="Cédula">7288809.00000000000</SimpleData>
            <SimpleData name="cedula">7288809</SimpleData>
            <SimpleData name="Nombres_y_">LORENA GONZALEZ RAMIREZ</SimpleData>
            <SimpleData name="Sexo">Mujer</SimpleData>
            <SimpleData name="Cambio_de_">NO</SimpleData>
            <SimpleData name="Titular_se">NO</SimpleData>
            <SimpleData name="Situación">NO</SimpleData>
            <SimpleData name="Comunidad">Campesina</SimpleData>
            <SimpleData name="Modelo_imp">Modelo 5</SimpleData>
            <SimpleData name="Departamen">CANINDEYU</SimpleData>
            <SimpleData name="Distrito">YASY CA?Y</SimpleData>
            <SimpleData name="Localidad">SAN MIGUEL</SimpleData>
            <SimpleData name="Teléfono">0976120648</SimpleData>
            <SimpleData name="Vivienda_L">-24.53778450000</SimpleData>
            <SimpleData name="Vivienda_1">-55.88325070000</SimpleData>
            <SimpleData name="Superficie">0.70000000000</SimpleData>
            <SimpleData name="Situaci_1">Par?metro</SimpleData>
            <SimpleData name="Plantado">Si</SimpleData>
            <SimpleData name="Parcela_La">-55.88334869000</SimpleData>
            <SimpleData name="Parcela_Lo">-24.53909688000</SimpleData>
            <SimpleData name="Grupo_Impl">G2</SimpleData>
            <SimpleData name="Grupo_de_P">G-P5-XX-XX-XX</SimpleData>
            <SimpleData name="Jornales">0.00000000000</SimpleData>
            <SimpleData name="Monto">0.00000000000</SimpleData>
            <SimpleData name="ETAPA_FAO">Mantenimiento A?o 1.1</SimpleData>
            <SimpleData name="Estado_del">Activo</SimpleData>
            <SimpleData name="Adjudicado">SI</SimpleData>
            <SimpleData name="Empresa">Red Forestal Paraguay SA</SimpleData>
            <SimpleData name="Lote">G</SimpleData>
            <SimpleData name="Monitorear">No</SimpleData>
            <SimpleData name="Fecha_de_M">-</SimpleData>
            <SimpleData name="F__de_pren">-</SimpleData>
            <SimpleData name="Estado_FAO">Monitorear</SimpleData>
            <SimpleData name="Etapa_de_i">Mantenimiento A?o 1.1</SimpleData>
            <SimpleData name="Fecha_visi">2026/08/28</SimpleData>
            <SimpleData name="Cumple_sup">Si</SimpleData>
            <SimpleData name="Estado_mon">-</SimpleData>
            <SimpleData name="Situaci_12">-</SimpleData>
            <SimpleData name="Observaci">-</SimpleData>
            <SimpleData name="Dias_trans">2.27846064815</SimpleData>
            <SimpleData name="Prioridad">ALTA</SimpleData>
            <SimpleData name="OBJECTID_1">118</SimpleData>
          </SchemaData>
        </ExtendedData>
        <Polygon>
          <outerBoundaryIs>
            <LinearRing>
              <coordinates>
                -55.8830983000431,-24.5382982997856,0
                -55.8829851996269,-24.5383482000154,0
                -55.8829752000795,-24.5383161001203,0
                -55.8827732002673,-24.5383683000461,0
                -55.8835947004256,-24.5400742001177,0
                -55.8837860003623,-24.5400500003566,0
                -55.8836300004448,-24.5397340994981,0
                -55.8838290004222,-24.5396283993646,0
                -55.883661700261,-24.5391766997627,0
                -55.8832287005108,-24.5383483003559,0
                -55.8830983000431,-24.5382982997856,0
              </coordinates>
            </LinearRing>
          </outerBoundaryIs>
        </Polygon>
      </Placemark>
      <Placemark id="Distrito_YASY_CA__Y.2">
        <ExtendedData>
          <SchemaData schemaUrl="#Distrito_YASY_CA__Y.schema">
            <SimpleData name="Cédula">7253779.00000000000</SimpleData>
            <SimpleData name="cedula">7253779</SimpleData>
            <SimpleData name="Nombres_y_">LIZ CARINA NU?EZ FRANCO</SimpleData>
            <SimpleData name="Sexo">Mujer</SimpleData>
            <SimpleData name="Cambio_de_">NO</SimpleData>
            <SimpleData name="Titular_se">NO</SimpleData>
            <SimpleData name="Situación">NO</SimpleData>
            <SimpleData name="Comunidad">Campesina</SimpleData>
            <SimpleData name="Modelo_imp">Modelo 5</SimpleData>
            <SimpleData name="Departamen">CANINDEYU</SimpleData>
            <SimpleData name="Distrito">YASY CA?Y</SimpleData>
            <SimpleData name="Localidad">MANDUARA 4TA LINEA</SimpleData>
            <SimpleData name="Teléfono">0982462159</SimpleData>
            <SimpleData name="Vivienda_L">-24.47634990000</SimpleData>
            <SimpleData name="Vivienda_1">-55.92061200000</SimpleData>
            <SimpleData name="Superficie">0.70000000000</SimpleData>
            <SimpleData name="Situaci_1">Par?metro</SimpleData>
            <SimpleData name="Plantado">Si</SimpleData>
            <SimpleData name="Parcela_La">-55.92237015000</SimpleData>
            <SimpleData name="Parcela_Lo">-24.47710566000</SimpleData>
            <SimpleData name="Grupo_Impl">G2</SimpleData>
            <SimpleData name="Grupo_de_P">G-P5-XX-XX-XX</SimpleData>
            <SimpleData name="Jornales">0.00000000000</SimpleData>
            <SimpleData name="Monto">0.00000000000</SimpleData>
            <SimpleData name="ETAPA_FAO">Mantenimiento A?o 1.1</SimpleData>
            <SimpleData name="Estado_del">Activo</SimpleData>
            <SimpleData name="Adjudicado">SI</SimpleData>
            <SimpleData name="Empresa">Red Forestal Paraguay SA</SimpleData>
            <SimpleData name="Lote">G</SimpleData>
            <SimpleData name="Monitorear">No</SimpleData>
            <SimpleData name="Fecha_de_M">-</SimpleData>
            <SimpleData name="F__de_pren">-</SimpleData>
            <SimpleData name="Estado_FAO">Monitorear</SimpleData>
            <SimpleData name="Etapa_de_i">Mantenimiento A?o 1.1</SimpleData>
            <SimpleData name="Fecha_visi">2026/08/28</SimpleData>
            <SimpleData name="Cumple_sup">Si</SimpleData>
            <SimpleData name="Estado_mon">-</SimpleData>
            <SimpleData name="Situaci_12">-</SimpleData>
            <SimpleData name="Observaci">-</SimpleData>
            <SimpleData name="Dias_trans">2.16380787037</SimpleData>
            <SimpleData name="Prioridad">ALTA</SimpleData>
            <SimpleData name="OBJECTID_1">119</SimpleData>
          </SchemaData>
        </ExtendedData>
        <Polygon>
          <outerBoundaryIs>
            <LinearRing>
              <coordinates>
                -55.9216093003961,-24.4768282994654,0
                -55.9228247001006,-24.4776895000635,0
                -55.9231127000149,-24.4773488999243,0
                -55.9219065997319,-24.4765325998385,0
                -55.9216093003961,-24.4768282994654,0
              </coordinates>
            </LinearRing>
          </outerBoundaryIs>
        </Polygon>
      </Placemark>
      <Placemark id="Distrito_YASY_CA__Y.3">
        <ExtendedData>
          <SchemaData schemaUrl="#Distrito_YASY_CA__Y.schema">
            <SimpleData name="Cédula">5138578.00000000000</SimpleData>
            <SimpleData name="cedula">5138578</SimpleData>
            <SimpleData name="Nombres_y_">SONIA ELIZABETH MOREL GAUTO</SimpleData>
            <SimpleData name="Sexo">Mujer</SimpleData>
            <SimpleData name="Cambio_de_">NO</SimpleData>
            <SimpleData name="Titular_se">NO</SimpleData>
            <SimpleData name="Situación">NO</SimpleData>
            <SimpleData name="Comunidad">Campesina</SimpleData>
            <SimpleData name="Modelo_imp">Modelo 5</SimpleData>
            <SimpleData name="Departamen">CANINDEYU</SimpleData>
            <SimpleData name="Distrito">YASY CA?Y</SimpleData>
            <SimpleData name="Localidad">MANDUARA 4TA LINEA</SimpleData>
            <SimpleData name="Teléfono">0984959409</SimpleData>
            <SimpleData name="Vivienda_L">-24.48054030000</SimpleData>
            <SimpleData name="Vivienda_1">-55.91645120000</SimpleData>
            <SimpleData name="Superficie">0.70000000000</SimpleData>
            <SimpleData name="Situaci_1">Par?metro</SimpleData>
            <SimpleData name="Plantado">Si</SimpleData>
            <SimpleData name="Parcela_La">-55.89517817000</SimpleData>
            <SimpleData name="Parcela_Lo">-24.47264442000</SimpleData>
            <SimpleData name="Grupo_Impl">G2</SimpleData>
            <SimpleData name="Grupo_de_P">G-P4-XX-XX-XX</SimpleData>
            <SimpleData name="Jornales">0.00000000000</SimpleData>
            <SimpleData name="Monto">0.00000000000</SimpleData>
            <SimpleData name="ETAPA_FAO">Mantenimiento A?o 1.1</SimpleData>
            <SimpleData name="Estado_del">Activo</SimpleData>
            <SimpleData name="Adjudicado">SI</SimpleData>
            <SimpleData name="Empresa">Red Forestal Paraguay SA</SimpleData>
            <SimpleData name="Lote">G</SimpleData>
            <SimpleData name="Monitorear">No</SimpleData>
            <SimpleData name="Fecha_de_M">-</SimpleData>
            <SimpleData name="F__de_pren">-</SimpleData>
            <SimpleData name="Estado_FAO">Monitorear</SimpleData>
            <SimpleData name="Etapa_de_i">Mantenimiento A?o 1.1</SimpleData>
            <SimpleData name="Fecha_visi">2026/08/28</SimpleData>
            <SimpleData name="Cumple_sup">Si</SimpleData>
            <SimpleData name="Estado_mon">-</SimpleData>
            <SimpleData name="Situaci_12">-</SimpleData>
            <SimpleData name="Observaci">-</SimpleData>
            <SimpleData name="Dias_trans">2.16384259259</SimpleData>
            <SimpleData name="Prioridad">ALTA</SimpleData>
            <SimpleData name="OBJECTID_1">126</SimpleData>
          </SchemaData>
        </ExtendedData>
        <Polygon>
          <outerBoundaryIs>
            <LinearRing>
              <coordinates>
                -55.8945982999782,-24.4725950003394,0
                -55.8953551003995,-24.473274899941,0
                -55.8956025000218,-24.4730386993051,0
                -55.89539470034,-24.4727733995992,0
                -55.8956788005216,-24.4724626005528,0
                -55.8951367001229,-24.4720767002879,0
                -55.8945982999782,-24.4725950003394,0
              </coordinates>
            </LinearRing>
          </outerBoundaryIs>
        </Polygon>
      </Placemark>
      <Placemark id="Distrito_YASY_CA__Y.4">
        <ExtendedData>
          <SchemaData schemaUrl="#Distrito_YASY_CA__Y.schema">
            <SimpleData name="Cédula">8196565.00000000000</SimpleData>
            <SimpleData name="cedula">8196565</SimpleData>
            <SimpleData name="Nombres_y_">CARLOS BEGA BARRIOS</SimpleData>
            <SimpleData name="Sexo">Hombre</SimpleData>
            <SimpleData name="Cambio_de_">NO</SimpleData>
            <SimpleData name="Titular_se">NO</SimpleData>
            <SimpleData name="Situación">NO</SimpleData>
            <SimpleData name="Comunidad">Ind?gena</SimpleData>
            <SimpleData name="Modelo_imp">Modelo 5</SimpleData>
            <SimpleData name="Departamen">CANINDEYU</SimpleData>
            <SimpleData name="Distrito">YASY CA?Y</SimpleData>
            <SimpleData name="Localidad"><![CDATA[COM INDIG YVA'Y MIRI]]></SimpleData>
            <SimpleData name="Teléfono">0975590455</SimpleData>
            <SimpleData name="Vivienda_L">-24.55893140000</SimpleData>
            <SimpleData name="Vivienda_1">-55.91548560000</SimpleData>
            <SimpleData name="Superficie">0.70000000000</SimpleData>
            <SimpleData name="Situaci_1">Par?metro</SimpleData>
            <SimpleData name="Plantado">Si</SimpleData>
            <SimpleData name="Parcela_La">-55.91625598000</SimpleData>
            <SimpleData name="Parcela_Lo">-24.55834551000</SimpleData>
            <SimpleData name="Grupo_Impl">G2</SimpleData>
            <SimpleData name="Grupo_de_P">G-P4-XX-XX-XX</SimpleData>
            <SimpleData name="Jornales">0.00000000000</SimpleData>
            <SimpleData name="Monto">0.00000000000</SimpleData>
            <SimpleData name="ETAPA_FAO">Mantenimiento A?o 1.1</SimpleData>
            <SimpleData name="Estado_del">Activo</SimpleData>
            <SimpleData name="Adjudicado">SI</SimpleData>
            <SimpleData name="Empresa">Red Forestal Paraguay SA</SimpleData>
            <SimpleData name="Lote">G</SimpleData>
            <SimpleData name="Monitorear">No</SimpleData>
            <SimpleData name="Fecha_de_M">-</SimpleData>
            <SimpleData name="F__de_pren">-</SimpleData>
            <SimpleData name="Estado_FAO">Monitorear</SimpleData>
            <SimpleData name="Etapa_de_i">Mantenimiento A?o 1.1</SimpleData>
            <SimpleData name="Fecha_visi">2026/08/28</SimpleData>
            <SimpleData name="Cumple_sup">Si</SimpleData>
            <SimpleData name="Estado_mon">-</SimpleData>
            <SimpleData name="Situaci_12">-</SimpleData>
            <SimpleData name="Observaci">-</SimpleData>
            <SimpleData name="Dias_trans">2.16666666666</SimpleData>
            <SimpleData name="Prioridad">ALTA</SimpleData>
            <SimpleData name="OBJECTID_1">138</SimpleData>
          </SchemaData>
        </ExtendedData>
        <Polygon>
          <outerBoundaryIs>
            <LinearRing>
              <coordinates>
                -55.9156249995916,-24.5583667001718,0
                -55.9159282994326,-24.5588843004236,0
                -55.9168733000037,-24.5583332999327,0
                -55.9166028007477,-24.5578018992621,0
                -55.9156249995916,-24.5583667001718,0
              </coordinates>
            </LinearRing>
          </outerBoundaryIs>
        </Polygon>
      </Placemark>
      <Placemark id="Distrito_YASY_CA__Y.5">
        <ExtendedData>
          <SchemaData schemaUrl="#Distrito_YASY_CA__Y.schema">
            <SimpleData name="Cédula">7531188.00000000000</SimpleData>
            <SimpleData name="cedula">7531188</SimpleData>
            <SimpleData name="Nombres_y_">CELESTINA VERA BENITEZ</SimpleData>
            <SimpleData name="Sexo">Mujer</SimpleData>
            <SimpleData name="Cambio_de_">NO</SimpleData>
            <SimpleData name="Titular_se">NO</SimpleData>
            <SimpleData name="Situación">NO</SimpleData>
            <SimpleData name="Comunidad">Ind?gena</SimpleData>
            <SimpleData name="Modelo_imp">Modelo 2</SimpleData>
            <SimpleData name="Departamen">CANINDEYU</SimpleData>
            <SimpleData name="Distrito">YASY CA?Y</SimpleData>
            <SimpleData name="Localidad"><![CDATA[COM INDIG YVA'Y MIRI]]></SimpleData>
            <SimpleData name="Teléfono">ND</SimpleData>
            <SimpleData name="Vivienda_L">-24.55888610000</SimpleData>
            <SimpleData name="Vivienda_1">-55.91553280000</SimpleData>
            <SimpleData name="Superficie">0.80000000000</SimpleData>
            <SimpleData name="Situaci_1">Par?metro</SimpleData>
            <SimpleData name="Plantado">Si</SimpleData>
            <SimpleData name="Parcela_La">-55.91740638000</SimpleData>
            <SimpleData name="Parcela_Lo">-24.55764059000</SimpleData>
            <SimpleData name="Grupo_Impl">G2</SimpleData>
            <SimpleData name="Grupo_de_P">G-P4-XX-XX-XX</SimpleData>
            <SimpleData name="Jornales">0.00000000000</SimpleData>
            <SimpleData name="Monto">0.00000000000</SimpleData>
            <SimpleData name="ETAPA_FAO">Mantenimiento A?o 1.1</SimpleData>
            <SimpleData name="Estado_del">Activo</SimpleData>
            <SimpleData name="Adjudicado">SI</SimpleData>
            <SimpleData name="Empresa">Red Forestal Paraguay SA</SimpleData>
            <SimpleData name="Lote">G</SimpleData>
            <SimpleData name="Monitorear">No</SimpleData>
            <SimpleData name="Fecha_de_M">-</SimpleData>
            <SimpleData name="F__de_pren">-</SimpleData>
            <SimpleData name="Estado_FAO">Monitorear</SimpleData>
            <SimpleData name="Etapa_de_i">Mantenimiento A?o 1.1</SimpleData>
            <SimpleData name="Fecha_visi">2026/08/28</SimpleData>
            <SimpleData name="Cumple_sup">Si</SimpleData>
            <SimpleData name="Estado_mon">-</SimpleData>
            <SimpleData name="Situaci_12">-</SimpleData>
            <SimpleData name="Observaci">-</SimpleData>
            <SimpleData name="Dias_trans">2.31636574074</SimpleData>
            <SimpleData name="Prioridad">ALTA</SimpleData>
            <SimpleData name="OBJECTID_1">139</SimpleData>
          </SchemaData>
        </ExtendedData>
        <Polygon>
          <outerBoundaryIs>
            <LinearRing>
              <coordinates>
                -55.9166194998064,-24.5578133002808,0
                -55.9167983002596,-24.5581767001575,0
                -55.9181667000816,-24.5576016998281,0
                -55.9179170998494,-24.5571465998054,0
                -55.917778000611,-24.5571020999179,0
                -55.9166194998064,-24.5578133002808,0
              </coordinates>
            </LinearRing>
          </outerBoundaryIs>
        </Polygon>
      </Placemark>
      <Placemark id="Distrito_YASY_CA__Y.6">
        <ExtendedData>
          <SchemaData schemaUrl="#Distrito_YASY_CA__Y.schema">
            <SimpleData name="Cédula">6865351.00000000000</SimpleData>
            <SimpleData name="cedula">6865351</SimpleData>
            <SimpleData name="Nombres_y_">VICTOR  VERA GOMEZ</SimpleData>
            <SimpleData name="Sexo">Hombre</SimpleData>
            <SimpleData name="Cambio_de_">NO</SimpleData>
            <SimpleData name="Titular_se">NO</SimpleData>
            <SimpleData name="Comunidad">Ind?gena</SimpleData>
            <SimpleData name="Modelo_imp">Modelo 5</SimpleData>
            <SimpleData name="Departamen">CANINDEYU</SimpleData>
            <SimpleData name="Distrito">YASY CA?Y</SimpleData>
            <SimpleData name="Localidad">COM INDIG TUNA POTY</SimpleData>
            <SimpleData name="Teléfono">983004400</SimpleData>
            <SimpleData name="Vivienda_L">-24.52426670000</SimpleData>
            <SimpleData name="Vivienda_1">-55.98199830000</SimpleData>
            <SimpleData name="Superficie">0.70000000000</SimpleData>
            <SimpleData name="Situaci_1">Parametro</SimpleData>
            <SimpleData name="Plantado">Si</SimpleData>
            <SimpleData name="Parcela_La">-55.98011485000</SimpleData>
            <SimpleData name="Parcela_Lo">-24.53205740000</SimpleData>
            <SimpleData name="Grupo_Impl">G2</SimpleData>
            <SimpleData name="Grupo_de_P">G-P5-XX-XX-XX</SimpleData>
            <SimpleData name="Jornales">0.00000000000</SimpleData>
            <SimpleData name="Monto">0.00000000000</SimpleData>
            <SimpleData name="ETAPA_FAO">Mantenimiento A?o 1.1</SimpleData>
            <SimpleData name="Estado_del">Activo</SimpleData>
            <SimpleData name="Empresa">Red Forestal Paraguay SA</SimpleData>
            <SimpleData name="Lote">G</SimpleData>
            <SimpleData name="Monitorear">No</SimpleData>
            <SimpleData name="Fecha_de_M">-</SimpleData>
            <SimpleData name="F__de_pren">-</SimpleData>
            <SimpleData name="Estado_FAO">Monitorear</SimpleData>
            <SimpleData name="Etapa_de_i">Mantenimiento A?o 1.1</SimpleData>
            <SimpleData name="Fecha_visi">2026/08/28</SimpleData>
            <SimpleData name="Cumple_sup">Si</SimpleData>
            <SimpleData name="Estado_mon">-</SimpleData>
            <SimpleData name="Situaci_12">-</SimpleData>
            <SimpleData name="Observaci">-</SimpleData>
            <SimpleData name="Dias_trans">2.29915509259</SimpleData>
            <SimpleData name="Prioridad">ALTA</SimpleData>
            <SimpleData name="OBJECTID_1">322</SimpleData>
          </SchemaData>
        </ExtendedData>
        <Polygon>
          <outerBoundaryIs>
            <LinearRing>
              <coordinates>
                -55.979550599037,-24.5320571001082,0
                -55.980219999949,-24.5326333004693,0
                -55.9806783995769,-24.5321775007237,0
                -55.9802874990601,-24.5318701008185,0
                -55.9803103000462,-24.5315730009148,0
                -55.980146499998,-24.5314084998751,0
                -55.979550599037,-24.5320571001082,0
              </coordinates>
            </LinearRing>
          </outerBoundaryIs>
        </Polygon>
      </Placemark>
      <Placemark id="Distrito_YASY_CA__Y.7">
        <ExtendedData>
          <SchemaData schemaUrl="#Distrito_YASY_CA__Y.schema">
            <SimpleData name="Cédula">8380851.00000000000</SimpleData>
            <SimpleData name="cedula">8380851</SimpleData>
            <SimpleData name="Nombres_y_">NORMA DIONICIA ENCISO OVIEDO</SimpleData>
            <SimpleData name="Sexo">Mujer</SimpleData>
            <SimpleData name="Cambio_de_">NO</SimpleData>
            <SimpleData name="Titular_se">NO</SimpleData>
            <SimpleData name="Situación">NO</SimpleData>
            <SimpleData name="Comunidad">Ind?gena</SimpleData>
            <SimpleData name="Modelo_imp">Modelo 1</SimpleData>
            <SimpleData name="Departamen">CANINDEYU</SimpleData>
            <SimpleData name="Distrito">YASY CA?Y</SimpleData>
            <SimpleData name="Localidad"><![CDATA[COM INDIG KA'AGUY POTY KAMBA]]></SimpleData>
            <SimpleData name="Teléfono">0984531523</SimpleData>
            <SimpleData name="Vivienda_L">-24.56383770000</SimpleData>
            <SimpleData name="Vivienda_1">-55.92822000000</SimpleData>
            <SimpleData name="Superficie">0.80000000000</SimpleData>
            <SimpleData name="Situaci_1">Par?metro</SimpleData>
            <SimpleData name="Plantado">Si</SimpleData>
            <SimpleData name="Parcela_La">-55.92821737000</SimpleData>
            <SimpleData name="Parcela_Lo">-24.56264919000</SimpleData>
            <SimpleData name="Grupo_Impl">G2</SimpleData>
            <SimpleData name="Grupo_de_P">G-P5-XX-XX-XX</SimpleData>
            <SimpleData name="Jornales">0.00000000000</SimpleData>
            <SimpleData name="Monto">0.00000000000</SimpleData>
            <SimpleData name="ETAPA_FAO">Mantenimiento A?o 1.1</SimpleData>
            <SimpleData name="Estado_del">Activo</SimpleData>
            <SimpleData name="Adjudicado">SI</SimpleData>
            <SimpleData name="Empresa">Red Forestal Paraguay SA</SimpleData>
            <SimpleData name="Lote">G</SimpleData>
            <SimpleData name="Monitorear">No</SimpleData>
            <SimpleData name="Fecha_de_M">-</SimpleData>
            <SimpleData name="F__de_pren">-</SimpleData>
            <SimpleData name="Estado_FAO">Monitorear</SimpleData>
            <SimpleData name="Etapa_de_i">Mantenimiento A?o 1.1</SimpleData>
            <SimpleData name="Fecha_visi">2026/08/28</SimpleData>
            <SimpleData name="Cumple_sup">Si</SimpleData>
            <SimpleData name="Estado_mon">-</SimpleData>
            <SimpleData name="Situaci_12">-</SimpleData>
            <SimpleData name="Observaci">-</SimpleData>
            <SimpleData name="Dias_trans">2.16668981482</SimpleData>
            <SimpleData name="Prioridad">ALTA</SimpleData>
            <SimpleData name="OBJECTID_1">142</SimpleData>
          </SchemaData>
        </ExtendedData>
        <Polygon>
          <outerBoundaryIs>
            <LinearRing>
              <coordinates>
                -55.9277850001123,-24.5622282995177,0
                -55.927772499491,-24.5623227995556,0
                -55.9276167999634,-24.5622590997726,0
                -55.927477700679,-24.5627023997724,0
                -55.9286659000106,-24.5631687999159,0
                -55.9288861001258,-24.5625016003105,0
                -55.9283093993672,-24.5622430995474,0
                -55.9282408001588,-24.5624026001122,0
                -55.9277850001123,-24.5622282995177,0
              </coordinates>
            </LinearRing>
          </outerBoundaryIs>
        </Polygon>
      </Placemark>
      <Placemark id="Distrito_YASY_CA__Y.8">
        <ExtendedData>
          <SchemaData schemaUrl="#Distrito_YASY_CA__Y.schema">
            <SimpleData name="Cédula">2994760.00000000000</SimpleData>
            <SimpleData name="cedula">2994760</SimpleData>
            <SimpleData name="Nombres_y_">CLAUDELINA  PARRA RODAS</SimpleData>
            <SimpleData name="Sexo">Mujer</SimpleData>
            <SimpleData name="Cambio_de_">NO</SimpleData>
            <SimpleData name="Titular_se">NO</SimpleData>
            <SimpleData name="Situación">NO</SimpleData>
            <SimpleData name="Comunidad">Campesina</SimpleData>
            <SimpleData name="Modelo_imp">Modelo 5</SimpleData>
            <SimpleData name="Departamen">CANINDEYU</SimpleData>
            <SimpleData name="Distrito">YASY CA?Y</SimpleData>
            <SimpleData name="Localidad">6 DE ENERO</SimpleData>
            <SimpleData name="Teléfono">983773180</SimpleData>
            <SimpleData name="Vivienda_L">-24.48757730000</SimpleData>
            <SimpleData name="Vivienda_1">-55.88602940000</SimpleData>
            <SimpleData name="Superficie">0.70000000000</SimpleData>
            <SimpleData name="Situaci_1">Par?metro</SimpleData>
            <SimpleData name="Plantado">Si</SimpleData>
            <SimpleData name="Parcela_La">-55.89258540000</SimpleData>
            <SimpleData name="Parcela_Lo">-24.48215081000</SimpleData>
            <SimpleData name="Grupo_Impl">G2</SimpleData>
            <SimpleData name="Grupo_de_P">G-P5-XX-XX-XX</SimpleData>
            <SimpleData name="Jornales">0.00000000000</SimpleData>
            <SimpleData name="Monto">0.00000000000</SimpleData>
            <SimpleData name="ETAPA_FAO">Mantenimiento A?o 1.1</SimpleData>
            <SimpleData name="Estado_del">Activo</SimpleData>
            <SimpleData name="Adjudicado">SI</SimpleData>
            <SimpleData name="Empresa">Red Forestal Paraguay SA</SimpleData>
            <SimpleData name="Lote">G</SimpleData>
            <SimpleData name="Monitorear">Si</SimpleData>
            <SimpleData name="Fecha_de_M">-</SimpleData>
            <SimpleData name="F__de_pren">-</SimpleData>
            <SimpleData name="Estado_FAO">Monitorear</SimpleData>
            <SimpleData name="Etapa_de_i">Mantenimiento A?o 1.1</SimpleData>
            <SimpleData name="Fecha_visi">2026/08/28</SimpleData>
            <SimpleData name="Cumple_sup">Si</SimpleData>
            <SimpleData name="Estado_mon">-</SimpleData>
            <SimpleData name="Situaci_12">-</SimpleData>
            <SimpleData name="Observaci">-</SimpleData>
            <SimpleData name="Dias_trans">2.16386574074</SimpleData>
            <SimpleData name="Prioridad">ALTA</SimpleData>
            <SimpleData name="OBJECTID_1">284</SimpleData>
          </SchemaData>
        </ExtendedData>
        <Polygon>
          <outerBoundaryIs>
            <LinearRing>
              <coordinates>
                -55.8918907008484,-24.4824287995505,0
                -55.8922233006474,-24.4827949997672,0
                -55.8932973000963,-24.4818273993741,0
                -55.8929567003671,-24.4815216993448,0
                -55.8918907008484,-24.4824287995505,0
              </coordinates>
            </LinearRing>
          </outerBoundaryIs>
        </Polygon>
      </Placemark>
      <Placemark id="Distrito_YASY_CA__Y.9">
        <ExtendedData>
          <SchemaData schemaUrl="#Distrito_YASY_CA__Y.schema">
            <SimpleData name="Cédula">5102940.00000000000</SimpleData>
            <SimpleData name="cedula">5102940</SimpleData>
            <SimpleData name="Nombres_y_">MERCENIO FERNANDEZ CANO</SimpleData>
            <SimpleData name="Sexo">Hombre</SimpleData>
            <SimpleData name="Cambio_de_">NO</SimpleData>
            <SimpleData name="Titular_se">NO</SimpleData>
            <SimpleData name="Situación">NO</SimpleData>
            <SimpleData name="Comunidad">Campesina</SimpleData>
            <SimpleData name="Modelo_imp">Modelo 5</SimpleData>
            <SimpleData name="Departamen">CANINDEYU</SimpleData>
            <SimpleData name="Distrito">YASY CA?Y</SimpleData>
            <SimpleData name="Localidad">MANDUARA 4TA LINEA</SimpleData>
            <SimpleData name="Teléfono">0984499105</SimpleData>
            <SimpleData name="Vivienda_L">-24.47591810000</SimpleData>
            <SimpleData name="Vivienda_1">-55.92058420000</SimpleData>
            <SimpleData name="Superficie">0.70000000000</SimpleData>
            <SimpleData name="Situaci_1">Par?metro</SimpleData>
            <SimpleData name="Plantado">Si</SimpleData>
            <SimpleData name="Parcela_La">-55.91731897000</SimpleData>
            <SimpleData name="Parcela_Lo">-24.47361596000</SimpleData>
            <SimpleData name="Grupo_Impl">G2</SimpleData>
            <SimpleData name="Grupo_de_P">G-P4-XX-XX-XX</SimpleData>
            <SimpleData name="Jornales">0.00000000000</SimpleData>
            <SimpleData name="Monto">0.00000000000</SimpleData>
            <SimpleData name="ETAPA_FAO">Mantenimiento A?o 1.1</SimpleData>
            <SimpleData name="Estado_del">Activo</SimpleData>
            <SimpleData name="Adjudicado">SI</SimpleData>
            <SimpleData name="Empresa">Red Forestal Paraguay SA</SimpleData>
            <SimpleData name="Lote">G</SimpleData>
            <SimpleData name="Monitorear">Si</SimpleData>
            <SimpleData name="Fecha_de_M">-</SimpleData>
            <SimpleData name="F__de_pren">-</SimpleData>
            <SimpleData name="Estado_FAO">Monitorear</SimpleData>
            <SimpleData name="Etapa_de_i">Mantenimiento A?o 1.1</SimpleData>
            <SimpleData name="Fecha_visi">2026/08/28</SimpleData>
            <SimpleData name="Cumple_sup">Si</SimpleData>
            <SimpleData name="Estado_mon">-</SimpleData>
            <SimpleData name="Situaci_12">-</SimpleData>
            <SimpleData name="Observaci">-</SimpleData>
            <SimpleData name="Dias_trans">2.16378472222</SimpleData>
            <SimpleData name="Prioridad">ALTA</SimpleData>
            <SimpleData name="OBJECTID_1">121</SimpleData>
          </SchemaData>
        </ExtendedData>
        <Polygon>
          <outerBoundaryIs>
            <LinearRing>
              <coordinates>
                -55.916591600578,-24.4733850000679,0
                -55.9177744000931,-24.4742074000036,0
                -55.9180433003379,-24.4738683000576,0
                -55.916902500022,-24.4730262997215,0
                -55.916591600578,-24.4733850000679,0
              </coordinates>
            </LinearRing>
          </outerBoundaryIs>
        </Polygon>
      </Placemark>
      <Placemark id="Distrito_YASY_CA__Y.10">
        <ExtendedData>
          <SchemaData schemaUrl="#Distrito_YASY_CA__Y.schema">
            <SimpleData name="Cédula">6760090.00000000000</SimpleData>
            <SimpleData name="cedula">6760090</SimpleData>
            <SimpleData name="Nombres_y_">YESICA GONZALEZ ALONZO</SimpleData>
            <SimpleData name="Sexo">Mujer</SimpleData>
            <SimpleData name="Cambio_de_">NO</SimpleData>
            <SimpleData name="Titular_se">NO</SimpleData>
            <SimpleData name="Situación">NO</SimpleData>
            <SimpleData name="Comunidad">Ind?gena</SimpleData>
            <SimpleData name="Modelo_imp">Modelo 5</SimpleData>
            <SimpleData name="Departamen">CANINDEYU</SimpleData>
            <SimpleData name="Distrito">YASY CA?Y</SimpleData>
            <SimpleData name="Localidad">COM INDIG  TAKUA MIRI</SimpleData>
            <SimpleData name="Teléfono">ND</SimpleData>
            <SimpleData name="Vivienda_L">-24.40684470000</SimpleData>
            <SimpleData name="Vivienda_1">-56.01017860000</SimpleData>
            <SimpleData name="Superficie">0.70000000000</SimpleData>
            <SimpleData name="Situaci_1">Par?metro</SimpleData>
            <SimpleData name="Plantado">Si</SimpleData>
            <SimpleData name="Parcela_La">-56.00953085000</SimpleData>
            <SimpleData name="Parcela_Lo">-24.40962490000</SimpleData>
            <SimpleData name="Grupo_Impl">G2</SimpleData>
            <SimpleData name="Grupo_de_P">G-P4-XX-XX-XX</SimpleData>
            <SimpleData name="Jornales">0.00000000000</SimpleData>
            <SimpleData name="Monto">0.00000000000</SimpleData>
            <SimpleData name="ETAPA_FAO">Mantenimiento A?o 1.1</SimpleData>
            <SimpleData name="Estado_del">Activo</SimpleData>
            <SimpleData name="Adjudicado">SI</SimpleData>
            <SimpleData name="Empresa">Red Forestal Paraguay SA</SimpleData>
            <SimpleData name="Lote">G</SimpleData>
            <SimpleData name="Monitorear">No</SimpleData>
            <SimpleData name="Fecha_de_M">-</SimpleData>
            <SimpleData name="F__de_pren">-</SimpleData>
            <SimpleData name="Estado_FAO">Monitorear</SimpleData>
            <SimpleData name="Etapa_de_i">Mantenimiento A?o 1.1</SimpleData>
            <SimpleData name="Fecha_visi">2026/08/24</SimpleData>
            <SimpleData name="Cumple_sup">Si</SimpleData>
            <SimpleData name="Estado_mon">-</SimpleData>
            <SimpleData name="Situaci_12">-</SimpleData>
            <SimpleData name="Observaci">-</SimpleData>
            <SimpleData name="Dias_trans">6.25495370370</SimpleData>
            <SimpleData name="Prioridad">ALTA</SimpleData>
            <SimpleData name="OBJECTID_1">144</SimpleData>
          </SchemaData>
        </ExtendedData>
        <Polygon>
          <outerBoundaryIs>
            <LinearRing>
              <coordinates>
                -56.0088167003727,-24.4098450001075,0
                -56.0093077006676,-24.4101529998645,0
                -56.0096122995716,-24.4098502999581,0
                -56.0097896005137,-24.409887499387,0
                -56.0102367001219,-24.4094500001016,0
                -56.0096279996984,-24.4090943007037,0
                -56.0092279995165,-24.4094901000701,0
                -56.0088167003727,-24.4098450001075,0
              </coordinates>
            </LinearRing>
          </outerBoundaryIs>
        </Polygon>
      </Placemark>
      <Placemark id="Distrito_YASY_CA__Y.11">
        <ExtendedData>
          <SchemaData schemaUrl="#Distrito_YASY_CA__Y.schema">
            <SimpleData name="Cédula">7934147.00000000000</SimpleData>
            <SimpleData name="cedula">7934147</SimpleData>
            <SimpleData name="Nombres_y_">SAMUEL GONZALEZ VERA</SimpleData>
            <SimpleData name="Sexo">Hombre</SimpleData>
            <SimpleData name="Cambio_de_">NO</SimpleData>
            <SimpleData name="Titular_se">NO</SimpleData>
            <SimpleData name="Situación">NO</SimpleData>
            <SimpleData name="Comunidad">Ind?gena</SimpleData>
            <SimpleData name="Modelo_imp">Modelo 4</SimpleData>
            <SimpleData name="Departamen">CANINDEYU</SimpleData>
            <SimpleData name="Distrito">YASY CA?Y</SimpleData>
            <SimpleData name="Localidad"><![CDATA[COM INDIG KA'AGUY POTY KAMBA]]></SimpleData>
            <SimpleData name="Teléfono">0984531523</SimpleData>
            <SimpleData name="Vivienda_L">-24.56228620000</SimpleData>
            <SimpleData name="Vivienda_1">-55.92097590000</SimpleData>
            <SimpleData name="Superficie">0.70000000000</SimpleData>
            <SimpleData name="Situaci_1">Pol?gono</SimpleData>
            <SimpleData name="Plantado">Si</SimpleData>
            <SimpleData name="Parcela_La">-55.92317430000</SimpleData>
            <SimpleData name="Parcela_Lo">-24.56037304000</SimpleData>
            <SimpleData name="Grupo_Impl">G2</SimpleData>
            <SimpleData name="Grupo_de_P">G-P5-XX-XX-XX</SimpleData>
            <SimpleData name="Jornales">0.00000000000</SimpleData>
            <SimpleData name="Monto">0.00000000000</SimpleData>
            <SimpleData name="ETAPA_FAO">Mantenimiento A?o 1.1</SimpleData>
            <SimpleData name="Estado_del">Activo</SimpleData>
            <SimpleData name="Adjudicado">SI</SimpleData>
            <SimpleData name="Empresa">Red Forestal Paraguay SA</SimpleData>
            <SimpleData name="Lote">G</SimpleData>
            <SimpleData name="Monitorear">No</SimpleData>
            <SimpleData name="Fecha_de_M">-</SimpleData>
            <SimpleData name="F__de_pren">-</SimpleData>
            <SimpleData name="Estado_FAO">Monitorear</SimpleData>
            <SimpleData name="Etapa_de_i">Mantenimiento A?o 1.1</SimpleData>
            <SimpleData name="Fecha_visi">2026/08/28</SimpleData>
            <SimpleData name="Cumple_sup">Si</SimpleData>
            <SimpleData name="Estado_mon">-</SimpleData>
            <SimpleData name="Situaci_12">-</SimpleData>
            <SimpleData name="Observaci">-</SimpleData>
            <SimpleData name="Dias_trans">2.44916666667</SimpleData>
            <SimpleData name="Prioridad">ALTA</SimpleData>
            <SimpleData name="OBJECTID_1">137</SimpleData>
          </SchemaData>
        </ExtendedData>
        <Polygon>
          <outerBoundaryIs>
            <LinearRing>
              <coordinates>
                -55.9225749741232,-24.5604607325148,0
                -55.9235839069311,-24.5608193988139,0
                -55.9237557894229,-24.5602455686398,0
                -55.9227474632071,-24.5599513419409,0
                -55.9225749741232,-24.5604607325148,0
              </coordinates>
            </LinearRing>
          </outerBoundaryIs>
        </Polygon>
      </Placemark>
      <Placemark id="Distrito_YASY_CA__Y.12">
        <ExtendedData>
          <SchemaData schemaUrl="#Distrito_YASY_CA__Y.schema">
            <SimpleData name="Cédula">5944775.00000000000</SimpleData>
            <SimpleData name="cedula">5944775</SimpleData>
            <SimpleData name="Nombres_y_">ERMELINDA QUI?ONEZ AGUILERA</SimpleData>
            <SimpleData name="Sexo">Mujer</SimpleData>
            <SimpleData name="Cambio_de_">NO</SimpleData>
            <SimpleData name="Titular_se">NO</SimpleData>
            <SimpleData name="Situación">NO</SimpleData>
            <SimpleData name="Comunidad">Campesina</SimpleData>
            <SimpleData name="Modelo_imp">Modelo 5</SimpleData>
            <SimpleData name="Departamen">CANINDEYU</SimpleData>
            <SimpleData name="Distrito">YASY CA?Y</SimpleData>
            <SimpleData name="Localidad">ASENT. 8 DE DICIEMBRE</SimpleData>
            <SimpleData name="Teléfono">0981201215</SimpleData>
            <SimpleData name="Vivienda_L">-24.53040000000</SimpleData>
            <SimpleData name="Vivienda_1">-55.93456010000</SimpleData>
            <SimpleData name="Superficie">0.70000000000</SimpleData>
            <SimpleData name="Situaci_1">Par?metro</SimpleData>
            <SimpleData name="Plantado">Si</SimpleData>
            <SimpleData name="Parcela_La">-55.93456268000</SimpleData>
            <SimpleData name="Parcela_Lo">-24.52941775000</SimpleData>
            <SimpleData name="Grupo_Impl">G2</SimpleData>
            <SimpleData name="Grupo_de_P">G-P4-XX-XX-XX</SimpleData>
            <SimpleData name="Jornales">0.00000000000</SimpleData>
            <SimpleData name="Monto">0.00000000000</SimpleData>
            <SimpleData name="ETAPA_FAO">Mantenimiento A?o 1.1</SimpleData>
            <SimpleData name="Estado_del">Activo</SimpleData>
            <SimpleData name="Adjudicado">SI</SimpleData>
            <SimpleData name="Empresa">Red Forestal Paraguay SA</SimpleData>
            <SimpleData name="Lote">G</SimpleData>
            <SimpleData name="Monitorear">Si</SimpleData>
            <SimpleData name="Fecha_de_M">-</SimpleData>
            <SimpleData name="F__de_pren">-</SimpleData>
            <SimpleData name="Estado_FAO">Monitorear</SimpleData>
            <SimpleData name="Etapa_de_i">Mantenimiento A?o 1.1</SimpleData>
            <SimpleData name="Fecha_visi">2026/08/28</SimpleData>
            <SimpleData name="Cumple_sup">Si</SimpleData>
            <SimpleData name="Estado_mon">-</SimpleData>
            <SimpleData name="Situaci_12">-</SimpleData>
            <SimpleData name="Observaci">-</SimpleData>
            <SimpleData name="Dias_trans">2.27503472222</SimpleData>
            <SimpleData name="Prioridad">ALTA</SimpleData>
            <SimpleData name="OBJECTID_1">129</SimpleData>
          </SchemaData>
        </ExtendedData>
        <Polygon>
          <outerBoundaryIs>
            <LinearRing>
              <coordinates>
                -55.9343866994746,-24.5291999994797,0
                -55.9343844000409,-24.5295766001964,0
                -55.9341317003303,-24.5295717001148,0
                -55.9341583000318,-24.5299650003411,0
                -55.9342380998924,-24.5300082998359,0
                -55.9345382998005,-24.53008330051,0
                -55.9346224999874,-24.5298387001292,0
                -55.9348117000882,-24.5297700001911,0
                -55.9348283004745,-24.529538299353,0
                -55.9348815997587,-24.5295033993721,0
                -55.9349187000739,-24.5288066005398,0
                -55.9343999995914,-24.5287917003801,0
                -55.9343866994746,-24.5291999994797,0
              </coordinates>
            </LinearRing>
          </outerBoundaryIs>
        </Polygon>
      </Placemark>
      <Placemark id="Distrito_YASY_CA__Y.13">
        <ExtendedData>
          <SchemaData schemaUrl="#Distrito_YASY_CA__Y.schema">
            <SimpleData name="Cédula">7442424.00000000000</SimpleData>
            <SimpleData name="cedula">7442424</SimpleData>
            <SimpleData name="Nombres_y_">LUCIANA BENITEZ VERA</SimpleData>
            <SimpleData name="Sexo">Mujer</SimpleData>
            <SimpleData name="Cambio_de_">NO</SimpleData>
            <SimpleData name="Titular_se">NO</SimpleData>
            <SimpleData name="Situación">NO</SimpleData>
            <SimpleData name="Comunidad">Ind?gena</SimpleData>
            <SimpleData name="Modelo_imp">Modelo 4</SimpleData>
            <SimpleData name="Departamen">CANINDEYU</SimpleData>
            <SimpleData name="Distrito">YASY CA?Y</SimpleData>
            <SimpleData name="Localidad"><![CDATA[COM INDIG YVA'Y MIRI]]></SimpleData>
            <SimpleData name="Teléfono">0984181699</SimpleData>
            <SimpleData name="Vivienda_L">-24.55964170000</SimpleData>
            <SimpleData name="Vivienda_1">-55.91576500000</SimpleData>
            <SimpleData name="Superficie">0.70000000000</SimpleData>
            <SimpleData name="Situaci_1">Par?metro</SimpleData>
            <SimpleData name="Plantado">Si</SimpleData>
            <SimpleData name="Parcela_La">-55.91671933000</SimpleData>
            <SimpleData name="Parcela_Lo">-24.55665242000</SimpleData>
            <SimpleData name="Grupo_Impl">G2</SimpleData>
            <SimpleData name="Grupo_de_P">G-P4-XX-XX-XX</SimpleData>
            <SimpleData name="Jornales">0.00000000000</SimpleData>
            <SimpleData name="Monto">0.00000000000</SimpleData>
            <SimpleData name="ETAPA_FAO">Mantenimiento A?o 1.1</SimpleData>
            <SimpleData name="Estado_del">Activo</SimpleData>
            <SimpleData name="Adjudicado">SI</SimpleData>
            <SimpleData name="Empresa">Red Forestal Paraguay SA</SimpleData>
            <SimpleData name="Lote">G</SimpleData>
            <SimpleData name="Monitorear">No</SimpleData>
            <SimpleData name="Fecha_de_M">-</SimpleData>
            <SimpleData name="F__de_pren">-</SimpleData>
            <SimpleData name="Estado_FAO">Monitorear</SimpleData>
            <SimpleData name="Etapa_de_i">Mantenimiento A?o 1.1</SimpleData>
            <SimpleData name="Fecha_visi">2026/08/28</SimpleData>
            <SimpleData name="Cumple_sup">Si</SimpleData>
            <SimpleData name="Estado_mon">-</SimpleData>
            <SimpleData name="Situaci_12">-</SimpleData>
            <SimpleData name="Observaci">-</SimpleData>
            <SimpleData name="Dias_trans">2.41829861111</SimpleData>
            <SimpleData name="Prioridad">ALTA</SimpleData>
            <SimpleData name="OBJECTID_1">143</SimpleData>
          </SchemaData>
        </ExtendedData>
        <Polygon>
          <outerBoundaryIs>
            <LinearRing>
              <coordinates>
                -55.9167317807874,-24.5570575259692,0
                -55.9169195703467,-24.5569744271921,0
                -55.9175917002064,-24.5566770001063,0
                -55.91749499992,-24.5565300005174,0
                -55.9170893998253,-24.5567620999988,0
                -55.9166749993633,-24.5561183005118,0
                -55.9165050003796,-24.5561599998742,0
                -55.9161649992568,-24.556588299543,0
                -55.9165567002167,-24.5571350004236,0
                -55.9167317807874,-24.5570575259692,0
              </coordinates>
            </LinearRing>
          </outerBoundaryIs>
        </Polygon>
      </Placemark>
      <Placemark id="Distrito_YASY_CA__Y.14">
        <ExtendedData>
          <SchemaData schemaUrl="#Distrito_YASY_CA__Y.schema">
            <SimpleData name="Cédula">4149210.00000000000</SimpleData>
            <SimpleData name="cedula">4149210</SimpleData>
            <SimpleData name="Nombres_y_">SIMON OVIEDO</SimpleData>
            <SimpleData name="Sexo">Mujer</SimpleData>
            <SimpleData name="Cambio_de_">SI</SimpleData>
            <SimpleData name="Titular_se">FATIMA GONZALEZ VERA</SimpleData>
            <SimpleData name="Cédula_Ti">6160650</SimpleData>
            <SimpleData name="Situación">Cambio de residencia</SimpleData>
            <SimpleData name="Comunidad">Ind?gena</SimpleData>
            <SimpleData name="Modelo_imp">Modelo 1</SimpleData>
            <SimpleData name="Departamen">CANINDEYU</SimpleData>
            <SimpleData name="Distrito">YASY CA?Y</SimpleData>
            <SimpleData name="Localidad"><![CDATA[COM INDIG KA'AGUY POTY KAMBA]]></SimpleData>
            <SimpleData name="Teléfono">ND</SimpleData>
            <SimpleData name="Vivienda_L">-24.56399830000</SimpleData>
            <SimpleData name="Vivienda_1">-55.92913830000</SimpleData>
            <SimpleData name="Superficie">0.80000000000</SimpleData>
            <SimpleData name="Situaci_1">Par?metro</SimpleData>
            <SimpleData name="Plantado">Si</SimpleData>
            <SimpleData name="Parcela_La">-55.92580584000</SimpleData>
            <SimpleData name="Parcela_Lo">-24.55988002000</SimpleData>
            <SimpleData name="Grupo_Impl">G2</SimpleData>
            <SimpleData name="Grupo_de_P">G-P5-XX-XX-XX</SimpleData>
            <SimpleData name="Jornales">0.00000000000</SimpleData>
            <SimpleData name="Monto">0.00000000000</SimpleData>
            <SimpleData name="ETAPA_FAO">Mantenimiento A?o 1.1</SimpleData>
            <SimpleData name="Estado_del">Activo</SimpleData>
            <SimpleData name="Adjudicado">SI</SimpleData>
            <SimpleData name="Empresa">Red Forestal Paraguay SA</SimpleData>
            <SimpleData name="Lote">G</SimpleData>
            <SimpleData name="Monitorear">No</SimpleData>
            <SimpleData name="Fecha_de_M">-</SimpleData>
            <SimpleData name="F__de_pren">-</SimpleData>
            <SimpleData name="Estado_FAO">Monitorear</SimpleData>
            <SimpleData name="Etapa_de_i">Mantenimiento A?o 1.1</SimpleData>
            <SimpleData name="Fecha_visi">2026/08/28</SimpleData>
            <SimpleData name="Cumple_sup">Si</SimpleData>
            <SimpleData name="Estado_mon">-</SimpleData>
            <SimpleData name="Situaci_12">-</SimpleData>
            <SimpleData name="Observaci">-</SimpleData>
            <SimpleData name="Dias_trans">2.16655092593</SimpleData>
            <SimpleData name="Prioridad">ALTA</SimpleData>
            <SimpleData name="OBJECTID_1">141</SimpleData>
          </SchemaData>
        </ExtendedData>
        <MultiGeometry>
          <Polygon>
            <outerBoundaryIs>
              <LinearRing>
                <coordinates>
                  -55.9262845002421,-24.5617202999381,0
                  -55.9253617002999,-24.5613183002677,0
                  -55.925116699924,-24.5612599998573,0
                  -55.9250100002684,-24.5615849995401,0
                  -55.9262596994727,-24.5618161995221,0
                  -55.9262845002421,-24.5617202999381,0
                </coordinates>
              </LinearRing>
            </outerBoundaryIs>
          </Polygon>
          <Polygon>
            <outerBoundaryIs>
              <LinearRing>
                <coordinates>
                  -55.9262898996299,-24.5598929993662,0
                  -55.9260250004,-24.5598299991728,0
                  -55.9259883006077,-24.5596616993506,0
                  -55.92578000065,-24.5595249998864,0
                  -55.9254149996681,-24.5595099996283,0
                  -55.925456700493,-24.5599282997797,0
                  -55.925535000124,-24.5599832997892,0
                  -55.9255168002778,-24.5601233995252,0
                  -55.9261536005622,-24.5602398996026,0
                  -55.9262898996299,-24.5598929993662,0
                </coordinates>
              </LinearRing>
            </outerBoundaryIs>
          </Polygon>
        </MultiGeometry>
      </Placemark>
      <Placemark id="Distrito_YASY_CA__Y.15">
        <ExtendedData>
          <SchemaData schemaUrl="#Distrito_YASY_CA__Y.schema">
            <SimpleData name="Cédula">4714803.00000000000</SimpleData>
            <SimpleData name="cedula">4714803</SimpleData>
            <SimpleData name="Nombres_y_">GRACIELA RUIZ LOPEZ</SimpleData>
            <SimpleData name="Sexo">Mujer</SimpleData>
            <SimpleData name="Cambio_de_">NO</SimpleData>
            <SimpleData name="Titular_se">NO</SimpleData>
            <SimpleData name="Situación">NO</SimpleData>
            <SimpleData name="Comunidad">Campesina</SimpleData>
            <SimpleData name="Modelo_imp">Modelo 5</SimpleData>
            <SimpleData name="Departamen">CANINDEYU</SimpleData>
            <SimpleData name="Distrito">YASY CA?Y</SimpleData>
            <SimpleData name="Localidad">MANDUARA 4TA LINEA</SimpleData>
            <SimpleData name="Teléfono">0974608475</SimpleData>
            <SimpleData name="Vivienda_L">-24.44492350000</SimpleData>
            <SimpleData name="Vivienda_1">-55.94619870000</SimpleData>
            <SimpleData name="Superficie">0.70000000000</SimpleData>
            <SimpleData name="Situaci_1">Par?metro</SimpleData>
            <SimpleData name="Plantado">Si</SimpleData>
            <SimpleData name="Parcela_La">-55.95317189000</SimpleData>
            <SimpleData name="Parcela_Lo">-24.44955974000</SimpleData>
            <SimpleData name="Grupo_Impl">G2</SimpleData>
            <SimpleData name="Grupo_de_P">G-P5-XX-XX-XX</SimpleData>
            <SimpleData name="Jornales">0.00000000000</SimpleData>
            <SimpleData name="Monto">0.00000000000</SimpleData>
            <SimpleData name="ETAPA_FAO">Mantenimiento A?o 1.1</SimpleData>
            <SimpleData name="Estado_del">Activo</SimpleData>
            <SimpleData name="Adjudicado">SI</SimpleData>
            <SimpleData name="Empresa">Red Forestal Paraguay SA</SimpleData>
            <SimpleData name="Lote">G</SimpleData>
            <SimpleData name="Monitorear">No</SimpleData>
            <SimpleData name="Fecha_de_M">-</SimpleData>
            <SimpleData name="F__de_pren">-</SimpleData>
            <SimpleData name="Estado_FAO">Monitorear</SimpleData>
            <SimpleData name="Etapa_de_i">Mantenimiento A?o 1.1</SimpleData>
            <SimpleData name="Fecha_visi">2026/08/28</SimpleData>
            <SimpleData name="Cumple_sup">Si</SimpleData>
            <SimpleData name="Estado_mon">-</SimpleData>
            <SimpleData name="Situaci_12">-</SimpleData>
            <SimpleData name="Observaci">-</SimpleData>
            <SimpleData name="Dias_trans">2.16377314815</SimpleData>
            <SimpleData name="Prioridad">ALTA</SimpleData>
            <SimpleData name="OBJECTID_1">124</SimpleData>
          </SchemaData>
        </ExtendedData>
        <MultiGeometry>
          <Polygon>
            <outerBoundaryIs>
              <LinearRing>
                <coordinates>
                  -55.9536117002758,-24.4495965002696,0
                  -55.953020000376,-24.4491634994222,0
                  -55.9527349998363,-24.4495414000471,0
                  -55.9533289998071,-24.4499472001334,0
                  -55.9536117002758,-24.4495965002696,0
                </coordinates>
              </LinearRing>
            </outerBoundaryIs>
          </Polygon>
          <Polygon>
            <outerBoundaryIs>
              <LinearRing>
                <coordinates>
                  -55.947019000299,-24.4461444997837,0
                  -55.9464680997975,-24.4458688002273,0
                  -55.9462866998114,-24.4458482999575,0
                  -55.9460987999928,-24.4460367997305,0
                  -55.9467533002763,-24.4465117000179,0
                  -55.947019000299,-24.4461444997837,0
                </coordinates>
              </LinearRing>
            </outerBoundaryIs>
          </Polygon>
        </MultiGeometry>
      </Placemark>
      <Placemark id="Distrito_YASY_CA__Y.16">
        <ExtendedData>
          <SchemaData schemaUrl="#Distrito_YASY_CA__Y.schema">
            <SimpleData name="Cédula">5507494.00000000000</SimpleData>
            <SimpleData name="cedula">5507494</SimpleData>
            <SimpleData name="Nombres_y_">MARCOS FRANCISCO LOPEZ ESCOBAR</SimpleData>
            <SimpleData name="Sexo">Hombre</SimpleData>
            <SimpleData name="Cambio_de_">NO</SimpleData>
            <SimpleData name="Titular_se">NO</SimpleData>
            <SimpleData name="Situación">NO</SimpleData>
            <SimpleData name="Comunidad">Ind?gena</SimpleData>
            <SimpleData name="Modelo_imp">Modelo 5</SimpleData>
            <SimpleData name="Departamen">CANINDEYU</SimpleData>
            <SimpleData name="Distrito">YASY CA?Y</SimpleData>
            <SimpleData name="Localidad"><![CDATA[COM INDIG KA'AGUY POTY KAMBA]]></SimpleData>
            <SimpleData name="Teléfono">0985663360</SimpleData>
            <SimpleData name="Vivienda_L">-24.56294540000</SimpleData>
            <SimpleData name="Vivienda_1">-55.92507520000</SimpleData>
            <SimpleData name="Superficie">0.70000000000</SimpleData>
            <SimpleData name="Situaci_1">Par?metro</SimpleData>
            <SimpleData name="Plantado">Si</SimpleData>
            <SimpleData name="Parcela_La">-55.92553237000</SimpleData>
            <SimpleData name="Parcela_Lo">-24.56195842000</SimpleData>
            <SimpleData name="Grupo_Impl">G2</SimpleData>
            <SimpleData name="Grupo_de_P">G-P5-XX-XX-XX</SimpleData>
            <SimpleData name="Jornales">0.00000000000</SimpleData>
            <SimpleData name="Monto">0.00000000000</SimpleData>
            <SimpleData name="ETAPA_FAO">Mantenimiento A?o 1.1</SimpleData>
            <SimpleData name="Estado_del">Activo</SimpleData>
            <SimpleData name="Adjudicado">SI</SimpleData>
            <SimpleData name="Empresa">Red Forestal Paraguay SA</SimpleData>
            <SimpleData name="Lote">G</SimpleData>
            <SimpleData name="Monitorear">No</SimpleData>
            <SimpleData name="Fecha_de_M">-</SimpleData>
            <SimpleData name="F__de_pren">-</SimpleData>
            <SimpleData name="Estado_FAO">Monitorear</SimpleData>
            <SimpleData name="Etapa_de_i">Mantenimiento A?o 1.1</SimpleData>
            <SimpleData name="Fecha_visi">2026/08/28</SimpleData>
            <SimpleData name="Cumple_sup">Si</SimpleData>
            <SimpleData name="Estado_mon">-</SimpleData>
            <SimpleData name="Situaci_12">-</SimpleData>
            <SimpleData name="Observaci">-</SimpleData>
            <SimpleData name="Dias_trans">2.16658564815</SimpleData>
            <SimpleData name="Prioridad">ALTA</SimpleData>
            <SimpleData name="OBJECTID_1">134</SimpleData>
          </SchemaData>
        </ExtendedData>
        <Polygon>
          <outerBoundaryIs>
            <LinearRing>
              <coordinates>
                -55.9248317000989,-24.5620850001674,0
                -55.9260354003109,-24.5623055998304,0
                -55.9262551001149,-24.5618249002198,0
                -55.9249799992618,-24.5616216997976,0
                -55.9248317000989,-24.5620850001674,0
              </coordinates>
            </LinearRing>
          </outerBoundaryIs>
        </Polygon>
      </Placemark>
      <Placemark id="Distrito_YASY_CA__Y.17">
        <ExtendedData>
          <SchemaData schemaUrl="#Distrito_YASY_CA__Y.schema">
            <SimpleData name="Cédula">7803297.00000000000</SimpleData>
            <SimpleData name="cedula">7803297</SimpleData>
            <SimpleData name="Nombres_y_">NILDA GONZALEZ VERA</SimpleData>
            <SimpleData name="Sexo">Mujer</SimpleData>
            <SimpleData name="Cambio_de_">NO</SimpleData>
            <SimpleData name="Titular_se">NO</SimpleData>
            <SimpleData name="Situación">NO</SimpleData>
            <SimpleData name="Comunidad">Ind?gena</SimpleData>
            <SimpleData name="Modelo_imp">Modelo 1</SimpleData>
            <SimpleData name="Departamen">CANINDEYU</SimpleData>
            <SimpleData name="Distrito">YASY CA?Y</SimpleData>
            <SimpleData name="Localidad"><![CDATA[COM INDIG KA'AGUY POTY KAMBA]]></SimpleData>
            <SimpleData name="Teléfono">ND</SimpleData>
            <SimpleData name="Vivienda_L">-24.56233240000</SimpleData>
            <SimpleData name="Vivienda_1">-55.92389270000</SimpleData>
            <SimpleData name="Superficie">0.80000000000</SimpleData>
            <SimpleData name="Situaci_1">Par?metro</SimpleData>
            <SimpleData name="Plantado">Si</SimpleData>
            <SimpleData name="Parcela_La">-55.92467939000</SimpleData>
            <SimpleData name="Parcela_Lo">-24.56036921000</SimpleData>
            <SimpleData name="Grupo_Impl">G2</SimpleData>
            <SimpleData name="Grupo_de_P">G-P4-XX-XX-XX</SimpleData>
            <SimpleData name="Jornales">0.00000000000</SimpleData>
            <SimpleData name="Monto">0.00000000000</SimpleData>
            <SimpleData name="ETAPA_FAO">Mantenimiento A?o 1.1</SimpleData>
            <SimpleData name="Estado_del">Activo</SimpleData>
            <SimpleData name="Adjudicado">SI</SimpleData>
            <SimpleData name="Empresa">Red Forestal Paraguay SA</SimpleData>
            <SimpleData name="Lote">G</SimpleData>
            <SimpleData name="Monitorear">No</SimpleData>
            <SimpleData name="Fecha_de_M">-</SimpleData>
            <SimpleData name="F__de_pren">-</SimpleData>
            <SimpleData name="Estado_FAO">Monitorear</SimpleData>
            <SimpleData name="Etapa_de_i">Mantenimiento A?o 1.1</SimpleData>
            <SimpleData name="Fecha_visi">2026/08/28</SimpleData>
            <SimpleData name="Cumple_sup">Si</SimpleData>
            <SimpleData name="Estado_mon">-</SimpleData>
            <SimpleData name="Situaci_12">-</SimpleData>
            <SimpleData name="Observaci">-</SimpleData>
            <SimpleData name="Dias_trans">2.29449074074</SimpleData>
            <SimpleData name="Prioridad">ALTA</SimpleData>
            <SimpleData name="OBJECTID_1">133</SimpleData>
          </SchemaData>
        </ExtendedData>
        <Polygon>
          <outerBoundaryIs>
            <LinearRing>
              <coordinates>
                -55.9238150001548,-24.5605399998395,0
                -55.9253816994893,-24.5606650004165,0
                -55.9254015999726,-24.5601414998799,0
                -55.9240564006466,-24.5600997998185,0
                -55.9238150001548,-24.5605399998395,0
              </coordinates>
            </LinearRing>
          </outerBoundaryIs>
        </Polygon>
      </Placemark>
      <Placemark id="Distrito_YASY_CA__Y.18">
        <ExtendedData>
          <SchemaData schemaUrl="#Distrito_YASY_CA__Y.schema">
            <SimpleData name="Cédula">8232048.00000000000</SimpleData>
            <SimpleData name="cedula">8232048</SimpleData>
            <SimpleData name="Nombres_y_">BLANCA ROSA COHENE ROLON</SimpleData>
            <SimpleData name="Sexo">Mujer</SimpleData>
            <SimpleData name="Cambio_de_">NO</SimpleData>
            <SimpleData name="Titular_se">NO</SimpleData>
            <SimpleData name="Situación">NO</SimpleData>
            <SimpleData name="Comunidad">Campesina</SimpleData>
            <SimpleData name="Modelo_imp">Modelo 5</SimpleData>
            <SimpleData name="Departamen">CANINDEYU</SimpleData>
            <SimpleData name="Distrito">YASY CA?Y</SimpleData>
            <SimpleData name="Localidad">SAN BLAS</SimpleData>
            <SimpleData name="Teléfono">0984863251</SimpleData>
            <SimpleData name="Vivienda_L">-24.50657750000</SimpleData>
            <SimpleData name="Vivienda_1">-55.86916490000</SimpleData>
            <SimpleData name="Superficie">0.70000000000</SimpleData>
            <SimpleData name="Situaci_1">Par?metro</SimpleData>
            <SimpleData name="Plantado">Si</SimpleData>
            <SimpleData name="Parcela_La">-55.87213442000</SimpleData>
            <SimpleData name="Parcela_Lo">-24.50648844000</SimpleData>
            <SimpleData name="Grupo_Impl">G2</SimpleData>
            <SimpleData name="Grupo_de_P">G-P4-XX-XX-XX</SimpleData>
            <SimpleData name="Jornales">0.00000000000</SimpleData>
            <SimpleData name="Monto">0.00000000000</SimpleData>
            <SimpleData name="ETAPA_FAO">Mantenimiento A?o 1.1</SimpleData>
            <SimpleData name="Estado_del">Activo</SimpleData>
            <SimpleData name="Adjudicado">SI</SimpleData>
            <SimpleData name="Empresa">Red Forestal Paraguay SA</SimpleData>
            <SimpleData name="Lote">G</SimpleData>
            <SimpleData name="Monitorear">No</SimpleData>
            <SimpleData name="Fecha_de_M">-</SimpleData>
            <SimpleData name="F__de_pren">-</SimpleData>
            <SimpleData name="Estado_FAO">Monitorear</SimpleData>
            <SimpleData name="Etapa_de_i">Mantenimiento A?o 1.1</SimpleData>
            <SimpleData name="Fecha_visi">2026/08/28</SimpleData>
            <SimpleData name="Cumple_sup">Si</SimpleData>
            <SimpleData name="Estado_mon">-</SimpleData>
            <SimpleData name="Situaci_12">-</SimpleData>
            <SimpleData name="Observaci">-</SimpleData>
            <SimpleData name="Dias_trans">2.16394675926</SimpleData>
            <SimpleData name="Prioridad">ALTA</SimpleData>
            <SimpleData name="OBJECTID_1">125</SimpleData>
          </SchemaData>
        </ExtendedData>
        <MultiGeometry>
          <Polygon>
            <outerBoundaryIs>
              <LinearRing>
                <coordinates>
                  -55.872978300377,-24.5068082997872,0
                  -55.8729781715971,-24.5068030412496,0
                  -55.8729756994547,-24.5068027997369,0
                  -55.872978300377,-24.5068082997872,0
                </coordinates>
              </LinearRing>
            </outerBoundaryIs>
          </Polygon>
          <Polygon>
            <outerBoundaryIs>
              <LinearRing>
                <coordinates>
                  -55.8732217001679,-24.5063866996284,0
                  -55.8709657007125,-24.5063003999289,0
                  -55.8708925999567,-24.5065587999337,0
                  -55.872973999428,-24.5066321000401,0
                  -55.8729781715971,-24.5068030412496,0
                  -55.8732032996186,-24.5068250000835,0
                  -55.8732217001679,-24.5063866996284,0
                </coordinates>
              </LinearRing>
            </outerBoundaryIs>
          </Polygon>
        </MultiGeometry>
      </Placemark>
      <Placemark id="Distrito_YASY_CA__Y.19">
        <ExtendedData>
          <SchemaData schemaUrl="#Distrito_YASY_CA__Y.schema">
            <SimpleData name="Cédula">6346145.00000000000</SimpleData>
            <SimpleData name="cedula">6346145</SimpleData>
            <SimpleData name="Nombres_y_">ESTELVINA MENDEZ DE FRANCO</SimpleData>
            <SimpleData name="Sexo">Mujer</SimpleData>
            <SimpleData name="Cambio_de_">NO</SimpleData>
            <SimpleData name="Titular_se">NO</SimpleData>
            <SimpleData name="Situación">NO</SimpleData>
            <SimpleData name="Comunidad">Campesina</SimpleData>
            <SimpleData name="Modelo_imp">Modelo 5</SimpleData>
            <SimpleData name="Departamen">CANINDEYU</SimpleData>
            <SimpleData name="Distrito">YASY CA?Y</SimpleData>
            <SimpleData name="Localidad">SAN BLAS</SimpleData>
            <SimpleData name="Teléfono">0985571078</SimpleData>
            <SimpleData name="Vivienda_L">-24.50882310000</SimpleData>
            <SimpleData name="Vivienda_1">-55.86833260000</SimpleData>
            <SimpleData name="Superficie">0.70000000000</SimpleData>
            <SimpleData name="Situaci_1">Par?metro</SimpleData>
            <SimpleData name="Plantado">Si</SimpleData>
            <SimpleData name="Parcela_La">-55.86691351000</SimpleData>
            <SimpleData name="Parcela_Lo">-24.50905947000</SimpleData>
            <SimpleData name="Grupo_Impl">G2</SimpleData>
            <SimpleData name="Grupo_de_P">G-P4-XX-XX-XX</SimpleData>
            <SimpleData name="Jornales">0.00000000000</SimpleData>
            <SimpleData name="Monto">0.00000000000</SimpleData>
            <SimpleData name="ETAPA_FAO">Mantenimiento A?o 1.1</SimpleData>
            <SimpleData name="Estado_del">Activo</SimpleData>
            <SimpleData name="Adjudicado">SI</SimpleData>
            <SimpleData name="Empresa">Red Forestal Paraguay SA</SimpleData>
            <SimpleData name="Lote">G</SimpleData>
            <SimpleData name="Monitorear">No</SimpleData>
            <SimpleData name="Fecha_de_M">-</SimpleData>
            <SimpleData name="F__de_pren">-</SimpleData>
            <SimpleData name="Estado_FAO">Monitorear</SimpleData>
            <SimpleData name="Etapa_de_i">Mantenimiento A?o 1.1</SimpleData>
            <SimpleData name="Fecha_visi">2026/08/28</SimpleData>
            <SimpleData name="Cumple_sup">Si</SimpleData>
            <SimpleData name="Estado_mon">-</SimpleData>
            <SimpleData name="Situaci_12">-</SimpleData>
            <SimpleData name="Observaci">-</SimpleData>
            <SimpleData name="Dias_trans">2.16392361111</SimpleData>
            <SimpleData name="Prioridad">ALTA</SimpleData>
            <SimpleData name="OBJECTID_1">123</SimpleData>
          </SchemaData>
        </ExtendedData>
        <MultiGeometry>
          <Polygon>
            <outerBoundaryIs>
              <LinearRing>
                <coordinates>
                  -55.8678520000902,-24.5089943003306,0
                  -55.8677594999318,-24.5089506004099,0
                  -55.8677273996281,-24.5088896997952,0
                  -55.8667851997629,-24.5088484002283,0
                  -55.8667980004663,-24.5092554006153,0
                  -55.8678011999975,-24.5092866002069,0
                  -55.8678520000902,-24.5089943003306,0
                </coordinates>
              </LinearRing>
            </outerBoundaryIs>
          </Polygon>
          <Polygon>
            <outerBoundaryIs>
              <LinearRing>
                <coordinates>
                  -55.8664850001295,-24.5088550004233,0
                  -55.8658776001719,-24.5088670004419,0
                  -55.8658450005578,-24.5091882996278,0
                  -55.8664661004036,-24.5092281005775,0
                  -55.8664850001295,-24.5088550004233,0
                </coordinates>
              </LinearRing>
            </outerBoundaryIs>
          </Polygon>
        </MultiGeometry>
      </Placemark>
      <Placemark id="Distrito_YASY_CA__Y.20">
        <ExtendedData>
          <SchemaData schemaUrl="#Distrito_YASY_CA__Y.schema">
            <SimpleData name="Cédula">1376286.00000000000</SimpleData>
            <SimpleData name="cedula">1376286</SimpleData>
            <SimpleData name="Nombres_y_">JULIAN SEGOVIA RIVAS</SimpleData>
            <SimpleData name="Sexo">Hombre</SimpleData>
            <SimpleData name="Cambio_de_">NO</SimpleData>
            <SimpleData name="Titular_se">NO</SimpleData>
            <SimpleData name="Situación">NO</SimpleData>
            <SimpleData name="Comunidad">Campesina</SimpleData>
            <SimpleData name="Modelo_imp">Modelo 5</SimpleData>
            <SimpleData name="Departamen">CANINDEYU</SimpleData>
            <SimpleData name="Distrito">YASY CA?Y</SimpleData>
            <SimpleData name="Localidad">MANDUARA</SimpleData>
            <SimpleData name="Teléfono">0983370614</SimpleData>
            <SimpleData name="Vivienda_L">-24.47998530000</SimpleData>
            <SimpleData name="Vivienda_1">-55.91650420000</SimpleData>
            <SimpleData name="Superficie">0.70000000000</SimpleData>
            <SimpleData name="Situaci_1">Par?metro</SimpleData>
            <SimpleData name="Plantado">Si</SimpleData>
            <SimpleData name="Parcela_La">-55.91325369000</SimpleData>
            <SimpleData name="Parcela_Lo">-24.47703453000</SimpleData>
            <SimpleData name="Grupo_Impl">G2</SimpleData>
            <SimpleData name="Grupo_de_P">G-P4-XX-XX-XX</SimpleData>
            <SimpleData name="Jornales">0.00000000000</SimpleData>
            <SimpleData name="Monto">0.00000000000</SimpleData>
            <SimpleData name="ETAPA_FAO">Mantenimiento A?o 1.1</SimpleData>
            <SimpleData name="Estado_del">Activo</SimpleData>
            <SimpleData name="Adjudicado">SI</SimpleData>
            <SimpleData name="Empresa">Red Forestal Paraguay SA</SimpleData>
            <SimpleData name="Lote">G</SimpleData>
            <SimpleData name="Monitorear">No</SimpleData>
            <SimpleData name="Fecha_de_M">-</SimpleData>
            <SimpleData name="F__de_pren">-</SimpleData>
            <SimpleData name="Estado_FAO">Monitorear</SimpleData>
            <SimpleData name="Etapa_de_i">Mantenimiento A?o 1.1</SimpleData>
            <SimpleData name="Fecha_visi">2026/08/28</SimpleData>
            <SimpleData name="Cumple_sup">Si</SimpleData>
            <SimpleData name="Estado_mon">-</SimpleData>
            <SimpleData name="Situaci_12">-</SimpleData>
            <SimpleData name="Observaci">-</SimpleData>
            <SimpleData name="Dias_trans">2.16383101852</SimpleData>
            <SimpleData name="Prioridad">ALTA</SimpleData>
            <SimpleData name="OBJECTID_1">120</SimpleData>
          </SchemaData>
        </ExtendedData>
        <Polygon>
          <outerBoundaryIs>
            <LinearRing>
              <coordinates>
                -55.9126387005747,-24.4769057997498,0
                -55.9133871995058,-24.4776346004459,0
                -55.913824999699,-24.4771067004703,0
                -55.9131950006968,-24.4764716996243,0
                -55.9126387005747,-24.4769057997498,0
              </coordinates>
            </LinearRing>
          </outerBoundaryIs>
        </Polygon>
      </Placemark>
      <Placemark id="Distrito_YASY_CA__Y.21">
        <ExtendedData>
          <SchemaData schemaUrl="#Distrito_YASY_CA__Y.schema">
            <SimpleData name="Cédula">6586056.00000000000</SimpleData>
            <SimpleData name="cedula">6586056</SimpleData>
            <SimpleData name="Nombres_y_">SARA CONCEPCION ROLON RUIZ DIAZ</SimpleData>
            <SimpleData name="Sexo">Mujer</SimpleData>
            <SimpleData name="Cambio_de_">NO</SimpleData>
            <SimpleData name="Titular_se">NO</SimpleData>
            <SimpleData name="Situación">NO</SimpleData>
            <SimpleData name="Comunidad">Campesina</SimpleData>
            <SimpleData name="Modelo_imp">Modelo 5</SimpleData>
            <SimpleData name="Departamen">CANINDEYU</SimpleData>
            <SimpleData name="Distrito">YASY CA?Y</SimpleData>
            <SimpleData name="Localidad">ASENT. 8 DE DICIEMBRE</SimpleData>
            <SimpleData name="Teléfono">0972885669</SimpleData>
            <SimpleData name="Vivienda_L">-24.52978340000</SimpleData>
            <SimpleData name="Vivienda_1">-55.94151870000</SimpleData>
            <SimpleData name="Superficie">0.70000000000</SimpleData>
            <SimpleData name="Situaci_1">Par?metro</SimpleData>
            <SimpleData name="Plantado">Si</SimpleData>
            <SimpleData name="Parcela_La">-55.94247024000</SimpleData>
            <SimpleData name="Parcela_Lo">-24.53169890000</SimpleData>
            <SimpleData name="Grupo_Impl">G2</SimpleData>
            <SimpleData name="Grupo_de_P">G-P4-XX-XX-XX</SimpleData>
            <SimpleData name="Jornales">0.00000000000</SimpleData>
            <SimpleData name="Monto">0.00000000000</SimpleData>
            <SimpleData name="ETAPA_FAO">Mantenimiento A?o 1.1</SimpleData>
            <SimpleData name="Estado_del">Activo</SimpleData>
            <SimpleData name="Adjudicado">SI</SimpleData>
            <SimpleData name="Empresa">Red Forestal Paraguay SA</SimpleData>
            <SimpleData name="Lote">G</SimpleData>
            <SimpleData name="Monitorear">Si</SimpleData>
            <SimpleData name="Fecha_de_M">-</SimpleData>
            <SimpleData name="F__de_pren">-</SimpleData>
            <SimpleData name="Estado_FAO">Monitorear</SimpleData>
            <SimpleData name="Etapa_de_i">Mantenimiento A?o 1.1</SimpleData>
            <SimpleData name="Fecha_visi">2026/08/28</SimpleData>
            <SimpleData name="Cumple_sup">Si</SimpleData>
            <SimpleData name="Estado_mon">-</SimpleData>
            <SimpleData name="Situaci_12">-</SimpleData>
            <SimpleData name="Observaci">-</SimpleData>
            <SimpleData name="Dias_trans">2.28260416666</SimpleData>
            <SimpleData name="Prioridad">ALTA</SimpleData>
            <SimpleData name="OBJECTID_1">130</SimpleData>
          </SchemaData>
        </ExtendedData>
        <Polygon>
          <outerBoundaryIs>
            <LinearRing>
              <coordinates>
                -55.9419772991215,-24.5305291997969,0
                -55.9427015007173,-24.5328987998506,0
                -55.942958300035,-24.5328083003408,0
                -55.9422217007039,-24.5304832998628,0
                -55.9419772991215,-24.5305291997969,0
              </coordinates>
            </LinearRing>
          </outerBoundaryIs>
        </Polygon>
      </Placemark>
      <Placemark id="Distrito_YASY_CA__Y.22">
        <ExtendedData>
          <SchemaData schemaUrl="#Distrito_YASY_CA__Y.schema">
            <SimpleData name="Cédula">6691756.00000000000</SimpleData>
            <SimpleData name="cedula">6691756</SimpleData>
            <SimpleData name="Nombres_y_">ANGELICA GONZALEZ VERA</SimpleData>
            <SimpleData name="Sexo">Mujer</SimpleData>
            <SimpleData name="Cambio_de_">NO</SimpleData>
            <SimpleData name="Titular_se">NO</SimpleData>
            <SimpleData name="Situación">NO</SimpleData>
            <SimpleData name="Comunidad">Ind?gena</SimpleData>
            <SimpleData name="Modelo_imp">Modelo 1</SimpleData>
            <SimpleData name="Departamen">CANINDEYU</SimpleData>
            <SimpleData name="Distrito">YASY CA?Y</SimpleData>
            <SimpleData name="Localidad"><![CDATA[COM INDIG KA'AGUY POTY KAMBA]]></SimpleData>
            <SimpleData name="Teléfono">0985336660</SimpleData>
            <SimpleData name="Vivienda_L">-24.56283820000</SimpleData>
            <SimpleData name="Vivienda_1">-55.92502610000</SimpleData>
            <SimpleData name="Superficie">0.80000000000</SimpleData>
            <SimpleData name="Situaci_1">Par?metro</SimpleData>
            <SimpleData name="Plantado">Si</SimpleData>
            <SimpleData name="Parcela_La">-55.92458169000</SimpleData>
            <SimpleData name="Parcela_Lo">-24.55981878000</SimpleData>
            <SimpleData name="Grupo_Impl">G2</SimpleData>
            <SimpleData name="Grupo_de_P">G-P4-XX-XX-XX</SimpleData>
            <SimpleData name="Jornales">0.00000000000</SimpleData>
            <SimpleData name="Monto">0.00000000000</SimpleData>
            <SimpleData name="ETAPA_FAO">Mantenimiento A?o 1.1</SimpleData>
            <SimpleData name="Estado_del">Activo</SimpleData>
            <SimpleData name="Adjudicado">SI</SimpleData>
            <SimpleData name="Empresa">Red Forestal Paraguay SA</SimpleData>
            <SimpleData name="Lote">G</SimpleData>
            <SimpleData name="Monitorear">No</SimpleData>
            <SimpleData name="Fecha_de_M">-</SimpleData>
            <SimpleData name="F__de_pren">-</SimpleData>
            <SimpleData name="Estado_FAO">Monitorear</SimpleData>
            <SimpleData name="Etapa_de_i">Mantenimiento A?o 1.1</SimpleData>
            <SimpleData name="Fecha_visi">2026/08/28</SimpleData>
            <SimpleData name="Cumple_sup">Si</SimpleData>
            <SimpleData name="Estado_mon">-</SimpleData>
            <SimpleData name="Situaci_12">-</SimpleData>
            <SimpleData name="Observaci">-</SimpleData>
            <SimpleData name="Dias_trans">2.28754629630</SimpleData>
            <SimpleData name="Prioridad">ALTA</SimpleData>
            <SimpleData name="OBJECTID_1">132</SimpleData>
          </SchemaData>
        </ExtendedData>
        <Polygon>
          <outerBoundaryIs>
            <LinearRing>
              <coordinates>
                -55.9240550002264,-24.560076699547,0
                -55.9253716999582,-24.5601217002537,0
                -55.9253916997991,-24.5599682995964,0
                -55.9252916998755,-24.5599149996437,0
                -55.9253167005585,-24.559693299383,0
                -55.9240017001737,-24.5594067001523,0
                -55.9238466998159,-24.5599917001919,0
                -55.9240063995513,-24.5599964997051,0
                -55.9240550002264,-24.560076699547,0
              </coordinates>
            </LinearRing>
          </outerBoundaryIs>
        </Polygon>
      </Placemark>
      <Placemark id="Distrito_YASY_CA__Y.23">
        <ExtendedData>
          <SchemaData schemaUrl="#Distrito_YASY_CA__Y.schema">
            <SimpleData name="Cédula">1461015.00000000000</SimpleData>
            <SimpleData name="cedula">1461015</SimpleData>
            <SimpleData name="Nombres_y_">EUSTACIO GONZALEZ VERA</SimpleData>
            <SimpleData name="Sexo">Hombre</SimpleData>
            <SimpleData name="Cambio_de_">NO</SimpleData>
            <SimpleData name="Titular_se">NO</SimpleData>
            <SimpleData name="Situación">NO</SimpleData>
            <SimpleData name="Comunidad">Ind?gena</SimpleData>
            <SimpleData name="Modelo_imp">Modelo 5</SimpleData>
            <SimpleData name="Departamen">CANINDEYU</SimpleData>
            <SimpleData name="Distrito">YASY CA?Y</SimpleData>
            <SimpleData name="Localidad">COM INDIG  TAKUA MIRI</SimpleData>
            <SimpleData name="Teléfono">ND</SimpleData>
            <SimpleData name="Vivienda_L">-24.40679950000</SimpleData>
            <SimpleData name="Vivienda_1">-56.01012920000</SimpleData>
            <SimpleData name="Superficie">0.70000000000</SimpleData>
            <SimpleData name="Situaci_1">Par?metro</SimpleData>
            <SimpleData name="Plantado">Si</SimpleData>
            <SimpleData name="Parcela_La">-56.00895595000</SimpleData>
            <SimpleData name="Parcela_Lo">-24.40927979000</SimpleData>
            <SimpleData name="Grupo_Impl">G2</SimpleData>
            <SimpleData name="Grupo_de_P">G-P4-XX-XX-XX</SimpleData>
            <SimpleData name="Jornales">0.00000000000</SimpleData>
            <SimpleData name="Monto">0.00000000000</SimpleData>
            <SimpleData name="ETAPA_FAO">Mantenimiento A?o 1.1</SimpleData>
            <SimpleData name="Estado_del">Activo</SimpleData>
            <SimpleData name="Adjudicado">SI</SimpleData>
            <SimpleData name="Empresa">Red Forestal Paraguay SA</SimpleData>
            <SimpleData name="Lote">G</SimpleData>
            <SimpleData name="Monitorear">No</SimpleData>
            <SimpleData name="Fecha_de_M">-</SimpleData>
            <SimpleData name="F__de_pren">-</SimpleData>
            <SimpleData name="Estado_FAO">Monitorear</SimpleData>
            <SimpleData name="Etapa_de_i">Mantenimiento A?o 1.1</SimpleData>
            <SimpleData name="Fecha_visi">2026/08/24</SimpleData>
            <SimpleData name="Cumple_sup">Si</SimpleData>
            <SimpleData name="Estado_mon">-</SimpleData>
            <SimpleData name="Situaci_12">-</SimpleData>
            <SimpleData name="Observaci">-</SimpleData>
            <SimpleData name="Dias_trans">6.25498842593</SimpleData>
            <SimpleData name="Prioridad">ALTA</SimpleData>
            <SimpleData name="OBJECTID_1">145</SimpleData>
          </SchemaData>
        </ExtendedData>
        <Polygon>
          <outerBoundaryIs>
            <LinearRing>
              <coordinates>
                -56.0083633000359,-24.4094218996531,0
                -56.0087566003978,-24.4098617003103,0
                -56.0096009996522,-24.4090668994987,0
                -56.0090766999478,-24.4087482999552,0
                -56.0083633000359,-24.4094218996531,0
              </coordinates>
            </LinearRing>
          </outerBoundaryIs>
        </Polygon>
      </Placemark>
      <Placemark id="Distrito_YASY_CA__Y.24">
        <ExtendedData>
          <SchemaData schemaUrl="#Distrito_YASY_CA__Y.schema">
            <SimpleData name="Cédula">7235202.00000000000</SimpleData>
            <SimpleData name="cedula">7235202</SimpleData>
            <SimpleData name="Nombres_y_">LIBRADA SILGUERO RUIZ DIAZ</SimpleData>
            <SimpleData name="Sexo">Mujer</SimpleData>
            <SimpleData name="Cambio_de_">NO</SimpleData>
            <SimpleData name="Titular_se">NO</SimpleData>
            <SimpleData name="Situación">NO</SimpleData>
            <SimpleData name="Comunidad">Campesina</SimpleData>
            <SimpleData name="Modelo_imp">Modelo 1</SimpleData>
            <SimpleData name="Departamen">CANINDEYU</SimpleData>
            <SimpleData name="Distrito">YASY CA?Y</SimpleData>
            <SimpleData name="Localidad">ASENT. 8 DE DICIEMBRE</SimpleData>
            <SimpleData name="Teléfono">0986527654</SimpleData>
            <SimpleData name="Vivienda_L">-24.53008950000</SimpleData>
            <SimpleData name="Vivienda_1">-55.93631100000</SimpleData>
            <SimpleData name="Superficie">0.80000000000</SimpleData>
            <SimpleData name="Situaci_1">Par?metro</SimpleData>
            <SimpleData name="Plantado">Si</SimpleData>
            <SimpleData name="Parcela_La">-55.93648106000</SimpleData>
            <SimpleData name="Parcela_Lo">-24.52650963000</SimpleData>
            <SimpleData name="Grupo_Impl">G2</SimpleData>
            <SimpleData name="Grupo_de_P">G-P4-XX-XX-XX</SimpleData>
            <SimpleData name="Jornales">0.00000000000</SimpleData>
            <SimpleData name="Monto">0.00000000000</SimpleData>
            <SimpleData name="ETAPA_FAO">Mantenimiento A?o 1.1</SimpleData>
            <SimpleData name="Estado_del">Activo</SimpleData>
            <SimpleData name="Adjudicado">SI</SimpleData>
            <SimpleData name="Empresa">Red Forestal Paraguay SA</SimpleData>
            <SimpleData name="Lote">G</SimpleData>
            <SimpleData name="Monitorear">No</SimpleData>
            <SimpleData name="Fecha_de_M">-</SimpleData>
            <SimpleData name="F__de_pren">-</SimpleData>
            <SimpleData name="Estado_FAO">Monitorear</SimpleData>
            <SimpleData name="Etapa_de_i">Mantenimiento A?o 1.1</SimpleData>
            <SimpleData name="Fecha_visi">2026/08/28</SimpleData>
            <SimpleData name="Cumple_sup">Si</SimpleData>
            <SimpleData name="Estado_mon">-</SimpleData>
            <SimpleData name="Situaci_12">-</SimpleData>
            <SimpleData name="Observaci">-</SimpleData>
            <SimpleData name="Dias_trans">2.16664351852</SimpleData>
            <SimpleData name="Prioridad">ALTA</SimpleData>
            <SimpleData name="OBJECTID_1">127</SimpleData>
          </SchemaData>
        </ExtendedData>
        <Polygon>
          <outerBoundaryIs>
            <LinearRing>
              <coordinates>
                -55.9357745997598,-24.5267376999107,0
                -55.9372033000199,-24.5268967000678,0
                -55.9372679995186,-24.5264161994703,0
                -55.9369921005558,-24.5263561994189,0
                -55.9366619995437,-24.5263129000791,0
                -55.936673299443,-24.5261768997692,0
                -55.9358668998692,-24.5260651993548,0
                -55.9357745997598,-24.5267376999107,0
              </coordinates>
            </LinearRing>
          </outerBoundaryIs>
        </Polygon>
      </Placemark>
      <Placemark id="Distrito_YASY_CA__Y.25">
        <ExtendedData>
          <SchemaData schemaUrl="#Distrito_YASY_CA__Y.schema">
            <SimpleData name="Cédula">8060124.00000000000</SimpleData>
            <SimpleData name="cedula">8060124</SimpleData>
            <SimpleData name="Nombres_y_">JUANA ENCISO OVIEDO</SimpleData>
            <SimpleData name="Sexo">Mujer</SimpleData>
            <SimpleData name="Cambio_de_">SI</SimpleData>
            <SimpleData name="Titular_se">LEANDRA NU?EZ GONZALEZ</SimpleData>
            <SimpleData name="Cédula_Ti">7155306</SimpleData>
            <SimpleData name="Situación">La participante no puede cuidar m?s de su parcela por motivo de su avanzada edad.</SimpleData>
            <SimpleData name="Comunidad">Ind?gena</SimpleData>
            <SimpleData name="Modelo_imp">Modelo 5</SimpleData>
            <SimpleData name="Departamen">CANINDEYU</SimpleData>
            <SimpleData name="Distrito">YASY CA?Y</SimpleData>
            <SimpleData name="Localidad"><![CDATA[COM INDIG KA'AGUY POTY KAMBA]]></SimpleData>
            <SimpleData name="Teléfono">0985659447</SimpleData>
            <SimpleData name="Vivienda_L">-24.56375030000</SimpleData>
            <SimpleData name="Vivienda_1">-55.92843850000</SimpleData>
            <SimpleData name="Superficie">0.70000000000</SimpleData>
            <SimpleData name="Situaci_1">Par?metro</SimpleData>
            <SimpleData name="Plantado">Si</SimpleData>
            <SimpleData name="Parcela_La">-55.92533296000</SimpleData>
            <SimpleData name="Parcela_Lo">-24.56245992000</SimpleData>
            <SimpleData name="Grupo_Impl">G2</SimpleData>
            <SimpleData name="Grupo_de_P">G-P5-XX-XX-XX</SimpleData>
            <SimpleData name="Jornales">0.00000000000</SimpleData>
            <SimpleData name="Monto">0.00000000000</SimpleData>
            <SimpleData name="ETAPA_FAO">Mantenimiento A?o 1.1</SimpleData>
            <SimpleData name="Estado_del">Activo</SimpleData>
            <SimpleData name="Adjudicado">SI</SimpleData>
            <SimpleData name="Empresa">Red Forestal Paraguay SA</SimpleData>
            <SimpleData name="Lote">G</SimpleData>
            <SimpleData name="Monitorear">No</SimpleData>
            <SimpleData name="Fecha_de_M">-</SimpleData>
            <SimpleData name="F__de_pren">-</SimpleData>
            <SimpleData name="Estado_FAO">Monitorear</SimpleData>
            <SimpleData name="Etapa_de_i">Mantenimiento A?o 1.1</SimpleData>
            <SimpleData name="Fecha_visi">2026/08/28</SimpleData>
            <SimpleData name="Cumple_sup">Si</SimpleData>
            <SimpleData name="Estado_mon">-</SimpleData>
            <SimpleData name="Situaci_12">-</SimpleData>
            <SimpleData name="Observaci">-</SimpleData>
            <SimpleData name="Dias_trans">2.16662037037</SimpleData>
            <SimpleData name="Prioridad">ALTA</SimpleData>
            <SimpleData name="OBJECTID_1">135</SimpleData>
          </SchemaData>
        </ExtendedData>
        <Polygon>
          <outerBoundaryIs>
            <LinearRing>
              <coordinates>
                -55.9246981995785,-24.5624016997805,0
                -55.9246250002406,-24.562606700594,0
                -55.9258570214758,-24.5628148231694,0
                -55.9260547777411,-24.5623246425358,0
                -55.9248046877599,-24.5620985510638,0
                -55.9246981995785,-24.5624016997805,0
              </coordinates>
            </LinearRing>
          </outerBoundaryIs>
        </Polygon>
      </Placemark>
      <Placemark id="Distrito_YASY_CA__Y.26">
        <ExtendedData>
          <SchemaData schemaUrl="#Distrito_YASY_CA__Y.schema">
            <SimpleData name="Cédula">4600609.00000000000</SimpleData>
            <SimpleData name="cedula">4600609</SimpleData>
            <SimpleData name="Nombres_y_">ADA MARIZA CHAPARRO CAÃ‘ETE</SimpleData>
            <SimpleData name="Sexo">Mujer</SimpleData>
            <SimpleData name="Cambio_de_">NO</SimpleData>
            <SimpleData name="Titular_se">NO</SimpleData>
            <SimpleData name="Situación">NO</SimpleData>
            <SimpleData name="Comunidad">Campesina</SimpleData>
            <SimpleData name="Modelo_imp">Modelo 5</SimpleData>
            <SimpleData name="Departamen">CANINDEYU</SimpleData>
            <SimpleData name="Distrito">YASY CA?Y</SimpleData>
            <SimpleData name="Localidad">SAN BLAS</SimpleData>
            <SimpleData name="Teléfono">0986688304</SimpleData>
            <SimpleData name="Vivienda_L">-24.49530530000</SimpleData>
            <SimpleData name="Vivienda_1">-55.86990190000</SimpleData>
            <SimpleData name="Superficie">0.70000000000</SimpleData>
            <SimpleData name="Situaci_1">Par?metro</SimpleData>
            <SimpleData name="Plantado">Si</SimpleData>
            <SimpleData name="Parcela_La">-55.87335910000</SimpleData>
            <SimpleData name="Parcela_Lo">-24.49552514000</SimpleData>
            <SimpleData name="Grupo_Impl">G2</SimpleData>
            <SimpleData name="Grupo_de_P">G-P4-XX-XX-XX</SimpleData>
            <SimpleData name="Jornales">0.00000000000</SimpleData>
            <SimpleData name="Monto">0.00000000000</SimpleData>
            <SimpleData name="ETAPA_FAO">Mantenimiento A?o 1.1</SimpleData>
            <SimpleData name="Estado_del">Activo</SimpleData>
            <SimpleData name="Adjudicado">SI</SimpleData>
            <SimpleData name="Empresa">Red Forestal Paraguay SA</SimpleData>
            <SimpleData name="Lote">G</SimpleData>
            <SimpleData name="Monitorear">Si</SimpleData>
            <SimpleData name="Fecha_de_M">-</SimpleData>
            <SimpleData name="F__de_pren">-</SimpleData>
            <SimpleData name="Estado_FAO">Monitorear</SimpleData>
            <SimpleData name="Etapa_de_i">Mantenimiento A?o 1.1</SimpleData>
            <SimpleData name="Fecha_visi">2026/08/28</SimpleData>
            <SimpleData name="Cumple_sup">Si</SimpleData>
            <SimpleData name="Estado_mon">-</SimpleData>
            <SimpleData name="Situaci_12">-</SimpleData>
            <SimpleData name="Observaci">-</SimpleData>
            <SimpleData name="Dias_trans">2.16388888889</SimpleData>
            <SimpleData name="Prioridad">ALTA</SimpleData>
            <SimpleData name="OBJECTID_1">122</SimpleData>
          </SchemaData>
        </ExtendedData>
        <Polygon>
          <outerBoundaryIs>
            <LinearRing>
              <coordinates>
                -55.872559999876,-24.4957282997004,0
                -55.8741206999803,-24.495774300082,0
                -55.8741182000941,-24.4953215999388,0
                -55.8726507003443,-24.4952674998154,0
                -55.872559999876,-24.4957282997004,0
              </coordinates>
            </LinearRing>
          </outerBoundaryIs>
        </Polygon>
      </Placemark>
      <Placemark id="Distrito_YASY_CA__Y.27">
        <ExtendedData>
          <SchemaData schemaUrl="#Distrito_YASY_CA__Y.schema">
            <SimpleData name="Cédula">5507497.00000000000</SimpleData>
            <SimpleData name="cedula">5507497</SimpleData>
            <SimpleData name="Nombres_y_">ISABEL LOPEZ ESCOBAR</SimpleData>
            <SimpleData name="Sexo">Mujer</SimpleData>
            <SimpleData name="Cambio_de_">NO</SimpleData>
            <SimpleData name="Titular_se">NO</SimpleData>
            <SimpleData name="Situación">NO</SimpleData>
            <SimpleData name="Comunidad">Ind?gena</SimpleData>
            <SimpleData name="Modelo_imp">Modelo 5</SimpleData>
            <SimpleData name="Departamen">CANINDEYU</SimpleData>
            <SimpleData name="Distrito">YASY CA?Y</SimpleData>
            <SimpleData name="Localidad"><![CDATA[COM INDIG KA'AGUY POTY KAMBA]]></SimpleData>
            <SimpleData name="Teléfono">0984727435</SimpleData>
            <SimpleData name="Vivienda_L">-24.56271000000</SimpleData>
            <SimpleData name="Vivienda_1">-55.92393830000</SimpleData>
            <SimpleData name="Superficie">0.70000000000</SimpleData>
            <SimpleData name="Situaci_1">Par?metro</SimpleData>
            <SimpleData name="Plantado">Si</SimpleData>
            <SimpleData name="Parcela_La">-55.92457124000</SimpleData>
            <SimpleData name="Parcela_Lo">-24.56203937000</SimpleData>
            <SimpleData name="Grupo_Impl">G2</SimpleData>
            <SimpleData name="Grupo_de_P">G-P5-XX-XX-XX</SimpleData>
            <SimpleData name="Jornales">0.00000000000</SimpleData>
            <SimpleData name="Monto">0.00000000000</SimpleData>
            <SimpleData name="ETAPA_FAO">Mantenimiento A?o 1.1</SimpleData>
            <SimpleData name="Estado_del">Activo</SimpleData>
            <SimpleData name="Adjudicado">SI</SimpleData>
            <SimpleData name="Empresa">Red Forestal Paraguay SA</SimpleData>
            <SimpleData name="Lote">G</SimpleData>
            <SimpleData name="Monitorear">No</SimpleData>
            <SimpleData name="Fecha_de_M">-</SimpleData>
            <SimpleData name="F__de_pren">-</SimpleData>
            <SimpleData name="Estado_FAO">Monitorear</SimpleData>
            <SimpleData name="Etapa_de_i">Mantenimiento A?o 1.1</SimpleData>
            <SimpleData name="Fecha_visi">2026/08/28</SimpleData>
            <SimpleData name="Cumple_sup">Si</SimpleData>
            <SimpleData name="Estado_mon">-</SimpleData>
            <SimpleData name="Situaci_12">-</SimpleData>
            <SimpleData name="Observaci">-</SimpleData>
            <SimpleData name="Dias_trans">2.16657407407</SimpleData>
            <SimpleData name="Prioridad">ALTA</SimpleData>
            <SimpleData name="OBJECTID_1">136</SimpleData>
          </SchemaData>
        </ExtendedData>
        <MultiGeometry>
          <Polygon>
            <outerBoundaryIs>
              <LinearRing>
                <coordinates>
                  -55.9244246003629,-24.5628663007979,0
                  -55.9241896992625,-24.5627914998098,0
                  -55.9240248993892,-24.5631517003888,0
                  -55.9243365998699,-24.5631817001725,0
                  -55.9244246003629,-24.5628663007979,0
                </coordinates>
              </LinearRing>
            </outerBoundaryIs>
          </Polygon>
          <Polygon>
            <outerBoundaryIs>
              <LinearRing>
                <coordinates>
                  -55.9245000004017,-24.5613617009023,0
                  -55.9242300000614,-24.5623482998009,0
                  -55.9246969458077,-24.5624015571813,0
                  -55.9246981995785,-24.5624016997805,0
                  -55.9248046877599,-24.5620985510638,0
                  -55.9251165998248,-24.5612106000968,0
                  -55.9250235999949,-24.5612155004561,0
                  -55.9249349999778,-24.5614449999367,0
                  -55.9245000004017,-24.5613617009023,0
                </coordinates>
              </LinearRing>
            </outerBoundaryIs>
          </Polygon>
        </MultiGeometry>
      </Placemark>
      <Placemark id="Distrito_YASY_CA__Y.28">
        <ExtendedData>
          <SchemaData schemaUrl="#Distrito_YASY_CA__Y.schema">
            <SimpleData name="Cédula">5045432.00000000000</SimpleData>
            <SimpleData name="cedula">5045432</SimpleData>
            <SimpleData name="Nombres_y_">SEBASTIAN VERA BENITEZ</SimpleData>
            <SimpleData name="Sexo">Hombre</SimpleData>
            <SimpleData name="Cambio_de_">NO</SimpleData>
            <SimpleData name="Titular_se">NO</SimpleData>
            <SimpleData name="Situación">NO</SimpleData>
            <SimpleData name="Comunidad">Ind?gena</SimpleData>
            <SimpleData name="Modelo_imp">Modelo 2</SimpleData>
            <SimpleData name="Departamen">CANINDEYU</SimpleData>
            <SimpleData name="Distrito">YASY CA?Y</SimpleData>
            <SimpleData name="Localidad"><![CDATA[COM INDIG YVA'Y MIRI]]></SimpleData>
            <SimpleData name="Teléfono">ND</SimpleData>
            <SimpleData name="Vivienda_L">-24.55788340000</SimpleData>
            <SimpleData name="Vivienda_1">-55.91501970000</SimpleData>
            <SimpleData name="Superficie">0.80000000000</SimpleData>
            <SimpleData name="Situaci_1">Par?metro</SimpleData>
            <SimpleData name="Plantado">Si</SimpleData>
            <SimpleData name="Parcela_La">-55.91668134000</SimpleData>
            <SimpleData name="Parcela_Lo">-24.55745574000</SimpleData>
            <SimpleData name="Grupo_Impl">G2</SimpleData>
            <SimpleData name="Grupo_de_P">G-P4-XX-XX-XX</SimpleData>
            <SimpleData name="Jornales">0.00000000000</SimpleData>
            <SimpleData name="Monto">0.00000000000</SimpleData>
            <SimpleData name="ETAPA_FAO">Mantenimiento A?o 1.1</SimpleData>
            <SimpleData name="Estado_del">Activo</SimpleData>
            <SimpleData name="Adjudicado">SI</SimpleData>
            <SimpleData name="Empresa">Red Forestal Paraguay SA</SimpleData>
            <SimpleData name="Lote">G</SimpleData>
            <SimpleData name="Monitorear">No</SimpleData>
            <SimpleData name="Fecha_de_M">-</SimpleData>
            <SimpleData name="F__de_pren">-</SimpleData>
            <SimpleData name="Estado_FAO">Monitorear</SimpleData>
            <SimpleData name="Etapa_de_i">Mantenimiento A?o 1.1</SimpleData>
            <SimpleData name="Fecha_visi">2026/08/28</SimpleData>
            <SimpleData name="Cumple_sup">Si</SimpleData>
            <SimpleData name="Estado_mon">-</SimpleData>
            <SimpleData name="Situaci_12">-</SimpleData>
            <SimpleData name="Observaci">-</SimpleData>
            <SimpleData name="Dias_trans">2.16671296296</SimpleData>
            <SimpleData name="Prioridad">ALTA</SimpleData>
            <SimpleData name="OBJECTID_1">140</SimpleData>
          </SchemaData>
        </ExtendedData>
        <Polygon>
          <outerBoundaryIs>
            <LinearRing>
              <coordinates>
                -55.9169195703467,-24.5569744271921,0
                -55.9167317807874,-24.5570575259692,0
                -55.9158850005054,-24.5577200004145,0
                -55.9161433001556,-24.5580599994308,0
                -55.9175349996313,-24.5572199998652,0
                -55.9174614001559,-24.5570130993723,0
                -55.9171878006596,-24.5570670999559,0
                -55.9169516992602,-24.5569682996567,0
                -55.9169195703467,-24.5569744271921,0
              </coordinates>
            </LinearRing>
          </outerBoundaryIs>
        </Polygon>
      </Placemark>
      <Placemark id="Distrito_YASY_CA__Y.29">
        <ExtendedData>
          <SchemaData schemaUrl="#Distrito_YASY_CA__Y.schema">
            <SimpleData name="Cédula">8372331.00000000000</SimpleData>
            <SimpleData name="cedula">8372331</SimpleData>
            <SimpleData name="Nombres_y_">MARIELA FERNANDEZ BOLA?O</SimpleData>
            <SimpleData name="Sexo">Mujer</SimpleData>
            <SimpleData name="Cambio_de_">NO</SimpleData>
            <SimpleData name="Titular_se">NO</SimpleData>
            <SimpleData name="Situación">NO</SimpleData>
            <SimpleData name="Comunidad">Campesina</SimpleData>
            <SimpleData name="Modelo_imp">Modelo 5</SimpleData>
            <SimpleData name="Departamen">CANINDEYU</SimpleData>
            <SimpleData name="Distrito">YASY CA?Y</SimpleData>
            <SimpleData name="Localidad">ASENT. 8 DE DICIEMBRE</SimpleData>
            <SimpleData name="Teléfono">0982007934</SimpleData>
            <SimpleData name="Vivienda_L">-24.53042130000</SimpleData>
            <SimpleData name="Vivienda_1">-55.93416390000</SimpleData>
            <SimpleData name="Superficie">0.70000000000</SimpleData>
            <SimpleData name="Situaci_1">Par?metro</SimpleData>
            <SimpleData name="Plantado">Si</SimpleData>
            <SimpleData name="Parcela_La">-55.93395765000</SimpleData>
            <SimpleData name="Parcela_Lo">-24.52877738000</SimpleData>
            <SimpleData name="Grupo_Impl">G2</SimpleData>
            <SimpleData name="Grupo_de_P">G-P4-XX-XX-XX</SimpleData>
            <SimpleData name="Jornales">0.00000000000</SimpleData>
            <SimpleData name="Monto">0.00000000000</SimpleData>
            <SimpleData name="ETAPA_FAO">Mantenimiento A?o 1.1</SimpleData>
            <SimpleData name="Estado_del">Activo</SimpleData>
            <SimpleData name="Adjudicado">SI</SimpleData>
            <SimpleData name="Empresa">Red Forestal Paraguay SA</SimpleData>
            <SimpleData name="Lote">G</SimpleData>
            <SimpleData name="Monitorear">Si</SimpleData>
            <SimpleData name="Fecha_de_M">-</SimpleData>
            <SimpleData name="F__de_pren">-</SimpleData>
            <SimpleData name="Estado_FAO">Monitorear</SimpleData>
            <SimpleData name="Etapa_de_i">Mantenimiento A?o 1.1</SimpleData>
            <SimpleData name="Fecha_visi">2026/08/28</SimpleData>
            <SimpleData name="Cumple_sup">Si</SimpleData>
            <SimpleData name="Estado_mon">-</SimpleData>
            <SimpleData name="Situaci_12">-</SimpleData>
            <SimpleData name="Observaci">-</SimpleData>
            <SimpleData name="Dias_trans">2.27162037037</SimpleData>
            <SimpleData name="Prioridad">ALTA</SimpleData>
            <SimpleData name="OBJECTID_1">128</SimpleData>
          </SchemaData>
        </ExtendedData>
        <MultiGeometry>
          <Polygon>
            <outerBoundaryIs>
              <LinearRing>
                <coordinates>
                  -55.934156700123,-24.5293950010731,0
                  -55.9336583000134,-24.5293599995894,0
                  -55.9336682998348,-24.5296399998632,0
                  -55.9340349002803,-24.5297248997806,0
                  -55.934156700123,-24.5293950010731,0
                </coordinates>
              </LinearRing>
            </outerBoundaryIs>
          </Polygon>
          <Polygon>
            <outerBoundaryIs>
              <LinearRing>
                <coordinates>
                  -55.9341833001721,-24.5291583002849,0
                  -55.9342450998314,-24.5280225997493,0
                  -55.9337650005183,-24.528008299828,0
                  -55.9337117001866,-24.5291982998905,0
                  -55.9341833001721,-24.5291583002849,0
                </coordinates>
              </LinearRing>
            </outerBoundaryIs>
          </Polygon>
        </MultiGeometry>
      </Placemark>
    </Document>
  </Document>
</kml>
