<?xml version="1.0" encoding="UTF-8"?>
<kml xmlns="http://www.opengis.net/kml/2.2">
  <Document id="root_doc">
    <Schema id="Distrito_YPEJH__.schema">
      <SimpleField name="Cédula" type="double"/>
      <SimpleField name="cedula" type="string"/>
      <SimpleField name="Nombres_y_" type="string"/>
      <SimpleField name="Sexo" type="string"/>
      <SimpleField name="Cambio_de_" type="string"/>
      <SimpleField name="Titular_se" type="string"/>
      <SimpleField name="Cédula_Ti" type="string"/>
      <SimpleField name="Situación" type="string"/>
      <SimpleField name="Comunidad" type="string"/>
      <SimpleField name="Modelo_sel" type="string"/>
      <SimpleField name="Modelo_imp" type="string"/>
      <SimpleField name="Departamen" type="string"/>
      <SimpleField name="Distrito" type="string"/>
      <SimpleField name="Localidad" type="string"/>
      <SimpleField name="Teléfono" type="string"/>
      <SimpleField name="Vivienda_L" type="double"/>
      <SimpleField name="Vivienda_1" type="double"/>
      <SimpleField name="Superficie" type="double"/>
      <SimpleField name="Situaci_1" type="string"/>
      <SimpleField name="Plantado" type="string"/>
      <SimpleField name="Parcela_La" type="double"/>
      <SimpleField name="Parcela_Lo" type="double"/>
      <SimpleField name="Grupo_Impl" type="string"/>
      <SimpleField name="Grupo_de_P" type="string"/>
      <SimpleField name="Jornales" type="double"/>
      <SimpleField name="Monto" type="double"/>
      <SimpleField name="ETAPA_FAO" type="string"/>
      <SimpleField name="Estado_del" type="string"/>
      <SimpleField name="Adjudicado" type="string"/>
      <SimpleField name="Empresa" type="string"/>
      <SimpleField name="Lote" type="string"/>
      <SimpleField name="Monitorear" type="string"/>
      <SimpleField name="Fecha_de_M" type="string"/>
      <SimpleField name="F__de_pren" type="string"/>
      <SimpleField name="Estado_FAO" type="string"/>
      <SimpleField name="Etapa_de_i" type="string"/>
      <SimpleField name="Fecha_visi" type="string"/>
      <SimpleField name="Cumple_sup" type="string"/>
      <SimpleField name="Estado_mon" type="string"/>
      <SimpleField name="Situaci_12" type="string"/>
      <SimpleField name="Observaci" type="string"/>
      <SimpleField name="Dias_trans" type="double"/>
      <SimpleField name="Prioridad" type="string"/>
      <SimpleField name="OBJECTID_1" type="int"/>
    </Schema>
    <Document id="Distrito_YPEJH__">
      <name>Distrito_YPEJHÃš</name>
      <Placemark id="Distrito_YPEJH__.1">
        <ExtendedData>
          <SchemaData schemaUrl="#Distrito_YPEJH__.schema">
            <SimpleData name="Cédula">6092541.00000000000</SimpleData>
            <SimpleData name="cedula">6092541</SimpleData>
            <SimpleData name="Nombres_y_">LIDIA ANGELICA AG?ERO MOLAS</SimpleData>
            <SimpleData name="Sexo">Mujer</SimpleData>
            <SimpleData name="Cambio_de_">NO</SimpleData>
            <SimpleData name="Titular_se">NO</SimpleData>
            <SimpleData name="Situación">NO</SimpleData>
            <SimpleData name="Comunidad">Campesina</SimpleData>
            <SimpleData name="Modelo_imp">Modelo 4</SimpleData>
            <SimpleData name="Departamen">CANINDEYU</SimpleData>
            <SimpleData name="Distrito">YPEJH?</SimpleData>
            <SimpleData name="Localidad">ASENT. CRESCENCIO GONZALEZ</SimpleData>
            <SimpleData name="Teléfono">0984340023</SimpleData>
            <SimpleData name="Vivienda_L">-23.82928000000</SimpleData>
            <SimpleData name="Vivienda_1">-55.89911670000</SimpleData>
            <SimpleData name="Superficie">0.70000000000</SimpleData>
            <SimpleData name="Situaci_1">Pol?gono</SimpleData>
            <SimpleData name="Plantado">Si</SimpleData>
            <SimpleData name="Parcela_La">-55.89933560000</SimpleData>
            <SimpleData name="Parcela_Lo">-23.82387024000</SimpleData>
            <SimpleData name="Grupo_Impl">G2</SimpleData>
            <SimpleData name="Grupo_de_P">H-P6-XX-XX-XX</SimpleData>
            <SimpleData name="Jornales">0.00000000000</SimpleData>
            <SimpleData name="Monto">0.00000000000</SimpleData>
            <SimpleData name="ETAPA_FAO">Mantenimiento A?o 1.1</SimpleData>
            <SimpleData name="Estado_del">Activo</SimpleData>
            <SimpleData name="Adjudicado">SI</SimpleData>
            <SimpleData name="Empresa">Hyh Consultores SRL</SimpleData>
            <SimpleData name="Lote">H</SimpleData>
            <SimpleData name="Monitorear">Si</SimpleData>
            <SimpleData name="Fecha_de_M">-</SimpleData>
            <SimpleData name="F__de_pren">-</SimpleData>
            <SimpleData name="Estado_FAO">Monitorear</SimpleData>
            <SimpleData name="Etapa_de_i">Mantenimiento A?o 1.1</SimpleData>
            <SimpleData name="Fecha_visi">2026/08/12</SimpleData>
            <SimpleData name="Cumple_sup">Si</SimpleData>
            <SimpleData name="Estado_mon">-</SimpleData>
            <SimpleData name="Situaci_12">-</SimpleData>
            <SimpleData name="Observaci">-</SimpleData>
            <SimpleData name="Dias_trans">18.43906250000</SimpleData>
            <SimpleData name="Prioridad">ALTA</SimpleData>
            <SimpleData name="OBJECTID_1">51</SimpleData>
          </SchemaData>
        </ExtendedData>
        <Polygon>
          <outerBoundaryIs>
            <LinearRing>
              <coordinates>
                -55.8993332997792,-23.8231783002668,0
                -55.8988113335771,-23.824386748168,0
                -55.8996317001752,-23.8243882995299,0
                -55.8996417996246,-23.8231520996331,0
                -55.8993332997792,-23.8231783002668,0
              </coordinates>
            </LinearRing>
          </outerBoundaryIs>
        </Polygon>
      </Placemark>
      <Placemark id="Distrito_YPEJH__.2">
        <ExtendedData>
          <SchemaData schemaUrl="#Distrito_YPEJH__.schema">
            <SimpleData name="Cédula">5426599.00000000000</SimpleData>
            <SimpleData name="cedula">5426599</SimpleData>
            <SimpleData name="Nombres_y_">VALERIANA BENITEZ GONZALEZ</SimpleData>
            <SimpleData name="Sexo">Mujer</SimpleData>
            <SimpleData name="Cambio_de_">NO</SimpleData>
            <SimpleData name="Titular_se">NO</SimpleData>
            <SimpleData name="Situación">NO</SimpleData>
            <SimpleData name="Comunidad">Ind?gena</SimpleData>
            <SimpleData name="Modelo_imp">Modelo 1</SimpleData>
            <SimpleData name="Departamen">CANINDEYU</SimpleData>
            <SimpleData name="Distrito">YPEJH?</SimpleData>
            <SimpleData name="Localidad">COM INDIG PYPUCU</SimpleData>
            <SimpleData name="Teléfono">0983836438</SimpleData>
            <SimpleData name="Vivienda_L">-23.90103430000</SimpleData>
            <SimpleData name="Vivienda_1">-55.66772110000</SimpleData>
            <SimpleData name="Superficie">0.80000000000</SimpleData>
            <SimpleData name="Situaci_1">Par?metro</SimpleData>
            <SimpleData name="Plantado">Si</SimpleData>
            <SimpleData name="Parcela_La">-55.67023112000</SimpleData>
            <SimpleData name="Parcela_Lo">-23.90127107000</SimpleData>
            <SimpleData name="Grupo_Impl">G2</SimpleData>
            <SimpleData name="Grupo_de_P">H-P8-XX-XX-XX</SimpleData>
            <SimpleData name="Jornales">0.00000000000</SimpleData>
            <SimpleData name="Monto">0.00000000000</SimpleData>
            <SimpleData name="ETAPA_FAO">Mantenimiento A?o 1.1</SimpleData>
            <SimpleData name="Estado_del">Activo</SimpleData>
            <SimpleData name="Adjudicado">SI</SimpleData>
            <SimpleData name="Empresa">Hyh Consultores SRL</SimpleData>
            <SimpleData name="Lote">H</SimpleData>
            <SimpleData name="Monitorear">Si</SimpleData>
            <SimpleData name="Fecha_de_M">-</SimpleData>
            <SimpleData name="F__de_pren">-</SimpleData>
            <SimpleData name="Estado_FAO">Monitorear</SimpleData>
            <SimpleData name="Etapa_de_i">Mantenimiento A?o 1.1</SimpleData>
            <SimpleData name="Fecha_visi">2026/08/24</SimpleData>
            <SimpleData name="Cumple_sup">Si</SimpleData>
            <SimpleData name="Estado_mon">-</SimpleData>
            <SimpleData name="Situaci_12">-</SimpleData>
            <SimpleData name="Observaci">-</SimpleData>
            <SimpleData name="Dias_trans">6.42888888889</SimpleData>
            <SimpleData name="Prioridad">ALTA</SimpleData>
            <SimpleData name="OBJECTID_1">95</SimpleData>
          </SchemaData>
        </ExtendedData>
        <Polygon>
          <outerBoundaryIs>
            <LinearRing>
              <coordinates>
                -55.669902843692,-23.9017741598252,0
                -55.670095438962,-23.9017335633633,0
                -55.6707501961451,-23.9015166052178,0
                -55.670613699997,-23.9007642999829,0
                -55.6696686994698,-23.90103670029,0
                -55.669902843692,-23.9017741598252,0
              </coordinates>
            </LinearRing>
          </outerBoundaryIs>
        </Polygon>
      </Placemark>
      <Placemark id="Distrito_YPEJH__.3">
        <ExtendedData>
          <SchemaData schemaUrl="#Distrito_YPEJH__.schema">
            <SimpleData name="Cédula">6628567.00000000000</SimpleData>
            <SimpleData name="cedula">6628567</SimpleData>
            <SimpleData name="Nombres_y_">VIVIANA GODOY BENITEZ</SimpleData>
            <SimpleData name="Sexo">Mujer</SimpleData>
            <SimpleData name="Cambio_de_">NO</SimpleData>
            <SimpleData name="Titular_se">NO</SimpleData>
            <SimpleData name="Situación">NO</SimpleData>
            <SimpleData name="Comunidad">Campesina</SimpleData>
            <SimpleData name="Modelo_imp">Modelo 2</SimpleData>
            <SimpleData name="Departamen">CANINDEYU</SimpleData>
            <SimpleData name="Distrito">YPEJH?</SimpleData>
            <SimpleData name="Localidad">ASENT. CRESCENCIO GONZALEZ</SimpleData>
            <SimpleData name="Teléfono">0984639650</SimpleData>
            <SimpleData name="Vivienda_L">-23.86559400000</SimpleData>
            <SimpleData name="Vivienda_1">-55.92682610000</SimpleData>
            <SimpleData name="Superficie">0.80000000000</SimpleData>
            <SimpleData name="Situaci_1">Par?metro</SimpleData>
            <SimpleData name="Plantado">Si</SimpleData>
            <SimpleData name="Parcela_La">-55.92763172000</SimpleData>
            <SimpleData name="Parcela_Lo">-23.86424678000</SimpleData>
            <SimpleData name="Grupo_Impl">G2</SimpleData>
            <SimpleData name="Grupo_de_P">H-P12-XX-XX-XX</SimpleData>
            <SimpleData name="Jornales">0.00000000000</SimpleData>
            <SimpleData name="Monto">0.00000000000</SimpleData>
            <SimpleData name="ETAPA_FAO">Mantenimiento A?o 1.1</SimpleData>
            <SimpleData name="Estado_del">Activo</SimpleData>
            <SimpleData name="Adjudicado">SI</SimpleData>
            <SimpleData name="Empresa">Hyh Consultores SRL</SimpleData>
            <SimpleData name="Lote">H</SimpleData>
            <SimpleData name="Monitorear">No</SimpleData>
            <SimpleData name="Fecha_de_M">-</SimpleData>
            <SimpleData name="F__de_pren">-</SimpleData>
            <SimpleData name="Estado_FAO">Monitorear</SimpleData>
            <SimpleData name="Etapa_de_i">Mantenimiento A?o 1.1</SimpleData>
            <SimpleData name="Fecha_visi">2026/08/13</SimpleData>
            <SimpleData name="Cumple_sup">Si</SimpleData>
            <SimpleData name="Estado_mon">-</SimpleData>
            <SimpleData name="Situaci_12">-</SimpleData>
            <SimpleData name="Observaci">-</SimpleData>
            <SimpleData name="Dias_trans">17.30581018520</SimpleData>
            <SimpleData name="Prioridad">ALTA</SimpleData>
            <SimpleData name="OBJECTID_1">54</SimpleData>
          </SchemaData>
        </ExtendedData>
        <Polygon>
          <outerBoundaryIs>
            <LinearRing>
              <coordinates>
                -55.9269419999309,-23.8648366998519,0
                -55.9272594998291,-23.8650366993503,0
                -55.928325299855,-23.863762699775,0
                -55.9278975994196,-23.8634849996347,0
                -55.9269419999309,-23.8648366998519,0
              </coordinates>
            </LinearRing>
          </outerBoundaryIs>
        </Polygon>
      </Placemark>
      <Placemark id="Distrito_YPEJH__.4">
        <ExtendedData>
          <SchemaData schemaUrl="#Distrito_YPEJH__.schema">
            <SimpleData name="Cédula">6326900.00000000000</SimpleData>
            <SimpleData name="cedula">6326900</SimpleData>
            <SimpleData name="Nombres_y_">ROSA ISABEL MONTIEL</SimpleData>
            <SimpleData name="Sexo">Mujer</SimpleData>
            <SimpleData name="Cambio_de_">NO</SimpleData>
            <SimpleData name="Titular_se">NO</SimpleData>
            <SimpleData name="Situación">NO</SimpleData>
            <SimpleData name="Comunidad">Campesina</SimpleData>
            <SimpleData name="Modelo_imp">Modelo 1</SimpleData>
            <SimpleData name="Departamen">CANINDEYU</SimpleData>
            <SimpleData name="Distrito">YPEJH?</SimpleData>
            <SimpleData name="Localidad">ASENT. CRESCENCIO GONZALEZ</SimpleData>
            <SimpleData name="Teléfono">0982895607</SimpleData>
            <SimpleData name="Vivienda_L">-23.88126320000</SimpleData>
            <SimpleData name="Vivienda_1">-55.94580360000</SimpleData>
            <SimpleData name="Superficie">0.80000000000</SimpleData>
            <SimpleData name="Situaci_1">Par?metro</SimpleData>
            <SimpleData name="Plantado">Si</SimpleData>
            <SimpleData name="Parcela_La">-55.94074148000</SimpleData>
            <SimpleData name="Parcela_Lo">-23.87875372000</SimpleData>
            <SimpleData name="Grupo_Impl">G2</SimpleData>
            <SimpleData name="Grupo_de_P">H-P14-XX-XX-XX</SimpleData>
            <SimpleData name="Jornales">0.00000000000</SimpleData>
            <SimpleData name="Monto">0.00000000000</SimpleData>
            <SimpleData name="ETAPA_FAO">Mantenimiento A?o 1.1</SimpleData>
            <SimpleData name="Estado_del">Activo</SimpleData>
            <SimpleData name="Adjudicado">SI</SimpleData>
            <SimpleData name="Empresa">Hyh Consultores SRL</SimpleData>
            <SimpleData name="Lote">H</SimpleData>
            <SimpleData name="Monitorear">Si</SimpleData>
            <SimpleData name="Fecha_de_M">-</SimpleData>
            <SimpleData name="F__de_pren">-</SimpleData>
            <SimpleData name="Estado_FAO">Monitorear</SimpleData>
            <SimpleData name="Etapa_de_i">Mantenimiento A?o 1.1</SimpleData>
            <SimpleData name="Fecha_visi">2026/08/17</SimpleData>
            <SimpleData name="Cumple_sup">Si</SimpleData>
            <SimpleData name="Estado_mon">-</SimpleData>
            <SimpleData name="Situaci_12">-</SimpleData>
            <SimpleData name="Observaci">-</SimpleData>
            <SimpleData name="Dias_trans">13.45347222220</SimpleData>
            <SimpleData name="Prioridad">ALTA</SimpleData>
            <SimpleData name="OBJECTID_1">310</SimpleData>
          </SchemaData>
        </ExtendedData>
        <Polygon>
          <outerBoundaryIs>
            <LinearRing>
              <coordinates>
                -55.9401582998548,-23.8789900001852,0
                -55.9409482994709,-23.8793182996339,0
                -55.9412900002662,-23.8784767000403,0
                -55.9412450000117,-23.8784217000107,0
                -55.9405354997359,-23.8782328003572,0
                -55.9401582998548,-23.8789900001852,0
              </coordinates>
            </LinearRing>
          </outerBoundaryIs>
        </Polygon>
      </Placemark>
      <Placemark id="Distrito_YPEJH__.5">
        <ExtendedData>
          <SchemaData schemaUrl="#Distrito_YPEJH__.schema">
            <SimpleData name="Cédula">5885679.00000000000</SimpleData>
            <SimpleData name="cedula">5885679</SimpleData>
            <SimpleData name="Nombres_y_">CARME LOPEZ RODRIGUEZ</SimpleData>
            <SimpleData name="Sexo">Mujer</SimpleData>
            <SimpleData name="Cambio_de_">NO</SimpleData>
            <SimpleData name="Titular_se">NO</SimpleData>
            <SimpleData name="Situación">NO</SimpleData>
            <SimpleData name="Comunidad">Ind?gena</SimpleData>
            <SimpleData name="Modelo_imp">Modelo 1</SimpleData>
            <SimpleData name="Departamen">CANINDEYU</SimpleData>
            <SimpleData name="Distrito">YPEJH?</SimpleData>
            <SimpleData name="Localidad">COM INDIG ITANARA-PARIRI</SimpleData>
            <SimpleData name="Teléfono">ND</SimpleData>
            <SimpleData name="Vivienda_L">-23.82911030000</SimpleData>
            <SimpleData name="Vivienda_1">-55.68624950000</SimpleData>
            <SimpleData name="Superficie">0.80000000000</SimpleData>
            <SimpleData name="Situaci_1">Par?metro</SimpleData>
            <SimpleData name="Plantado">Si</SimpleData>
            <SimpleData name="Parcela_La">-55.68621318000</SimpleData>
            <SimpleData name="Parcela_Lo">-23.82822509000</SimpleData>
            <SimpleData name="Grupo_Impl">G2</SimpleData>
            <SimpleData name="Grupo_de_P">H-P8-XX-XX-XX</SimpleData>
            <SimpleData name="Jornales">0.00000000000</SimpleData>
            <SimpleData name="Monto">0.00000000000</SimpleData>
            <SimpleData name="ETAPA_FAO">Mantenimiento A?o 1.1</SimpleData>
            <SimpleData name="Estado_del">Activo</SimpleData>
            <SimpleData name="Adjudicado">SI</SimpleData>
            <SimpleData name="Empresa">Hyh Consultores SRL</SimpleData>
            <SimpleData name="Lote">H</SimpleData>
            <SimpleData name="Monitorear">No</SimpleData>
            <SimpleData name="Fecha_de_M">-</SimpleData>
            <SimpleData name="F__de_pren">-</SimpleData>
            <SimpleData name="Estado_FAO">Monitorear</SimpleData>
            <SimpleData name="Etapa_de_i">Mantenimiento A?o 1.1</SimpleData>
            <SimpleData name="Fecha_visi">2026/08/26</SimpleData>
            <SimpleData name="Cumple_sup">Si</SimpleData>
            <SimpleData name="Estado_mon">-</SimpleData>
            <SimpleData name="Situaci_12">-</SimpleData>
            <SimpleData name="Observaci">-</SimpleData>
            <SimpleData name="Dias_trans">4.05328703704</SimpleData>
            <SimpleData name="Prioridad">ALTA</SimpleData>
            <SimpleData name="OBJECTID_1">70</SimpleData>
          </SchemaData>
        </ExtendedData>
        <Polygon>
          <outerBoundaryIs>
            <LinearRing>
              <coordinates>
                -55.6861315004052,-23.8281104003613,0
                -55.6859302007082,-23.8281092000604,0
                -55.6856057998114,-23.8279175009781,0
                -55.6855576997627,-23.8280145005767,0
                -55.6855433007003,-23.8281560009209,0
                -55.6854169990399,-23.8282867999181,0
                -55.6855043006332,-23.8284086999864,0
                -55.6861983996329,-23.8284526006214,0
                -55.6862045002448,-23.8286247008013,0
                -55.686108500028,-23.8288633001446,0
                -55.6864740992976,-23.828923700799,0
                -55.6865538001034,-23.8288311000144,0
                -55.6866105998202,-23.8285658006942,0
                -55.686484600203,-23.8284478999525,0
                -55.6866894001045,-23.8280978001176,0
                -55.6867701994509,-23.827935700565,0
                -55.6867020007355,-23.8278337009246,0
                -55.6864400000541,-23.8275913996542,0
                -55.6862715002707,-23.8275685008791,0
                -55.6860863998057,-23.8278309003411,0
                -55.6862030995727,-23.8279382002407,0
                -55.6861315004052,-23.8281104003613,0
              </coordinates>
            </LinearRing>
          </outerBoundaryIs>
        </Polygon>
      </Placemark>
      <Placemark id="Distrito_YPEJH__.6">
        <ExtendedData>
          <SchemaData schemaUrl="#Distrito_YPEJH__.schema">
            <SimpleData name="Cédula">5454006.00000000000</SimpleData>
            <SimpleData name="cedula">5454006</SimpleData>
            <SimpleData name="Nombres_y_">CLAUDIA VERGARA AQUINO</SimpleData>
            <SimpleData name="Sexo">Mujer</SimpleData>
            <SimpleData name="Cambio_de_">NO</SimpleData>
            <SimpleData name="Titular_se">NO</SimpleData>
            <SimpleData name="Situación">NO</SimpleData>
            <SimpleData name="Comunidad">Ind?gena</SimpleData>
            <SimpleData name="Modelo_imp">Modelo 1</SimpleData>
            <SimpleData name="Departamen">CANINDEYU</SimpleData>
            <SimpleData name="Distrito">YPEJH?</SimpleData>
            <SimpleData name="Localidad">COM INDIG PYPUCU</SimpleData>
            <SimpleData name="Teléfono">0983405406</SimpleData>
            <SimpleData name="Vivienda_L">-23.92174170000</SimpleData>
            <SimpleData name="Vivienda_1">-55.63973670000</SimpleData>
            <SimpleData name="Superficie">0.80000000000</SimpleData>
            <SimpleData name="Situaci_1">Par?metro</SimpleData>
            <SimpleData name="Plantado">Si</SimpleData>
            <SimpleData name="Parcela_La">-55.64044323000</SimpleData>
            <SimpleData name="Parcela_Lo">-23.92158658000</SimpleData>
            <SimpleData name="Grupo_Impl">G2</SimpleData>
            <SimpleData name="Grupo_de_P">H-P8-XX-XX-XX</SimpleData>
            <SimpleData name="Jornales">0.00000000000</SimpleData>
            <SimpleData name="Monto">0.00000000000</SimpleData>
            <SimpleData name="ETAPA_FAO">Mantenimiento A?o 1.1</SimpleData>
            <SimpleData name="Estado_del">Activo</SimpleData>
            <SimpleData name="Adjudicado">SI</SimpleData>
            <SimpleData name="Empresa">Hyh Consultores SRL</SimpleData>
            <SimpleData name="Lote">H</SimpleData>
            <SimpleData name="Monitorear">Si</SimpleData>
            <SimpleData name="Fecha_de_M">-</SimpleData>
            <SimpleData name="F__de_pren">-</SimpleData>
            <SimpleData name="Estado_FAO">Monitorear</SimpleData>
            <SimpleData name="Etapa_de_i">Mantenimiento A?o 1.1</SimpleData>
            <SimpleData name="Fecha_visi">2026/08/28</SimpleData>
            <SimpleData name="Cumple_sup">Si</SimpleData>
            <SimpleData name="Estado_mon">-</SimpleData>
            <SimpleData name="Situaci_12">-</SimpleData>
            <SimpleData name="Observaci">-</SimpleData>
            <SimpleData name="Dias_trans">2.15615740741</SimpleData>
            <SimpleData name="Prioridad">ALTA</SimpleData>
            <SimpleData name="OBJECTID_1">223</SimpleData>
          </SchemaData>
        </ExtendedData>
        <Polygon>
          <outerBoundaryIs>
            <LinearRing>
              <coordinates>
                -55.6399924991246,-23.9217861000931,0
                -55.6409266991511,-23.9220983003397,0
                -55.6410416990547,-23.9213999998725,0
                -55.6397484637895,-23.9211189604308,0
                -55.6399924991246,-23.9217861000931,0
              </coordinates>
            </LinearRing>
          </outerBoundaryIs>
        </Polygon>
      </Placemark>
      <Placemark id="Distrito_YPEJH__.7">
        <ExtendedData>
          <SchemaData schemaUrl="#Distrito_YPEJH__.schema">
            <SimpleData name="Cédula">8261160.00000000000</SimpleData>
            <SimpleData name="cedula">8261160</SimpleData>
            <SimpleData name="Nombres_y_">CESAR SALINAS MONTANIA</SimpleData>
            <SimpleData name="Sexo">Hombre</SimpleData>
            <SimpleData name="Cambio_de_">NO</SimpleData>
            <SimpleData name="Titular_se">NO</SimpleData>
            <SimpleData name="Situación">NO</SimpleData>
            <SimpleData name="Comunidad">Ind?gena</SimpleData>
            <SimpleData name="Modelo_imp">Modelo 1</SimpleData>
            <SimpleData name="Departamen">CANINDEYU</SimpleData>
            <SimpleData name="Distrito">YPEJH?</SimpleData>
            <SimpleData name="Localidad">COM INDIG YVY PAVE CA?ADA</SimpleData>
            <SimpleData name="Teléfono">0982917209</SimpleData>
            <SimpleData name="Vivienda_L">-23.95957330000</SimpleData>
            <SimpleData name="Vivienda_1">-55.90757500000</SimpleData>
            <SimpleData name="Superficie">0.80000000000</SimpleData>
            <SimpleData name="Situaci_1">Par?metro</SimpleData>
            <SimpleData name="Plantado">Si</SimpleData>
            <SimpleData name="Parcela_La">-55.91133096000</SimpleData>
            <SimpleData name="Parcela_Lo">-23.95960745000</SimpleData>
            <SimpleData name="Grupo_Impl">G2</SimpleData>
            <SimpleData name="Grupo_de_P">H-P9-XX-XX-XX</SimpleData>
            <SimpleData name="Jornales">0.00000000000</SimpleData>
            <SimpleData name="Monto">0.00000000000</SimpleData>
            <SimpleData name="ETAPA_FAO">Mantenimiento A?o 1.1</SimpleData>
            <SimpleData name="Estado_del">Activo</SimpleData>
            <SimpleData name="Adjudicado">SI</SimpleData>
            <SimpleData name="Empresa">Hyh Consultores SRL</SimpleData>
            <SimpleData name="Lote">H</SimpleData>
            <SimpleData name="Monitorear">No</SimpleData>
            <SimpleData name="Fecha_de_M">-</SimpleData>
            <SimpleData name="F__de_pren">-</SimpleData>
            <SimpleData name="Estado_FAO">Monitorear</SimpleData>
            <SimpleData name="Etapa_de_i">Mantenimiento A?o 1.1</SimpleData>
            <SimpleData name="Fecha_visi">2026/08/13</SimpleData>
            <SimpleData name="Cumple_sup">Si</SimpleData>
            <SimpleData name="Estado_mon">-</SimpleData>
            <SimpleData name="Situaci_12">-</SimpleData>
            <SimpleData name="Observaci">-</SimpleData>
            <SimpleData name="Dias_trans">17.35341435190</SimpleData>
            <SimpleData name="Prioridad">ALTA</SimpleData>
            <SimpleData name="OBJECTID_1">52</SimpleData>
          </SchemaData>
        </ExtendedData>
        <Polygon>
          <outerBoundaryIs>
            <LinearRing>
              <coordinates>
                -55.9108310924758,-23.9599260009262,0
                -55.9108311001882,-23.9599251999104,0
                -55.9109343996919,-23.9598916999025,0
                -55.9110161002641,-23.959884399747,0
                -55.9112188003104,-23.9598660997808,0
                -55.9113011474961,-23.9598625456994,0
                -55.9123200000867,-23.9597250000237,0
                -55.9122800000493,-23.9595383001239,0
                -55.9120500001615,-23.9595767003247,0
                -55.91195989994,-23.9593838002637,0
                -55.911860800227,-23.9592548000986,0
                -55.9118118004354,-23.9591622998331,0
                -55.9114469002256,-23.9592754995581,0
                -55.9112721002568,-23.9593328997749,0
                -55.9109710003692,-23.9594290004056,0
                -55.9107505999001,-23.9594888003345,0
                -55.9104345004367,-23.9595710000545,0
                -55.9104681995448,-23.9599414999417,0
                -55.9107911001674,-23.9599313996238,0
                -55.9108310924758,-23.9599260009262,0
              </coordinates>
            </LinearRing>
          </outerBoundaryIs>
        </Polygon>
      </Placemark>
      <Placemark id="Distrito_YPEJH__.8">
        <ExtendedData>
          <SchemaData schemaUrl="#Distrito_YPEJH__.schema">
            <SimpleData name="Cédula">5885683.00000000000</SimpleData>
            <SimpleData name="cedula">5885683</SimpleData>
            <SimpleData name="Nombres_y_">MARCIA LOPEZ BENITEZ</SimpleData>
            <SimpleData name="Sexo">Mujer</SimpleData>
            <SimpleData name="Cambio_de_">NO</SimpleData>
            <SimpleData name="Titular_se">NO</SimpleData>
            <SimpleData name="Situación">NO</SimpleData>
            <SimpleData name="Comunidad">Ind?gena</SimpleData>
            <SimpleData name="Modelo_imp">Modelo 1</SimpleData>
            <SimpleData name="Departamen">CANINDEYU</SimpleData>
            <SimpleData name="Distrito">YPEJH?</SimpleData>
            <SimpleData name="Localidad">COM INDIG ITANARA-PARIRI</SimpleData>
            <SimpleData name="Teléfono">0986705917</SimpleData>
            <SimpleData name="Vivienda_L">-23.83713350000</SimpleData>
            <SimpleData name="Vivienda_1">-55.68363320000</SimpleData>
            <SimpleData name="Superficie">0.80000000000</SimpleData>
            <SimpleData name="Situaci_1">Par?metro</SimpleData>
            <SimpleData name="Plantado">Si</SimpleData>
            <SimpleData name="Parcela_La">-55.68476313000</SimpleData>
            <SimpleData name="Parcela_Lo">-23.84187687000</SimpleData>
            <SimpleData name="Grupo_Impl">G2</SimpleData>
            <SimpleData name="Grupo_de_P">H-P9-XX-XX-XX</SimpleData>
            <SimpleData name="Jornales">0.00000000000</SimpleData>
            <SimpleData name="Monto">0.00000000000</SimpleData>
            <SimpleData name="ETAPA_FAO">Mantenimiento A?o 1.1</SimpleData>
            <SimpleData name="Estado_del">Activo</SimpleData>
            <SimpleData name="Adjudicado">SI</SimpleData>
            <SimpleData name="Empresa">Hyh Consultores SRL</SimpleData>
            <SimpleData name="Lote">H</SimpleData>
            <SimpleData name="Monitorear">Si</SimpleData>
            <SimpleData name="Fecha_de_M">-</SimpleData>
            <SimpleData name="F__de_pren">-</SimpleData>
            <SimpleData name="Estado_FAO">Monitorear</SimpleData>
            <SimpleData name="Etapa_de_i">Mantenimiento A?o 1.1</SimpleData>
            <SimpleData name="Fecha_visi">2026/08/18</SimpleData>
            <SimpleData name="Cumple_sup">Si</SimpleData>
            <SimpleData name="Estado_mon">-</SimpleData>
            <SimpleData name="Situaci_12">-</SimpleData>
            <SimpleData name="Observaci">-</SimpleData>
            <SimpleData name="Dias_trans">12.50369212960</SimpleData>
            <SimpleData name="Prioridad">ALTA</SimpleData>
            <SimpleData name="OBJECTID_1">57</SimpleData>
          </SchemaData>
        </ExtendedData>
        <Polygon>
          <outerBoundaryIs>
            <LinearRing>
              <coordinates>
                -55.6842520998542,-23.8421134999554,0
                -55.6849937996376,-23.8424473001564,0
                -55.6853049996724,-23.8415816999742,0
                -55.6844445995372,-23.8413723003977,0
                -55.6842520998542,-23.8421134999554,0
              </coordinates>
            </LinearRing>
          </outerBoundaryIs>
        </Polygon>
      </Placemark>
      <Placemark id="Distrito_YPEJH__.9">
        <ExtendedData>
          <SchemaData schemaUrl="#Distrito_YPEJH__.schema">
            <SimpleData name="Cédula">6740682.00000000000</SimpleData>
            <SimpleData name="cedula">6740682</SimpleData>
            <SimpleData name="Nombres_y_">NILSA ESPINOLA BENITEZ</SimpleData>
            <SimpleData name="Sexo">Mujer</SimpleData>
            <SimpleData name="Cambio_de_">NO</SimpleData>
            <SimpleData name="Titular_se">NO</SimpleData>
            <SimpleData name="Situación">NO</SimpleData>
            <SimpleData name="Comunidad">Ind?gena</SimpleData>
            <SimpleData name="Modelo_imp">Modelo 5</SimpleData>
            <SimpleData name="Departamen">CANINDEYU</SimpleData>
            <SimpleData name="Distrito">YPEJH?</SimpleData>
            <SimpleData name="Localidad"><![CDATA[COM INDIG KA'AGUYJU CANDADO]]></SimpleData>
            <SimpleData name="Teléfono">0984178293</SimpleData>
            <SimpleData name="Vivienda_L">-23.95471910000</SimpleData>
            <SimpleData name="Vivienda_1">-55.93265410000</SimpleData>
            <SimpleData name="Superficie">0.70000000000</SimpleData>
            <SimpleData name="Situaci_1">Par?metro</SimpleData>
            <SimpleData name="Plantado">Si</SimpleData>
            <SimpleData name="Parcela_La">-55.93294297000</SimpleData>
            <SimpleData name="Parcela_Lo">-23.95566056000</SimpleData>
            <SimpleData name="Grupo_Impl">G2</SimpleData>
            <SimpleData name="Grupo_de_P">H-P9-XX-XX-XX</SimpleData>
            <SimpleData name="Jornales">0.00000000000</SimpleData>
            <SimpleData name="Monto">0.00000000000</SimpleData>
            <SimpleData name="ETAPA_FAO">Mantenimiento A?o 1.1</SimpleData>
            <SimpleData name="Estado_del">Activo</SimpleData>
            <SimpleData name="Adjudicado">SI</SimpleData>
            <SimpleData name="Empresa">Hyh Consultores SRL</SimpleData>
            <SimpleData name="Lote">H</SimpleData>
            <SimpleData name="Monitorear">No</SimpleData>
            <SimpleData name="Fecha_de_M">-</SimpleData>
            <SimpleData name="F__de_pren">-</SimpleData>
            <SimpleData name="Estado_FAO">Monitorear</SimpleData>
            <SimpleData name="Etapa_de_i">Mantenimiento A?o 1.1</SimpleData>
            <SimpleData name="Fecha_visi">2026/08/27</SimpleData>
            <SimpleData name="Cumple_sup">Si</SimpleData>
            <SimpleData name="Estado_mon">-</SimpleData>
            <SimpleData name="Situaci_12">-</SimpleData>
            <SimpleData name="Observaci">-</SimpleData>
            <SimpleData name="Dias_trans">3.42842592593</SimpleData>
            <SimpleData name="Prioridad">ALTA</SimpleData>
            <SimpleData name="OBJECTID_1">90</SimpleData>
          </SchemaData>
        </ExtendedData>
        <MultiGeometry>
          <Polygon>
            <outerBoundaryIs>
              <LinearRing>
                <coordinates>
                  -55.9323166999933,-23.955678300438,0
                  -55.9332599997182,-23.9561166999802,0
                  -55.9333316994364,-23.9560999998692,0
                  -55.9337266995021,-23.9558733002941,0
                  -55.9325982994956,-23.9551033003878,0
                  -55.9325349617662,-23.9551958605767,0
                  -55.9322916994044,-23.9556283000919,0
                  -55.9323166999933,-23.955678300438,0
                </coordinates>
              </LinearRing>
            </outerBoundaryIs>
          </Polygon>
          <Polygon>
            <outerBoundaryIs>
              <LinearRing>
                <coordinates>
                  -55.9323199991383,-23.9555100001521,0
                  -55.9325349617662,-23.9551958605767,0
                  -55.9325916990755,-23.9550949999073,0
                  -55.9323199991383,-23.9555100001521,0
                </coordinates>
              </LinearRing>
            </outerBoundaryIs>
          </Polygon>
        </MultiGeometry>
      </Placemark>
      <Placemark id="Distrito_YPEJH__.10">
        <ExtendedData>
          <SchemaData schemaUrl="#Distrito_YPEJH__.schema">
            <SimpleData name="Cédula">6826752.00000000000</SimpleData>
            <SimpleData name="cedula">6826752</SimpleData>
            <SimpleData name="Nombres_y_">ELIANA RECALDE ISACIO</SimpleData>
            <SimpleData name="Sexo">Mujer</SimpleData>
            <SimpleData name="Cambio_de_">NO</SimpleData>
            <SimpleData name="Titular_se">NO</SimpleData>
            <SimpleData name="Situación">NO</SimpleData>
            <SimpleData name="Comunidad">Ind?gena</SimpleData>
            <SimpleData name="Modelo_imp">Modelo 5</SimpleData>
            <SimpleData name="Departamen">CANINDEYU</SimpleData>
            <SimpleData name="Distrito">YPEJH?</SimpleData>
            <SimpleData name="Localidad">COM INDIG ITANARA-PARIRI</SimpleData>
            <SimpleData name="Teléfono">ND</SimpleData>
            <SimpleData name="Vivienda_L">-23.87488730000</SimpleData>
            <SimpleData name="Vivienda_1">-55.70178990000</SimpleData>
            <SimpleData name="Superficie">0.70000000000</SimpleData>
            <SimpleData name="Situaci_1">Par?metro</SimpleData>
            <SimpleData name="Plantado">Si</SimpleData>
            <SimpleData name="Parcela_La">-55.70154261000</SimpleData>
            <SimpleData name="Parcela_Lo">-23.87448603000</SimpleData>
            <SimpleData name="Grupo_Impl">G2</SimpleData>
            <SimpleData name="Grupo_de_P">H-P9-XX-XX-XX</SimpleData>
            <SimpleData name="Jornales">0.00000000000</SimpleData>
            <SimpleData name="Monto">0.00000000000</SimpleData>
            <SimpleData name="ETAPA_FAO">Mantenimiento A?o 1.1</SimpleData>
            <SimpleData name="Estado_del">Activo</SimpleData>
            <SimpleData name="Adjudicado">SI</SimpleData>
            <SimpleData name="Empresa">Hyh Consultores SRL</SimpleData>
            <SimpleData name="Lote">H</SimpleData>
            <SimpleData name="Monitorear">Si</SimpleData>
            <SimpleData name="Fecha_de_M">-</SimpleData>
            <SimpleData name="F__de_pren">-</SimpleData>
            <SimpleData name="Estado_FAO">Monitorear</SimpleData>
            <SimpleData name="Etapa_de_i">Mantenimiento A?o 1.1</SimpleData>
            <SimpleData name="Fecha_visi">2026/08/25</SimpleData>
            <SimpleData name="Cumple_sup">Si</SimpleData>
            <SimpleData name="Estado_mon">-</SimpleData>
            <SimpleData name="Situaci_12">-</SimpleData>
            <SimpleData name="Observaci">-</SimpleData>
            <SimpleData name="Dias_trans">5.38261574074</SimpleData>
            <SimpleData name="Prioridad">ALTA</SimpleData>
            <SimpleData name="OBJECTID_1">81</SimpleData>
          </SchemaData>
        </ExtendedData>
        <MultiGeometry>
          <Polygon>
            <outerBoundaryIs>
              <LinearRing>
                <coordinates>
                  -55.7009991999289,-23.8743058003938,0
                  -55.7006616991002,-23.8744216000313,0
                  -55.7005441996998,-23.8745083998036,0
                  -55.7006563994013,-23.8746305999086,0
                  -55.7009492998979,-23.8749307999854,0
                  -55.7011283992093,-23.8748431001097,0
                  -55.7011704997835,-23.8748200997667,0
                  -55.7012567995462,-23.8747864998739,0
                  -55.7014754992623,-23.8747219998739,0
                  -55.7018035993444,-23.8745783998267,0
                  -55.7017834998617,-23.8742440999907,0
                  -55.70173949904,-23.8740837001023,0
                  -55.7015518998982,-23.8741185002852,0
                  -55.7014650998247,-23.8741835000757,0
                  -55.7014069994397,-23.8743161004697,0
                  -55.7012269997935,-23.874402099823,0
                  -55.701126499622,-23.8744798997456,0
                  -55.7009991999289,-23.8743058003938,0
                </coordinates>
              </LinearRing>
            </outerBoundaryIs>
          </Polygon>
          <Polygon>
            <outerBoundaryIs>
              <LinearRing>
                <coordinates>
                  -55.7021565996108,-23.8748263002175,0
                  -55.7022911999463,-23.8746995002672,0
                  -55.7022435994332,-23.8744585997101,0
                  -55.7023265998104,-23.8741038996522,0
                  -55.7022634991174,-23.8740044001684,0
                  -55.7021910992354,-23.8740045004536,0
                  -55.7018820996106,-23.8740864001544,0
                  -55.7019191991285,-23.8745081998393,0
                  -55.7018807991191,-23.8748269003552,0
                  -55.7020436998835,-23.8748476002331,0
                  -55.7021565996108,-23.8748263002175,0
                </coordinates>
              </LinearRing>
            </outerBoundaryIs>
          </Polygon>
        </MultiGeometry>
      </Placemark>
      <Placemark id="Distrito_YPEJH__.11">
        <ExtendedData>
          <SchemaData schemaUrl="#Distrito_YPEJH__.schema">
            <SimpleData name="Cédula">5372854.00000000000</SimpleData>
            <SimpleData name="cedula">5372854</SimpleData>
            <SimpleData name="Nombres_y_">MARILINA BENITEZ ROMERO</SimpleData>
            <SimpleData name="Sexo">Mujer</SimpleData>
            <SimpleData name="Cambio_de_">NO</SimpleData>
            <SimpleData name="Titular_se">NO</SimpleData>
            <SimpleData name="Situación">NO</SimpleData>
            <SimpleData name="Comunidad">Ind?gena</SimpleData>
            <SimpleData name="Modelo_imp">Modelo 5</SimpleData>
            <SimpleData name="Departamen">CANINDEYU</SimpleData>
            <SimpleData name="Distrito">YPEJH?</SimpleData>
            <SimpleData name="Localidad">COM INDIG YVY PAVE CA?ADA</SimpleData>
            <SimpleData name="Teléfono">0982917209</SimpleData>
            <SimpleData name="Vivienda_L">-23.95953830000</SimpleData>
            <SimpleData name="Vivienda_1">-55.90760680000</SimpleData>
            <SimpleData name="Superficie">0.70000000000</SimpleData>
            <SimpleData name="Situaci_1">Par?metro</SimpleData>
            <SimpleData name="Plantado">Si</SimpleData>
            <SimpleData name="Parcela_La">-55.91205861000</SimpleData>
            <SimpleData name="Parcela_Lo">-23.96031527000</SimpleData>
            <SimpleData name="Grupo_Impl">G2</SimpleData>
            <SimpleData name="Grupo_de_P">H-P9-XX-XX-XX</SimpleData>
            <SimpleData name="Jornales">0.00000000000</SimpleData>
            <SimpleData name="Monto">0.00000000000</SimpleData>
            <SimpleData name="ETAPA_FAO">Mantenimiento A?o 1.1</SimpleData>
            <SimpleData name="Estado_del">Activo</SimpleData>
            <SimpleData name="Adjudicado">SI</SimpleData>
            <SimpleData name="Empresa">Hyh Consultores SRL</SimpleData>
            <SimpleData name="Lote">H</SimpleData>
            <SimpleData name="Monitorear">No</SimpleData>
            <SimpleData name="Fecha_de_M">-</SimpleData>
            <SimpleData name="F__de_pren">-</SimpleData>
            <SimpleData name="Estado_FAO">Monitorear</SimpleData>
            <SimpleData name="Etapa_de_i">Mantenimiento A?o 1.1</SimpleData>
            <SimpleData name="Fecha_visi">2026/08/13</SimpleData>
            <SimpleData name="Cumple_sup">Si</SimpleData>
            <SimpleData name="Estado_mon">-</SimpleData>
            <SimpleData name="Situaci_12">-</SimpleData>
            <SimpleData name="Observaci">-</SimpleData>
            <SimpleData name="Dias_trans">17.35321759260</SimpleData>
            <SimpleData name="Prioridad">ALTA</SimpleData>
            <SimpleData name="OBJECTID_1">84</SimpleData>
          </SchemaData>
        </ExtendedData>
        <Polygon>
          <outerBoundaryIs>
            <LinearRing>
              <coordinates>
                -55.9117274002835,-23.9607815999962,0
                -55.9122812000585,-23.9608615004083,0
                -55.9125032996169,-23.9608577997726,0
                -55.912337999638,-23.959734200337,0
                -55.9120306001564,-23.9597879000974,0
                -55.9116125002668,-23.9598429999681,0
                -55.9117274002835,-23.9607815999962,0
              </coordinates>
            </LinearRing>
          </outerBoundaryIs>
        </Polygon>
      </Placemark>
      <Placemark id="Distrito_YPEJH__.12">
        <ExtendedData>
          <SchemaData schemaUrl="#Distrito_YPEJH__.schema">
            <SimpleData name="Cédula">7288574.00000000000</SimpleData>
            <SimpleData name="cedula">7288574</SimpleData>
            <SimpleData name="Nombres_y_">CLARA VERGARA BRITEZ</SimpleData>
            <SimpleData name="Sexo">Mujer</SimpleData>
            <SimpleData name="Cambio_de_">NO</SimpleData>
            <SimpleData name="Titular_se">NO</SimpleData>
            <SimpleData name="Situación">NO</SimpleData>
            <SimpleData name="Comunidad">Ind?gena</SimpleData>
            <SimpleData name="Modelo_imp">Modelo 1</SimpleData>
            <SimpleData name="Departamen">CANINDEYU</SimpleData>
            <SimpleData name="Distrito">YPEJH?</SimpleData>
            <SimpleData name="Localidad">COM INDIG ITANARA-PARIRI</SimpleData>
            <SimpleData name="Teléfono">ND</SimpleData>
            <SimpleData name="Vivienda_L">-23.87024530000</SimpleData>
            <SimpleData name="Vivienda_1">-55.68609690000</SimpleData>
            <SimpleData name="Superficie">0.80000000000</SimpleData>
            <SimpleData name="Situaci_1">Par?metro</SimpleData>
            <SimpleData name="Plantado">Si</SimpleData>
            <SimpleData name="Parcela_La">-55.69129020000</SimpleData>
            <SimpleData name="Parcela_Lo">-23.86978486000</SimpleData>
            <SimpleData name="Grupo_Impl">G2</SimpleData>
            <SimpleData name="Grupo_de_P">H-P8-XX-XX-XX</SimpleData>
            <SimpleData name="Jornales">0.00000000000</SimpleData>
            <SimpleData name="Monto">0.00000000000</SimpleData>
            <SimpleData name="ETAPA_FAO">Mantenimiento A?o 1.1</SimpleData>
            <SimpleData name="Estado_del">Activo</SimpleData>
            <SimpleData name="Adjudicado">SI</SimpleData>
            <SimpleData name="Empresa">Hyh Consultores SRL</SimpleData>
            <SimpleData name="Lote">H</SimpleData>
            <SimpleData name="Monitorear">No</SimpleData>
            <SimpleData name="Fecha_de_M">-</SimpleData>
            <SimpleData name="F__de_pren">-</SimpleData>
            <SimpleData name="Estado_FAO">Monitorear</SimpleData>
            <SimpleData name="Etapa_de_i">Mantenimiento A?o 1.1</SimpleData>
            <SimpleData name="Fecha_visi">2026/08/24</SimpleData>
            <SimpleData name="Cumple_sup">Si</SimpleData>
            <SimpleData name="Estado_mon">-</SimpleData>
            <SimpleData name="Situaci_12">-</SimpleData>
            <SimpleData name="Observaci">-</SimpleData>
            <SimpleData name="Dias_trans">6.28553240740</SimpleData>
            <SimpleData name="Prioridad">ALTA</SimpleData>
            <SimpleData name="OBJECTID_1">96</SimpleData>
          </SchemaData>
        </ExtendedData>
        <Polygon>
          <outerBoundaryIs>
            <LinearRing>
              <coordinates>
                -55.6916662996158,-23.8692177996753,0
                -55.6915412997741,-23.869257499796,0
                -55.691392399124,-23.8692483005092,0
                -55.6910495996446,-23.869437399933,0
                -55.6908983995095,-23.8695552996892,0
                -55.6908181999368,-23.8696563997884,0
                -55.6905643992804,-23.8697901002363,0
                -55.6906931991728,-23.8700949003631,0
                -55.6909924998872,-23.8704016000946,0
                -55.6912492995168,-23.8702423996931,0
                -55.6915299992334,-23.8700988998259,0
                -55.691702199859,-23.8700628005381,0
                -55.6919250991343,-23.8698110002183,0
                -55.6919936999692,-23.8696856000986,0
                -55.6919058991042,-23.8695331999188,0
                -55.6916662996158,-23.8692177996753,0
              </coordinates>
            </LinearRing>
          </outerBoundaryIs>
        </Polygon>
      </Placemark>
      <Placemark id="Distrito_YPEJH__.13">
        <ExtendedData>
          <SchemaData schemaUrl="#Distrito_YPEJH__.schema">
            <SimpleData name="Cédula">8061297.00000000000</SimpleData>
            <SimpleData name="cedula">8061297</SimpleData>
            <SimpleData name="Nombres_y_">SEBASTIAN CACERES BENITEZ</SimpleData>
            <SimpleData name="Sexo">Hombre</SimpleData>
            <SimpleData name="Cambio_de_">NO</SimpleData>
            <SimpleData name="Titular_se">NO</SimpleData>
            <SimpleData name="Situación">NO</SimpleData>
            <SimpleData name="Comunidad">Ind?gena</SimpleData>
            <SimpleData name="Modelo_imp">Modelo 1</SimpleData>
            <SimpleData name="Departamen">CANINDEYU</SimpleData>
            <SimpleData name="Distrito">YPEJH?</SimpleData>
            <SimpleData name="Localidad"><![CDATA[COM INDIG KA'AGUY POTYRA]]></SimpleData>
            <SimpleData name="Teléfono">ND</SimpleData>
            <SimpleData name="Vivienda_L">-23.93054830000</SimpleData>
            <SimpleData name="Vivienda_1">-55.86960830000</SimpleData>
            <SimpleData name="Superficie">0.80000000000</SimpleData>
            <SimpleData name="Situaci_1">Pol?gono</SimpleData>
            <SimpleData name="Plantado">Si</SimpleData>
            <SimpleData name="Parcela_La">-55.86931984000</SimpleData>
            <SimpleData name="Parcela_Lo">-23.92971565000</SimpleData>
            <SimpleData name="Grupo_Impl">G2</SimpleData>
            <SimpleData name="Grupo_de_P">H-P8-XX-XX-XX</SimpleData>
            <SimpleData name="Jornales">0.00000000000</SimpleData>
            <SimpleData name="Monto">0.00000000000</SimpleData>
            <SimpleData name="ETAPA_FAO">Mantenimiento A?o 1.1</SimpleData>
            <SimpleData name="Estado_del">Activo</SimpleData>
            <SimpleData name="Adjudicado">SI</SimpleData>
            <SimpleData name="Empresa">Hyh Consultores SRL</SimpleData>
            <SimpleData name="Lote">H</SimpleData>
            <SimpleData name="Monitorear">No</SimpleData>
            <SimpleData name="Fecha_de_M">-</SimpleData>
            <SimpleData name="F__de_pren">-</SimpleData>
            <SimpleData name="Estado_FAO">Verificar posible desercion</SimpleData>
            <SimpleData name="Etapa_de_i">Mantenimiento A?o 1.1</SimpleData>
            <SimpleData name="Fecha_visi">2026/08/27</SimpleData>
            <SimpleData name="Cumple_sup">-</SimpleData>
            <SimpleData name="Estado_mon">-</SimpleData>
            <SimpleData name="Situaci_12">-</SimpleData>
            <SimpleData name="Observaci">Parcela abandonada</SimpleData>
            <SimpleData name="Dias_trans">3.43734204861</SimpleData>
            <SimpleData name="Prioridad">ALTA</SimpleData>
            <SimpleData name="OBJECTID_1">97</SimpleData>
          </SchemaData>
        </ExtendedData>
        <Polygon>
          <outerBoundaryIs>
            <LinearRing>
              <coordinates>
                -55.8696588098428,-23.929563743428,0
                -55.8696316996422,-23.9295487003403,0
                -55.8694301003557,-23.9292432004154,0
                -55.8695284034967,-23.9291720092623,0
                -55.8695283000816,-23.9291716996349,0
                -55.8688000001739,-23.929303300316,0
                -55.8689011997233,-23.9299425001923,0
                -55.8699100001347,-23.9303183004891,0
                -55.8696588098428,-23.929563743428,0
              </coordinates>
            </LinearRing>
          </outerBoundaryIs>
        </Polygon>
      </Placemark>
      <Placemark id="Distrito_YPEJH__.14">
        <ExtendedData>
          <SchemaData schemaUrl="#Distrito_YPEJH__.schema">
            <SimpleData name="Cédula">6720871.00000000000</SimpleData>
            <SimpleData name="cedula">6720871</SimpleData>
            <SimpleData name="Nombres_y_">ELADIA ARCE BENITEZ</SimpleData>
            <SimpleData name="Sexo">Mujer</SimpleData>
            <SimpleData name="Cambio_de_">NO</SimpleData>
            <SimpleData name="Titular_se">NO</SimpleData>
            <SimpleData name="Situación">NO</SimpleData>
            <SimpleData name="Comunidad">Ind?gena</SimpleData>
            <SimpleData name="Modelo_imp">Modelo 4</SimpleData>
            <SimpleData name="Departamen">CANINDEYU</SimpleData>
            <SimpleData name="Distrito">YPEJH?</SimpleData>
            <SimpleData name="Localidad">COM INDIG KABAYU PASO</SimpleData>
            <SimpleData name="Teléfono">ND</SimpleData>
            <SimpleData name="Vivienda_L">-23.99499880000</SimpleData>
            <SimpleData name="Vivienda_1">-55.86817830000</SimpleData>
            <SimpleData name="Superficie">0.70000000000</SimpleData>
            <SimpleData name="Situaci_1">Pol?gono</SimpleData>
            <SimpleData name="Plantado">Si</SimpleData>
            <SimpleData name="Parcela_La">-55.86785138000</SimpleData>
            <SimpleData name="Parcela_Lo">-23.99557504000</SimpleData>
            <SimpleData name="Grupo_Impl">G2</SimpleData>
            <SimpleData name="Grupo_de_P">H-P3-XX-XX-XX</SimpleData>
            <SimpleData name="Jornales">0.00000000000</SimpleData>
            <SimpleData name="Monto">0.00000000000</SimpleData>
            <SimpleData name="ETAPA_FAO">Mantenimiento A?o 1.1</SimpleData>
            <SimpleData name="Estado_del">Activo</SimpleData>
            <SimpleData name="Adjudicado">SI</SimpleData>
            <SimpleData name="Empresa">Hyh Consultores SRL</SimpleData>
            <SimpleData name="Lote">H</SimpleData>
            <SimpleData name="Monitorear">No</SimpleData>
            <SimpleData name="Fecha_de_M">13/7/2026</SimpleData>
            <SimpleData name="F__de_pren">70</SimpleData>
            <SimpleData name="Estado_FAO">Monitorear- Reposicion</SimpleData>
            <SimpleData name="Etapa_de_i">Mantenimiento A?o 1.1</SimpleData>
            <SimpleData name="Fecha_visi">2026/08/29</SimpleData>
            <SimpleData name="Estado_mon">??????NO CUMPLE??????</SimpleData>
            <SimpleData name="Situaci_12">En el momento del monitoreo de la parcela no se visualiza la cantidad m?nima de plantines requerido por el modelo. Por estr?s hidrico.</SimpleData>
            <SimpleData name="Dias_trans">1.59872497685</SimpleData>
            <SimpleData name="Prioridad">ALTA</SimpleData>
            <SimpleData name="OBJECTID_1">354</SimpleData>
          </SchemaData>
        </ExtendedData>
        <Polygon>
          <outerBoundaryIs>
            <LinearRing>
              <coordinates>
                -55.8673177363327,-23.9957338400604,0
                -55.8674013006635,-23.9959267999673,0
                -55.8674664832373,-23.9959196429123,0
                -55.8684049993789,-23.9958166001469,0
                -55.8682845998959,-23.9951370004564,0
                -55.8672029997967,-23.9954689004139,0
                -55.8673177363327,-23.9957338400604,0
              </coordinates>
            </LinearRing>
          </outerBoundaryIs>
        </Polygon>
      </Placemark>
      <Placemark id="Distrito_YPEJH__.15">
        <ExtendedData>
          <SchemaData schemaUrl="#Distrito_YPEJH__.schema">
            <SimpleData name="Cédula">6829246.00000000000</SimpleData>
            <SimpleData name="cedula">6829246</SimpleData>
            <SimpleData name="Nombres_y_">REGINA LOPEZ BENITEZ</SimpleData>
            <SimpleData name="Sexo">Mujer</SimpleData>
            <SimpleData name="Cambio_de_">NO</SimpleData>
            <SimpleData name="Titular_se">NO</SimpleData>
            <SimpleData name="Situación">NO</SimpleData>
            <SimpleData name="Comunidad">Ind?gena</SimpleData>
            <SimpleData name="Modelo_imp">Modelo 2</SimpleData>
            <SimpleData name="Departamen">CANINDEYU</SimpleData>
            <SimpleData name="Distrito">YPEJH?</SimpleData>
            <SimpleData name="Localidad">COM INDIG ITANARA-PARIRI</SimpleData>
            <SimpleData name="Teléfono">ND</SimpleData>
            <SimpleData name="Vivienda_L">-23.83771170000</SimpleData>
            <SimpleData name="Vivienda_1">-55.68359200000</SimpleData>
            <SimpleData name="Superficie">0.80000000000</SimpleData>
            <SimpleData name="Situaci_1">Par?metro</SimpleData>
            <SimpleData name="Plantado">Si</SimpleData>
            <SimpleData name="Parcela_La">-55.68667178000</SimpleData>
            <SimpleData name="Parcela_Lo">-23.84075350000</SimpleData>
            <SimpleData name="Grupo_Impl">G2</SimpleData>
            <SimpleData name="Grupo_de_P">H-P9-XX-XX-XX</SimpleData>
            <SimpleData name="Jornales">0.00000000000</SimpleData>
            <SimpleData name="Monto">0.00000000000</SimpleData>
            <SimpleData name="ETAPA_FAO">Mantenimiento A?o 1.1</SimpleData>
            <SimpleData name="Estado_del">Activo</SimpleData>
            <SimpleData name="Adjudicado">SI</SimpleData>
            <SimpleData name="Empresa">Hyh Consultores SRL</SimpleData>
            <SimpleData name="Lote">H</SimpleData>
            <SimpleData name="Monitorear">Si</SimpleData>
            <SimpleData name="Fecha_de_M">-</SimpleData>
            <SimpleData name="F__de_pren">-</SimpleData>
            <SimpleData name="Estado_FAO">Monitorear</SimpleData>
            <SimpleData name="Etapa_de_i">Mantenimiento A?o 1.1</SimpleData>
            <SimpleData name="Fecha_visi">2026/08/18</SimpleData>
            <SimpleData name="Cumple_sup">Si</SimpleData>
            <SimpleData name="Estado_mon">-</SimpleData>
            <SimpleData name="Situaci_12">-</SimpleData>
            <SimpleData name="Observaci">-</SimpleData>
            <SimpleData name="Dias_trans">12.64386574070</SimpleData>
            <SimpleData name="Prioridad">ALTA</SimpleData>
            <SimpleData name="OBJECTID_1">63</SimpleData>
          </SchemaData>
        </ExtendedData>
        <Polygon>
          <outerBoundaryIs>
            <LinearRing>
              <coordinates>
                -55.6863309003289,-23.8411488003946,0
                -55.686941300205,-23.8412194998184,0
                -55.6870764004353,-23.8411867004488,0
                -55.687308200435,-23.8405279004032,0
                -55.686472700027,-23.8401729002787,0
                -55.6859846999368,-23.8409831997177,0
                -55.6863309003289,-23.8411488003946,0
              </coordinates>
            </LinearRing>
          </outerBoundaryIs>
        </Polygon>
      </Placemark>
      <Placemark id="Distrito_YPEJH__.16">
        <ExtendedData>
          <SchemaData schemaUrl="#Distrito_YPEJH__.schema">
            <SimpleData name="Cédula">6638839.00000000000</SimpleData>
            <SimpleData name="cedula">6638839</SimpleData>
            <SimpleData name="Nombres_y_">NORMA MARTINEZ BENITEZ</SimpleData>
            <SimpleData name="Sexo">Mujer</SimpleData>
            <SimpleData name="Cambio_de_">NO</SimpleData>
            <SimpleData name="Titular_se">NO</SimpleData>
            <SimpleData name="Situación">NO</SimpleData>
            <SimpleData name="Comunidad">Ind?gena</SimpleData>
            <SimpleData name="Modelo_imp">Modelo 1</SimpleData>
            <SimpleData name="Departamen">CANINDEYU</SimpleData>
            <SimpleData name="Distrito">YPEJH?</SimpleData>
            <SimpleData name="Localidad">COM INDIG PYPUCU</SimpleData>
            <SimpleData name="Teléfono">0981074473</SimpleData>
            <SimpleData name="Vivienda_L">-23.90630090000</SimpleData>
            <SimpleData name="Vivienda_1">-55.67018730000</SimpleData>
            <SimpleData name="Superficie">0.80000000000</SimpleData>
            <SimpleData name="Situaci_1">Par?metro</SimpleData>
            <SimpleData name="Plantado">Si</SimpleData>
            <SimpleData name="Parcela_La">-55.67217992000</SimpleData>
            <SimpleData name="Parcela_Lo">-23.90543475000</SimpleData>
            <SimpleData name="Grupo_Impl">G2</SimpleData>
            <SimpleData name="Grupo_de_P">H-P6-XX-XX-XX</SimpleData>
            <SimpleData name="Jornales">0.00000000000</SimpleData>
            <SimpleData name="Monto">0.00000000000</SimpleData>
            <SimpleData name="ETAPA_FAO">Mantenimiento A?o 1.1</SimpleData>
            <SimpleData name="Estado_del">Activo</SimpleData>
            <SimpleData name="Adjudicado">SI</SimpleData>
            <SimpleData name="Empresa">Hyh Consultores SRL</SimpleData>
            <SimpleData name="Lote">H</SimpleData>
            <SimpleData name="Monitorear">Si</SimpleData>
            <SimpleData name="Fecha_de_M">-</SimpleData>
            <SimpleData name="F__de_pren">-</SimpleData>
            <SimpleData name="Estado_FAO">Monitorear</SimpleData>
            <SimpleData name="Etapa_de_i">Mantenimiento A?o 1.1</SimpleData>
            <SimpleData name="Fecha_visi">2026/08/28</SimpleData>
            <SimpleData name="Cumple_sup">Si</SimpleData>
            <SimpleData name="Estado_mon">-</SimpleData>
            <SimpleData name="Situaci_12">-</SimpleData>
            <SimpleData name="Observaci">-</SimpleData>
            <SimpleData name="Dias_trans">2.15611111111</SimpleData>
            <SimpleData name="Prioridad">ALTA</SimpleData>
            <SimpleData name="OBJECTID_1">66</SimpleData>
          </SchemaData>
        </ExtendedData>
        <Polygon>
          <outerBoundaryIs>
            <LinearRing>
              <coordinates>
                -55.6713192788466,-23.9050520786873,0
                -55.6719473007573,-23.9056318513149,0
                -55.6726555001751,-23.9062259998055,0
                -55.6730322000758,-23.9058579000184,0
                -55.6718044995437,-23.9046516998923,0
                -55.6713192788466,-23.9050520786873,0
              </coordinates>
            </LinearRing>
          </outerBoundaryIs>
        </Polygon>
      </Placemark>
      <Placemark id="Distrito_YPEJH__.17">
        <ExtendedData>
          <SchemaData schemaUrl="#Distrito_YPEJH__.schema">
            <SimpleData name="Cédula">5829448.00000000000</SimpleData>
            <SimpleData name="cedula">5829448</SimpleData>
            <SimpleData name="Nombres_y_">NILSA VALIENTE GONZALEZ</SimpleData>
            <SimpleData name="Sexo">Mujer</SimpleData>
            <SimpleData name="Cambio_de_">NO</SimpleData>
            <SimpleData name="Titular_se">NO</SimpleData>
            <SimpleData name="Situación">NO</SimpleData>
            <SimpleData name="Comunidad">Ind?gena</SimpleData>
            <SimpleData name="Modelo_imp">Modelo 1</SimpleData>
            <SimpleData name="Departamen">CANINDEYU</SimpleData>
            <SimpleData name="Distrito">YPEJH?</SimpleData>
            <SimpleData name="Localidad">COM INDIG ITANARA-PARIRI</SimpleData>
            <SimpleData name="Teléfono">0982744976</SimpleData>
            <SimpleData name="Vivienda_L">-23.83634710000</SimpleData>
            <SimpleData name="Vivienda_1">-55.68310970000</SimpleData>
            <SimpleData name="Superficie">0.80000000000</SimpleData>
            <SimpleData name="Situaci_1">Par?metro</SimpleData>
            <SimpleData name="Plantado">Si</SimpleData>
            <SimpleData name="Parcela_La">-55.69127584000</SimpleData>
            <SimpleData name="Parcela_Lo">-23.84063915000</SimpleData>
            <SimpleData name="Grupo_Impl">G2</SimpleData>
            <SimpleData name="Grupo_de_P">H-P6-XX-XX-XX</SimpleData>
            <SimpleData name="Jornales">0.00000000000</SimpleData>
            <SimpleData name="Monto">0.00000000000</SimpleData>
            <SimpleData name="ETAPA_FAO">Mantenimiento A?o 1.1</SimpleData>
            <SimpleData name="Estado_del">Activo</SimpleData>
            <SimpleData name="Adjudicado">SI</SimpleData>
            <SimpleData name="Empresa">Hyh Consultores SRL</SimpleData>
            <SimpleData name="Lote">H</SimpleData>
            <SimpleData name="Monitorear">Si</SimpleData>
            <SimpleData name="Fecha_de_M">-</SimpleData>
            <SimpleData name="F__de_pren">-</SimpleData>
            <SimpleData name="Estado_FAO">Monitorear</SimpleData>
            <SimpleData name="Etapa_de_i">Mantenimiento A?o 1.1</SimpleData>
            <SimpleData name="Fecha_visi">2026/08/21</SimpleData>
            <SimpleData name="Cumple_sup">Si</SimpleData>
            <SimpleData name="Estado_mon">-</SimpleData>
            <SimpleData name="Situaci_12">-</SimpleData>
            <SimpleData name="Observaci">-</SimpleData>
            <SimpleData name="Dias_trans">9.09403935185</SimpleData>
            <SimpleData name="Prioridad">ALTA</SimpleData>
            <SimpleData name="OBJECTID_1">55</SimpleData>
          </SchemaData>
        </ExtendedData>
        <Polygon>
          <outerBoundaryIs>
            <LinearRing>
              <coordinates>
                -55.6910955002577,-23.8411564998985,0
                -55.6916405003559,-23.8412740002787,0
                -55.6917875000765,-23.8411824001956,0
                -55.6917779004846,-23.8410582000969,0
                -55.6916864004744,-23.8408827000579,0
                -55.6915171995809,-23.8405844002114,0
                -55.6915485000771,-23.8401048996612,0
                -55.6915117002743,-23.8400743996383,0
                -55.6912159000524,-23.8399832998952,0
                -55.6908539996076,-23.840109399561,0
                -55.6908294995281,-23.8401680998122,0
                -55.6909214002565,-23.8407440996531,0
                -55.6910222003312,-23.8411326001077,0
                -55.6910955002577,-23.8411564998985,0
              </coordinates>
            </LinearRing>
          </outerBoundaryIs>
        </Polygon>
      </Placemark>
      <Placemark id="Distrito_YPEJH__.18">
        <ExtendedData>
          <SchemaData schemaUrl="#Distrito_YPEJH__.schema">
            <SimpleData name="Cédula">4046191.00000000000</SimpleData>
            <SimpleData name="cedula">4046191</SimpleData>
            <SimpleData name="Nombres_y_">CRISTINA ROMERO</SimpleData>
            <SimpleData name="Sexo">Mujer</SimpleData>
            <SimpleData name="Cambio_de_">NO</SimpleData>
            <SimpleData name="Titular_se">NO</SimpleData>
            <SimpleData name="Situación">NO</SimpleData>
            <SimpleData name="Comunidad">Ind?gena</SimpleData>
            <SimpleData name="Modelo_imp">Modelo 4</SimpleData>
            <SimpleData name="Departamen">CANINDEYU</SimpleData>
            <SimpleData name="Distrito">YPEJH?</SimpleData>
            <SimpleData name="Localidad">COM INDIG YVY PAVE CA?ADA</SimpleData>
            <SimpleData name="Teléfono">0983433196</SimpleData>
            <SimpleData name="Vivienda_L">-23.95908060000</SimpleData>
            <SimpleData name="Vivienda_1">-55.90594630000</SimpleData>
            <SimpleData name="Superficie">0.70000000000</SimpleData>
            <SimpleData name="Situaci_1">Par?metro</SimpleData>
            <SimpleData name="Plantado">Si</SimpleData>
            <SimpleData name="Parcela_La">-55.90608795000</SimpleData>
            <SimpleData name="Parcela_Lo">-23.96052372000</SimpleData>
            <SimpleData name="Grupo_Impl">G2</SimpleData>
            <SimpleData name="Grupo_de_P">H-P6-XX-XX-XX</SimpleData>
            <SimpleData name="Jornales">0.00000000000</SimpleData>
            <SimpleData name="Monto">0.00000000000</SimpleData>
            <SimpleData name="ETAPA_FAO">Mantenimiento A?o 1.1</SimpleData>
            <SimpleData name="Estado_del">Activo</SimpleData>
            <SimpleData name="Adjudicado">SI</SimpleData>
            <SimpleData name="Empresa">Hyh Consultores SRL</SimpleData>
            <SimpleData name="Lote">H</SimpleData>
            <SimpleData name="Monitorear">No</SimpleData>
            <SimpleData name="Fecha_de_M">-</SimpleData>
            <SimpleData name="F__de_pren">-</SimpleData>
            <SimpleData name="Estado_FAO">Monitorear</SimpleData>
            <SimpleData name="Etapa_de_i">Mantenimiento A?o 1.1</SimpleData>
            <SimpleData name="Fecha_visi">2026/08/08</SimpleData>
            <SimpleData name="Cumple_sup">Si</SimpleData>
            <SimpleData name="Estado_mon">-</SimpleData>
            <SimpleData name="Situaci_12">-</SimpleData>
            <SimpleData name="Observaci">-</SimpleData>
            <SimpleData name="Dias_trans">22.51288194440</SimpleData>
            <SimpleData name="Prioridad">ALTA</SimpleData>
            <SimpleData name="OBJECTID_1">85</SimpleData>
          </SchemaData>
        </ExtendedData>
        <Polygon>
          <outerBoundaryIs>
            <LinearRing>
              <coordinates>
                -55.9054608638855,-23.9603090507113,0
                -55.905522220162,-23.9608636051653,0
                -55.9066718812781,-23.9607560644969,0
                -55.9066873039829,-23.9601794493385,0
                -55.9054608638855,-23.9603090507113,0
              </coordinates>
            </LinearRing>
          </outerBoundaryIs>
        </Polygon>
      </Placemark>
      <Placemark id="Distrito_YPEJH__.19">
        <ExtendedData>
          <SchemaData schemaUrl="#Distrito_YPEJH__.schema">
            <SimpleData name="Cédula">5885709.00000000000</SimpleData>
            <SimpleData name="cedula">5885709</SimpleData>
            <SimpleData name="Nombres_y_">MARCIA MARTINEZ CANEIRO</SimpleData>
            <SimpleData name="Sexo">Mujer</SimpleData>
            <SimpleData name="Cambio_de_">NO</SimpleData>
            <SimpleData name="Titular_se">NO</SimpleData>
            <SimpleData name="Situación">NO</SimpleData>
            <SimpleData name="Comunidad">Ind?gena</SimpleData>
            <SimpleData name="Modelo_imp">Modelo 1</SimpleData>
            <SimpleData name="Departamen">CANINDEYU</SimpleData>
            <SimpleData name="Distrito">YPEJH?</SimpleData>
            <SimpleData name="Localidad">COM INDIG ITANARA-PARIRI</SimpleData>
            <SimpleData name="Teléfono">0985571060</SimpleData>
            <SimpleData name="Vivienda_L">-23.83837330000</SimpleData>
            <SimpleData name="Vivienda_1">-55.68810500000</SimpleData>
            <SimpleData name="Superficie">0.80000000000</SimpleData>
            <SimpleData name="Situaci_1">Par?metro</SimpleData>
            <SimpleData name="Plantado">Si</SimpleData>
            <SimpleData name="Parcela_La">-55.68844051000</SimpleData>
            <SimpleData name="Parcela_Lo">-23.83760908000</SimpleData>
            <SimpleData name="Grupo_Impl">G2</SimpleData>
            <SimpleData name="Grupo_de_P">H-P7-XX-XX-XX</SimpleData>
            <SimpleData name="Jornales">0.00000000000</SimpleData>
            <SimpleData name="Monto">0.00000000000</SimpleData>
            <SimpleData name="ETAPA_FAO">Mantenimiento A?o 1.1</SimpleData>
            <SimpleData name="Estado_del">Activo</SimpleData>
            <SimpleData name="Adjudicado">SI</SimpleData>
            <SimpleData name="Empresa">Hyh Consultores SRL</SimpleData>
            <SimpleData name="Lote">H</SimpleData>
            <SimpleData name="Monitorear">Si</SimpleData>
            <SimpleData name="Fecha_de_M">-</SimpleData>
            <SimpleData name="F__de_pren">-</SimpleData>
            <SimpleData name="Estado_FAO">Monitorear</SimpleData>
            <SimpleData name="Etapa_de_i">Mantenimiento A?o 1.1</SimpleData>
            <SimpleData name="Fecha_visi">2026/08/18</SimpleData>
            <SimpleData name="Cumple_sup">Si</SimpleData>
            <SimpleData name="Estado_mon">-</SimpleData>
            <SimpleData name="Situaci_12">-</SimpleData>
            <SimpleData name="Observaci">-</SimpleData>
            <SimpleData name="Dias_trans">12.43284722220</SimpleData>
            <SimpleData name="Prioridad">ALTA</SimpleData>
            <SimpleData name="OBJECTID_1">60</SimpleData>
          </SchemaData>
        </ExtendedData>
        <Polygon>
          <outerBoundaryIs>
            <LinearRing>
              <coordinates>
                -55.688214848227,-23.8370442296308,0
                -55.6882166999454,-23.8370450003749,0
                -55.6879162195418,-23.8378375753858,0
                -55.6879313999769,-23.8379037004576,0
                -55.6883928004369,-23.8381560000809,0
                -55.6886946998611,-23.8382643002645,0
                -55.6887723991716,-23.8381111006374,0
                -55.6886443993101,-23.8379701005666,0
                -55.6889111994704,-23.8375275008771,0
                -55.6889055995713,-23.8373081004803,0
                -55.6889097993055,-23.8371854002846,0
                -55.6887922999773,-23.8371111005256,0
                -55.6886674000865,-23.8371561999343,0
                -55.6882430993521,-23.8370021008686,0
                -55.688214848227,-23.8370442296308,0
              </coordinates>
            </LinearRing>
          </outerBoundaryIs>
        </Polygon>
      </Placemark>
      <Placemark id="Distrito_YPEJH__.20">
        <ExtendedData>
          <SchemaData schemaUrl="#Distrito_YPEJH__.schema">
            <SimpleData name="Cédula">7283500.00000000000</SimpleData>
            <SimpleData name="cedula">7283500</SimpleData>
            <SimpleData name="Nombres_y_">ANA BENITEZ GAUTO</SimpleData>
            <SimpleData name="Sexo">Mujer</SimpleData>
            <SimpleData name="Cambio_de_">NO</SimpleData>
            <SimpleData name="Titular_se">NO</SimpleData>
            <SimpleData name="Situación">NO</SimpleData>
            <SimpleData name="Comunidad">Ind?gena</SimpleData>
            <SimpleData name="Modelo_imp">Modelo 5</SimpleData>
            <SimpleData name="Departamen">CANINDEYU</SimpleData>
            <SimpleData name="Distrito">YPEJH?</SimpleData>
            <SimpleData name="Localidad">COM INDIG PYPUCU</SimpleData>
            <SimpleData name="Teléfono">0983405406</SimpleData>
            <SimpleData name="Vivienda_L">-23.90789770000</SimpleData>
            <SimpleData name="Vivienda_1">-55.67077310000</SimpleData>
            <SimpleData name="Superficie">0.70000000000</SimpleData>
            <SimpleData name="Situaci_1">Par?metro</SimpleData>
            <SimpleData name="Plantado">Si</SimpleData>
            <SimpleData name="Parcela_La">-55.67009845000</SimpleData>
            <SimpleData name="Parcela_Lo">-23.90843679000</SimpleData>
            <SimpleData name="Grupo_Impl">G2</SimpleData>
            <SimpleData name="Grupo_de_P">H-P6-XX-XX-XX</SimpleData>
            <SimpleData name="Jornales">0.00000000000</SimpleData>
            <SimpleData name="Monto">0.00000000000</SimpleData>
            <SimpleData name="ETAPA_FAO">Mantenimiento A?o 1.1</SimpleData>
            <SimpleData name="Estado_del">Activo</SimpleData>
            <SimpleData name="Adjudicado">SI</SimpleData>
            <SimpleData name="Empresa">Hyh Consultores SRL</SimpleData>
            <SimpleData name="Lote">H</SimpleData>
            <SimpleData name="Monitorear">Si</SimpleData>
            <SimpleData name="Fecha_de_M">-</SimpleData>
            <SimpleData name="F__de_pren">-</SimpleData>
            <SimpleData name="Estado_FAO">Monitorear</SimpleData>
            <SimpleData name="Etapa_de_i">Mantenimiento A?o 1.1</SimpleData>
            <SimpleData name="Fecha_visi">2026/08/25</SimpleData>
            <SimpleData name="Cumple_sup">Si</SimpleData>
            <SimpleData name="Estado_mon">-</SimpleData>
            <SimpleData name="Situaci_12">-</SimpleData>
            <SimpleData name="Observaci">-</SimpleData>
            <SimpleData name="Dias_trans">5.63290509259</SimpleData>
            <SimpleData name="Prioridad">ALTA</SimpleData>
            <SimpleData name="OBJECTID_1">72</SimpleData>
          </SchemaData>
        </ExtendedData>
        <Polygon>
          <outerBoundaryIs>
            <LinearRing>
              <coordinates>
                -55.6695911092834,-23.9085618852313,0
                -55.6699075184731,-23.9089290740974,0
                -55.6699134004103,-23.9089358998514,0
                -55.6707800003745,-23.9084182995734,0
                -55.6703483002899,-23.9079882999433,0
                -55.6694167998237,-23.9083595997813,0
                -55.6695911092834,-23.9085618852313,0
              </coordinates>
            </LinearRing>
          </outerBoundaryIs>
        </Polygon>
      </Placemark>
      <Placemark id="Distrito_YPEJH__.21">
        <ExtendedData>
          <SchemaData schemaUrl="#Distrito_YPEJH__.schema">
            <SimpleData name="Cédula">5885720.00000000000</SimpleData>
            <SimpleData name="cedula">5885720</SimpleData>
            <SimpleData name="Nombres_y_">FELICIA RAMIREZ NU?EZ</SimpleData>
            <SimpleData name="Sexo">Mujer</SimpleData>
            <SimpleData name="Cambio_de_">NO</SimpleData>
            <SimpleData name="Titular_se">NO</SimpleData>
            <SimpleData name="Situación">NO</SimpleData>
            <SimpleData name="Comunidad">Ind?gena</SimpleData>
            <SimpleData name="Modelo_imp">Modelo 2</SimpleData>
            <SimpleData name="Departamen">CANINDEYU</SimpleData>
            <SimpleData name="Distrito">YPEJH?</SimpleData>
            <SimpleData name="Localidad">COM INDIG ITANARA-PARIRI</SimpleData>
            <SimpleData name="Teléfono">0985226853</SimpleData>
            <SimpleData name="Vivienda_L">-23.86630770000</SimpleData>
            <SimpleData name="Vivienda_1">-55.69665940000</SimpleData>
            <SimpleData name="Superficie">0.80000000000</SimpleData>
            <SimpleData name="Situaci_1">Par?metro</SimpleData>
            <SimpleData name="Plantado">Si</SimpleData>
            <SimpleData name="Parcela_La">-55.69629791000</SimpleData>
            <SimpleData name="Parcela_Lo">-23.86575840000</SimpleData>
            <SimpleData name="Grupo_Impl">G2</SimpleData>
            <SimpleData name="Grupo_de_P">H-P8-XX-XX-XX</SimpleData>
            <SimpleData name="Jornales">0.00000000000</SimpleData>
            <SimpleData name="Monto">0.00000000000</SimpleData>
            <SimpleData name="ETAPA_FAO">Mantenimiento A?o 1.1</SimpleData>
            <SimpleData name="Estado_del">Activo</SimpleData>
            <SimpleData name="Adjudicado">SI</SimpleData>
            <SimpleData name="Empresa">Hyh Consultores SRL</SimpleData>
            <SimpleData name="Lote">H</SimpleData>
            <SimpleData name="Monitorear">Si</SimpleData>
            <SimpleData name="Fecha_de_M">-</SimpleData>
            <SimpleData name="F__de_pren">-</SimpleData>
            <SimpleData name="Estado_FAO">Monitorear</SimpleData>
            <SimpleData name="Etapa_de_i">Mantenimiento A?o 1.1</SimpleData>
            <SimpleData name="Fecha_visi">2026/08/26</SimpleData>
            <SimpleData name="Cumple_sup">Si</SimpleData>
            <SimpleData name="Estado_mon">-</SimpleData>
            <SimpleData name="Situaci_12">-</SimpleData>
            <SimpleData name="Observaci">-</SimpleData>
            <SimpleData name="Dias_trans">4.04599537037</SimpleData>
            <SimpleData name="Prioridad">ALTA</SimpleData>
            <SimpleData name="OBJECTID_1">87</SimpleData>
          </SchemaData>
        </ExtendedData>
        <Polygon>
          <outerBoundaryIs>
            <LinearRing>
              <coordinates>
                -55.6960256000251,-23.8661906996841,0
                -55.6961296003097,-23.8663149998732,0
                -55.6969620998824,-23.8658839998057,0
                -55.6964553000459,-23.8651837000967,0
                -55.6956390001164,-23.865656000177,0
                -55.6959148004936,-23.8660369003265,0
                -55.6960256000251,-23.8661906996841,0
              </coordinates>
            </LinearRing>
          </outerBoundaryIs>
        </Polygon>
      </Placemark>
      <Placemark id="Distrito_YPEJH__.22">
        <ExtendedData>
          <SchemaData schemaUrl="#Distrito_YPEJH__.schema">
            <SimpleData name="Cédula">7357111.00000000000</SimpleData>
            <SimpleData name="cedula">7357111</SimpleData>
            <SimpleData name="Nombres_y_">FLORENTINA BENITEZ ROA</SimpleData>
            <SimpleData name="Sexo">Mujer</SimpleData>
            <SimpleData name="Cambio_de_">NO</SimpleData>
            <SimpleData name="Titular_se">NO</SimpleData>
            <SimpleData name="Comunidad">Ind?gena</SimpleData>
            <SimpleData name="Modelo_imp">Modelo 1</SimpleData>
            <SimpleData name="Departamen">CANINDEYU</SimpleData>
            <SimpleData name="Distrito">YPEJH?</SimpleData>
            <SimpleData name="Localidad">COM INDIG PYPUCU</SimpleData>
            <SimpleData name="Teléfono">1234567890</SimpleData>
            <SimpleData name="Vivienda_L">-23.91742800000</SimpleData>
            <SimpleData name="Vivienda_1">-55.63949370000</SimpleData>
            <SimpleData name="Superficie">0.80000000000</SimpleData>
            <SimpleData name="Situaci_1">Parametro</SimpleData>
            <SimpleData name="Plantado">Si</SimpleData>
            <SimpleData name="Parcela_La">-55.64161222000</SimpleData>
            <SimpleData name="Parcela_Lo">-23.91323254000</SimpleData>
            <SimpleData name="Grupo_Impl">G2</SimpleData>
            <SimpleData name="Grupo_de_P">H-P14-XX-XX-XX</SimpleData>
            <SimpleData name="Jornales">0.00000000000</SimpleData>
            <SimpleData name="Monto">0.00000000000</SimpleData>
            <SimpleData name="ETAPA_FAO">Mantenimiento A?o 1.1</SimpleData>
            <SimpleData name="Estado_del">Activo</SimpleData>
            <SimpleData name="Adjudicado">Si</SimpleData>
            <SimpleData name="Empresa">Hyh Consultores SRL</SimpleData>
            <SimpleData name="Lote">H</SimpleData>
            <SimpleData name="Monitorear">Si</SimpleData>
            <SimpleData name="Fecha_de_M">-</SimpleData>
            <SimpleData name="F__de_pren">-</SimpleData>
            <SimpleData name="Estado_FAO">Monitorear</SimpleData>
            <SimpleData name="Etapa_de_i">Mantenimiento A?o 1.1</SimpleData>
            <SimpleData name="Fecha_visi">2026/08/28</SimpleData>
            <SimpleData name="Cumple_sup">Si</SimpleData>
            <SimpleData name="Estado_mon">-</SimpleData>
            <SimpleData name="Situaci_12">-</SimpleData>
            <SimpleData name="Observaci">-</SimpleData>
            <SimpleData name="Dias_trans">2.15599537037</SimpleData>
            <SimpleData name="Prioridad">ALTA</SimpleData>
            <SimpleData name="OBJECTID_1">318</SimpleData>
          </SchemaData>
        </ExtendedData>
        <Polygon>
          <outerBoundaryIs>
            <LinearRing>
              <coordinates>
                -55.6413764838812,-23.91390401711,0
                -55.6413766994059,-23.9139083004568,0
                -55.6419782999827,-23.913831699989,0
                -55.6419779774526,-23.9138295695128,0
                -55.6417817000336,-23.9125332999403,0
                -55.6413083003648,-23.9125461999752,0
                -55.6413764838812,-23.91390401711,0
              </coordinates>
            </LinearRing>
          </outerBoundaryIs>
        </Polygon>
      </Placemark>
      <Placemark id="Distrito_YPEJH__.23">
        <ExtendedData>
          <SchemaData schemaUrl="#Distrito_YPEJH__.schema">
            <SimpleData name="Cédula">6636661.00000000000</SimpleData>
            <SimpleData name="cedula">6636661</SimpleData>
            <SimpleData name="Nombres_y_">SALUSTIANA ROA BRITEZ</SimpleData>
            <SimpleData name="Sexo">Mujer</SimpleData>
            <SimpleData name="Cambio_de_">NO</SimpleData>
            <SimpleData name="Titular_se">NO</SimpleData>
            <SimpleData name="Situación">NO</SimpleData>
            <SimpleData name="Comunidad">Ind?gena</SimpleData>
            <SimpleData name="Modelo_imp">Modelo 5</SimpleData>
            <SimpleData name="Departamen">CANINDEYU</SimpleData>
            <SimpleData name="Distrito">YPEJH?</SimpleData>
            <SimpleData name="Localidad">COM INDIG PYPUCU</SimpleData>
            <SimpleData name="Teléfono">0981099386</SimpleData>
            <SimpleData name="Vivienda_L">-23.91257830000</SimpleData>
            <SimpleData name="Vivienda_1">-55.64534500000</SimpleData>
            <SimpleData name="Superficie">0.70000000000</SimpleData>
            <SimpleData name="Situaci_1">Par?metro</SimpleData>
            <SimpleData name="Plantado">Si</SimpleData>
            <SimpleData name="Parcela_La">-55.64514669000</SimpleData>
            <SimpleData name="Parcela_Lo">-23.91192379000</SimpleData>
            <SimpleData name="Grupo_Impl">G2</SimpleData>
            <SimpleData name="Grupo_de_P">H-P6-XX-XX-XX</SimpleData>
            <SimpleData name="Jornales">0.00000000000</SimpleData>
            <SimpleData name="Monto">0.00000000000</SimpleData>
            <SimpleData name="ETAPA_FAO">Mantenimiento A?o 1.1</SimpleData>
            <SimpleData name="Estado_del">Activo</SimpleData>
            <SimpleData name="Adjudicado">SI</SimpleData>
            <SimpleData name="Empresa">Hyh Consultores SRL</SimpleData>
            <SimpleData name="Lote">H</SimpleData>
            <SimpleData name="Monitorear">Si</SimpleData>
            <SimpleData name="Fecha_de_M">-</SimpleData>
            <SimpleData name="F__de_pren">-</SimpleData>
            <SimpleData name="Estado_FAO">Monitorear</SimpleData>
            <SimpleData name="Etapa_de_i">Mantenimiento A?o 1.1</SimpleData>
            <SimpleData name="Fecha_visi">2026/08/26</SimpleData>
            <SimpleData name="Cumple_sup">Si</SimpleData>
            <SimpleData name="Estado_mon">-</SimpleData>
            <SimpleData name="Situaci_12">-</SimpleData>
            <SimpleData name="Observaci">-</SimpleData>
            <SimpleData name="Dias_trans">4.00990740741</SimpleData>
            <SimpleData name="Prioridad">ALTA</SimpleData>
            <SimpleData name="OBJECTID_1">79</SimpleData>
          </SchemaData>
        </ExtendedData>
        <Polygon>
          <outerBoundaryIs>
            <LinearRing>
              <coordinates>
                -55.6445623997117,-23.9119280997974,0
                -55.6453702997924,-23.9125347002839,0
                -55.6456691003138,-23.9118042002308,0
                -55.6449890998078,-23.9113666001274,0
                -55.6445623997117,-23.9119280997974,0
              </coordinates>
            </LinearRing>
          </outerBoundaryIs>
        </Polygon>
      </Placemark>
      <Placemark id="Distrito_YPEJH__.24">
        <ExtendedData>
          <SchemaData schemaUrl="#Distrito_YPEJH__.schema">
            <SimpleData name="Cédula">5885721.00000000000</SimpleData>
            <SimpleData name="cedula">5885721</SimpleData>
            <SimpleData name="Nombres_y_">ERCIA ROMERO LOPEZ</SimpleData>
            <SimpleData name="Sexo">Mujer</SimpleData>
            <SimpleData name="Cambio_de_">NO</SimpleData>
            <SimpleData name="Titular_se">NO</SimpleData>
            <SimpleData name="Situación">NO</SimpleData>
            <SimpleData name="Comunidad">Ind?gena</SimpleData>
            <SimpleData name="Modelo_imp">Modelo 2</SimpleData>
            <SimpleData name="Departamen">CANINDEYU</SimpleData>
            <SimpleData name="Distrito">YPEJH?</SimpleData>
            <SimpleData name="Localidad">COM INDIG ITANARA-PARIRI</SimpleData>
            <SimpleData name="Teléfono">0982757364</SimpleData>
            <SimpleData name="Vivienda_L">-23.83875370000</SimpleData>
            <SimpleData name="Vivienda_1">-55.68374280000</SimpleData>
            <SimpleData name="Superficie">0.80000000000</SimpleData>
            <SimpleData name="Situaci_1">Par?metro</SimpleData>
            <SimpleData name="Plantado">Si</SimpleData>
            <SimpleData name="Parcela_La">-55.68491163000</SimpleData>
            <SimpleData name="Parcela_Lo">-23.84093219000</SimpleData>
            <SimpleData name="Grupo_Impl">G2</SimpleData>
            <SimpleData name="Grupo_de_P">H-P9-XX-XX-XX</SimpleData>
            <SimpleData name="Jornales">0.00000000000</SimpleData>
            <SimpleData name="Monto">0.00000000000</SimpleData>
            <SimpleData name="ETAPA_FAO">Mantenimiento A?o 1.1</SimpleData>
            <SimpleData name="Estado_del">Activo</SimpleData>
            <SimpleData name="Adjudicado">SI</SimpleData>
            <SimpleData name="Empresa">Hyh Consultores SRL</SimpleData>
            <SimpleData name="Lote">H</SimpleData>
            <SimpleData name="Monitorear">Si</SimpleData>
            <SimpleData name="Fecha_de_M">-</SimpleData>
            <SimpleData name="F__de_pren">-</SimpleData>
            <SimpleData name="Estado_FAO">Monitorear</SimpleData>
            <SimpleData name="Etapa_de_i">Mantenimiento A?o 1.1</SimpleData>
            <SimpleData name="Fecha_visi">2026/08/18</SimpleData>
            <SimpleData name="Cumple_sup">Si</SimpleData>
            <SimpleData name="Estado_mon">-</SimpleData>
            <SimpleData name="Situaci_12">-</SimpleData>
            <SimpleData name="Observaci">-</SimpleData>
            <SimpleData name="Dias_trans">12.50346064810</SimpleData>
            <SimpleData name="Prioridad">ALTA</SimpleData>
            <SimpleData name="OBJECTID_1">56</SimpleData>
          </SchemaData>
        </ExtendedData>
        <Polygon>
          <outerBoundaryIs>
            <LinearRing>
              <coordinates>
                -55.6849406106537,-23.8405671201854,0
                -55.6848664997176,-23.8406554000937,0
                -55.68463729979,-23.8405454001897,0
                -55.6843980996537,-23.8408553001946,0
                -55.6842705998912,-23.8410216996366,0
                -55.6846832996067,-23.8413199002764,0
                -55.6849378996,-23.8414355002425,0
                -55.6851339002024,-23.8414813998486,0
                -55.6852353998801,-23.8412578002987,0
                -55.6854184611032,-23.8404997835707,0
                -55.6854293001107,-23.840454899634,0
                -55.6851068998761,-23.8404158997029,0
                -55.6850615999261,-23.8404229997033,0
                -55.6849406106537,-23.8405671201854,0
              </coordinates>
            </LinearRing>
          </outerBoundaryIs>
        </Polygon>
      </Placemark>
      <Placemark id="Distrito_YPEJH__.25">
        <ExtendedData>
          <SchemaData schemaUrl="#Distrito_YPEJH__.schema">
            <SimpleData name="Cédula">8065321.00000000000</SimpleData>
            <SimpleData name="cedula">8065321</SimpleData>
            <SimpleData name="Nombres_y_">DIONICIO CHAPARRO GARCETE</SimpleData>
            <SimpleData name="Sexo">Hombre</SimpleData>
            <SimpleData name="Cambio_de_">NO</SimpleData>
            <SimpleData name="Titular_se">NO</SimpleData>
            <SimpleData name="Situación">NO</SimpleData>
            <SimpleData name="Comunidad">Ind?gena</SimpleData>
            <SimpleData name="Modelo_imp">Modelo 5</SimpleData>
            <SimpleData name="Departamen">CANINDEYU</SimpleData>
            <SimpleData name="Distrito">YPEJH?</SimpleData>
            <SimpleData name="Localidad">COM INDIG KABAYU PASO</SimpleData>
            <SimpleData name="Teléfono">0985899293</SimpleData>
            <SimpleData name="Vivienda_L">-24.01055150000</SimpleData>
            <SimpleData name="Vivienda_1">-55.87105040000</SimpleData>
            <SimpleData name="Superficie">0.70000000000</SimpleData>
            <SimpleData name="Situaci_1">Pol?gono</SimpleData>
            <SimpleData name="Plantado">Si</SimpleData>
            <SimpleData name="Parcela_La">-55.87181796000</SimpleData>
            <SimpleData name="Parcela_Lo">-24.01089996000</SimpleData>
            <SimpleData name="Grupo_Impl">G2</SimpleData>
            <SimpleData name="Grupo_de_P">H-P5-XX-XX-XX</SimpleData>
            <SimpleData name="Jornales">0.00000000000</SimpleData>
            <SimpleData name="Monto">0.00000000000</SimpleData>
            <SimpleData name="ETAPA_FAO">Mantenimiento A?o 1.1</SimpleData>
            <SimpleData name="Estado_del">Activo</SimpleData>
            <SimpleData name="Adjudicado">SI</SimpleData>
            <SimpleData name="Empresa">Hyh Consultores SRL</SimpleData>
            <SimpleData name="Lote">H</SimpleData>
            <SimpleData name="Monitorear">No</SimpleData>
            <SimpleData name="Fecha_de_M">-</SimpleData>
            <SimpleData name="F__de_pren">-</SimpleData>
            <SimpleData name="Estado_FAO">Verificar posible desercion</SimpleData>
            <SimpleData name="Etapa_de_i">Mantenimiento A?o 1.1</SimpleData>
            <SimpleData name="Fecha_visi">2026/08/28</SimpleData>
            <SimpleData name="Cumple_sup">-</SimpleData>
            <SimpleData name="Estado_mon">-</SimpleData>
            <SimpleData name="Situaci_12">-</SimpleData>
            <SimpleData name="Observaci">Parcela la abandonada</SimpleData>
            <SimpleData name="Dias_trans">2.30054412037</SimpleData>
            <SimpleData name="Prioridad">ALTA</SimpleData>
            <SimpleData name="OBJECTID_1">73</SimpleData>
          </SchemaData>
        </ExtendedData>
        <Polygon>
          <outerBoundaryIs>
            <LinearRing>
              <coordinates>
                -55.87134999941,-24.0106257997686,0
                -55.8711674003227,-24.0112618001156,0
                -55.8723300995518,-24.0112461994626,0
                -55.8722663003287,-24.0103521995918,0
                -55.871962399791,-24.010384899983,0
                -55.8719417000558,-24.0106215998867,0
                -55.87134999941,-24.0106257997686,0
              </coordinates>
            </LinearRing>
          </outerBoundaryIs>
        </Polygon>
      </Placemark>
      <Placemark id="Distrito_YPEJH__.26">
        <ExtendedData>
          <SchemaData schemaUrl="#Distrito_YPEJH__.schema">
            <SimpleData name="Cédula">6593176.00000000000</SimpleData>
            <SimpleData name="cedula">6593176</SimpleData>
            <SimpleData name="Nombres_y_">BLANCA TEODORA VALDOVINO SILVA</SimpleData>
            <SimpleData name="Sexo">Mujer</SimpleData>
            <SimpleData name="Cambio_de_">NO</SimpleData>
            <SimpleData name="Titular_se">NO</SimpleData>
            <SimpleData name="Situación">NO</SimpleData>
            <SimpleData name="Comunidad">Campesina</SimpleData>
            <SimpleData name="Modelo_imp">Modelo 2</SimpleData>
            <SimpleData name="Departamen">CANINDEYU</SimpleData>
            <SimpleData name="Distrito">YPEJH?</SimpleData>
            <SimpleData name="Localidad">ASENT. CRESCENCIO GONZALEZ</SimpleData>
            <SimpleData name="Teléfono">0985200491</SimpleData>
            <SimpleData name="Vivienda_L">-23.88190340000</SimpleData>
            <SimpleData name="Vivienda_1">-55.94536580000</SimpleData>
            <SimpleData name="Superficie">0.80000000000</SimpleData>
            <SimpleData name="Situaci_1">Par?metro</SimpleData>
            <SimpleData name="Plantado">Si</SimpleData>
            <SimpleData name="Parcela_La">-55.94299195000</SimpleData>
            <SimpleData name="Parcela_Lo">-23.88203028000</SimpleData>
            <SimpleData name="Grupo_Impl">G2</SimpleData>
            <SimpleData name="Grupo_de_P">H-P14-XX-XX-XX</SimpleData>
            <SimpleData name="Jornales">0.00000000000</SimpleData>
            <SimpleData name="Monto">0.00000000000</SimpleData>
            <SimpleData name="ETAPA_FAO">Mantenimiento A?o 1.1</SimpleData>
            <SimpleData name="Estado_del">Activo</SimpleData>
            <SimpleData name="Adjudicado">SI</SimpleData>
            <SimpleData name="Empresa">Hyh Consultores SRL</SimpleData>
            <SimpleData name="Lote">H</SimpleData>
            <SimpleData name="Monitorear">Si</SimpleData>
            <SimpleData name="Fecha_de_M">-</SimpleData>
            <SimpleData name="F__de_pren">-</SimpleData>
            <SimpleData name="Estado_FAO">Monitorear</SimpleData>
            <SimpleData name="Etapa_de_i">Mantenimiento A?o 1.1</SimpleData>
            <SimpleData name="Fecha_visi">2026/08/17</SimpleData>
            <SimpleData name="Cumple_sup">Si</SimpleData>
            <SimpleData name="Estado_mon">-</SimpleData>
            <SimpleData name="Situaci_12">-</SimpleData>
            <SimpleData name="Observaci">-</SimpleData>
            <SimpleData name="Dias_trans">13.45376157410</SimpleData>
            <SimpleData name="Prioridad">ALTA</SimpleData>
            <SimpleData name="OBJECTID_1">53</SimpleData>
          </SchemaData>
        </ExtendedData>
        <Polygon>
          <outerBoundaryIs>
            <LinearRing>
              <coordinates>
                -55.9423212006337,-23.8816895994558,0
                -55.9423578995934,-23.8824217000545,0
                -55.9437269002326,-23.8822522001743,0
                -55.9437442004565,-23.881758399532,0
                -55.9423212006337,-23.8816895994558,0
              </coordinates>
            </LinearRing>
          </outerBoundaryIs>
        </Polygon>
      </Placemark>
      <Placemark id="Distrito_YPEJH__.27">
        <ExtendedData>
          <SchemaData schemaUrl="#Distrito_YPEJH__.schema">
            <SimpleData name="Cédula">5659915.00000000000</SimpleData>
            <SimpleData name="cedula">5659915</SimpleData>
            <SimpleData name="Nombres_y_">EDGAR CRISTINO ESPINOLA BENITEZ</SimpleData>
            <SimpleData name="Sexo">Hombre</SimpleData>
            <SimpleData name="Cambio_de_">NO</SimpleData>
            <SimpleData name="Titular_se">NO</SimpleData>
            <SimpleData name="Situación">NO</SimpleData>
            <SimpleData name="Comunidad">Ind?gena</SimpleData>
            <SimpleData name="Modelo_imp">Modelo 5</SimpleData>
            <SimpleData name="Departamen">CANINDEYU</SimpleData>
            <SimpleData name="Distrito">YPEJH?</SimpleData>
            <SimpleData name="Localidad"><![CDATA[COM INDIG KA'AGUYJU CANDADO]]></SimpleData>
            <SimpleData name="Teléfono">0984032526</SimpleData>
            <SimpleData name="Vivienda_L">-23.95481170000</SimpleData>
            <SimpleData name="Vivienda_1">-55.93189430000</SimpleData>
            <SimpleData name="Superficie">0.70000000000</SimpleData>
            <SimpleData name="Situaci_1">Par?metro</SimpleData>
            <SimpleData name="Plantado">Si</SimpleData>
            <SimpleData name="Parcela_La">-55.93250997000</SimpleData>
            <SimpleData name="Parcela_Lo">-23.95627799000</SimpleData>
            <SimpleData name="Grupo_Impl">G2</SimpleData>
            <SimpleData name="Grupo_de_P">H-P12-XX-XX-XX</SimpleData>
            <SimpleData name="Jornales">0.00000000000</SimpleData>
            <SimpleData name="Monto">0.00000000000</SimpleData>
            <SimpleData name="ETAPA_FAO">Mantenimiento A?o 1.1</SimpleData>
            <SimpleData name="Estado_del">Activo</SimpleData>
            <SimpleData name="Adjudicado">SI</SimpleData>
            <SimpleData name="Empresa">Hyh Consultores SRL</SimpleData>
            <SimpleData name="Lote">H</SimpleData>
            <SimpleData name="Monitorear">No</SimpleData>
            <SimpleData name="Fecha_de_M">-</SimpleData>
            <SimpleData name="F__de_pren">-</SimpleData>
            <SimpleData name="Estado_FAO">Monitorear</SimpleData>
            <SimpleData name="Etapa_de_i">Mantenimiento A?o 1.1</SimpleData>
            <SimpleData name="Fecha_visi">2026/08/27</SimpleData>
            <SimpleData name="Cumple_sup">Si</SimpleData>
            <SimpleData name="Estado_mon">-</SimpleData>
            <SimpleData name="Situaci_12">-</SimpleData>
            <SimpleData name="Observaci">-</SimpleData>
            <SimpleData name="Dias_trans">3.48437500000</SimpleData>
            <SimpleData name="Prioridad">ALTA</SimpleData>
            <SimpleData name="OBJECTID_1">64</SimpleData>
          </SchemaData>
        </ExtendedData>
        <Polygon>
          <outerBoundaryIs>
            <LinearRing>
              <coordinates>
                -55.9319074995403,-23.9563671997701,0
                -55.9324822999449,-23.9567649000289,0
                -55.9332499991753,-23.956368299844,0
                -55.9323068993991,-23.9557011997357,0
                -55.9319074995403,-23.9563671997701,0
              </coordinates>
            </LinearRing>
          </outerBoundaryIs>
        </Polygon>
      </Placemark>
      <Placemark id="Distrito_YPEJH__.28">
        <ExtendedData>
          <SchemaData schemaUrl="#Distrito_YPEJH__.schema">
            <SimpleData name="Cédula">5885715.00000000000</SimpleData>
            <SimpleData name="cedula">5885715</SimpleData>
            <SimpleData name="Nombres_y_">IDALINA MARTINEZ LOPEZ</SimpleData>
            <SimpleData name="Sexo">Mujer</SimpleData>
            <SimpleData name="Cambio_de_">NO</SimpleData>
            <SimpleData name="Titular_se">NO</SimpleData>
            <SimpleData name="Situación">NO</SimpleData>
            <SimpleData name="Comunidad">Ind?gena</SimpleData>
            <SimpleData name="Modelo_imp">Modelo 5</SimpleData>
            <SimpleData name="Departamen">CANINDEYU</SimpleData>
            <SimpleData name="Distrito">YPEJH?</SimpleData>
            <SimpleData name="Localidad">COM INDIG ITANARA-PARIRI</SimpleData>
            <SimpleData name="Teléfono">0986705917</SimpleData>
            <SimpleData name="Vivienda_L">-23.83853200000</SimpleData>
            <SimpleData name="Vivienda_1">-55.68758680000</SimpleData>
            <SimpleData name="Superficie">0.70000000000</SimpleData>
            <SimpleData name="Situaci_1">Par?metro</SimpleData>
            <SimpleData name="Plantado">Si</SimpleData>
            <SimpleData name="Parcela_La">-55.68679323000</SimpleData>
            <SimpleData name="Parcela_Lo">-23.83773060000</SimpleData>
            <SimpleData name="Grupo_Impl">G2</SimpleData>
            <SimpleData name="Grupo_de_P">H-P7-XX-XX-XX</SimpleData>
            <SimpleData name="Jornales">0.00000000000</SimpleData>
            <SimpleData name="Monto">0.00000000000</SimpleData>
            <SimpleData name="ETAPA_FAO">Mantenimiento A?o 1.1</SimpleData>
            <SimpleData name="Estado_del">Activo</SimpleData>
            <SimpleData name="Adjudicado">SI</SimpleData>
            <SimpleData name="Empresa">Hyh Consultores SRL</SimpleData>
            <SimpleData name="Lote">H</SimpleData>
            <SimpleData name="Monitorear">Si</SimpleData>
            <SimpleData name="Fecha_de_M">-</SimpleData>
            <SimpleData name="F__de_pren">-</SimpleData>
            <SimpleData name="Estado_FAO">Monitorear</SimpleData>
            <SimpleData name="Etapa_de_i">Mantenimiento A?o 1.1</SimpleData>
            <SimpleData name="Fecha_visi">2026/08/18</SimpleData>
            <SimpleData name="Cumple_sup">Si</SimpleData>
            <SimpleData name="Estado_mon">-</SimpleData>
            <SimpleData name="Situaci_12">-</SimpleData>
            <SimpleData name="Observaci">-</SimpleData>
            <SimpleData name="Dias_trans">12.43361111110</SimpleData>
            <SimpleData name="Prioridad">ALTA</SimpleData>
            <SimpleData name="OBJECTID_1">59</SimpleData>
          </SchemaData>
        </ExtendedData>
        <Polygon>
          <outerBoundaryIs>
            <LinearRing>
              <coordinates>
                -55.6866154501307,-23.8372688568164,0
                -55.6865017639736,-23.8375885116967,0
                -55.6863141003556,-23.8381810997863,0
                -55.6869396996255,-23.8384046006071,0
                -55.68707079936,-23.8380126002853,0
                -55.6869960000908,-23.8379723002705,0
                -55.6870724004616,-23.8376627001886,0
                -55.6870109002321,-23.8374756010914,0
                -55.6873501993157,-23.836825600312,0
                -55.6872605996909,-23.8367884001954,0
                -55.6869022999047,-23.8372411003611,0
                -55.6866154501307,-23.8372688568164,0
              </coordinates>
            </LinearRing>
          </outerBoundaryIs>
        </Polygon>
      </Placemark>
      <Placemark id="Distrito_YPEJH__.29">
        <ExtendedData>
          <SchemaData schemaUrl="#Distrito_YPEJH__.schema">
            <SimpleData name="Cédula">6757451.00000000000</SimpleData>
            <SimpleData name="cedula">6757451</SimpleData>
            <SimpleData name="Nombres_y_">NEUSA AQUINO ROMERO</SimpleData>
            <SimpleData name="Sexo">Mujer</SimpleData>
            <SimpleData name="Cambio_de_">NO</SimpleData>
            <SimpleData name="Titular_se">NO</SimpleData>
            <SimpleData name="Situación">NO</SimpleData>
            <SimpleData name="Comunidad">Ind?gena</SimpleData>
            <SimpleData name="Modelo_imp">Modelo 2</SimpleData>
            <SimpleData name="Departamen">CANINDEYU</SimpleData>
            <SimpleData name="Distrito">YPEJH?</SimpleData>
            <SimpleData name="Localidad">COM INDIG ITANARA-PARIRI</SimpleData>
            <SimpleData name="Teléfono">0983954537</SimpleData>
            <SimpleData name="Vivienda_L">-23.86712430000</SimpleData>
            <SimpleData name="Vivienda_1">-55.69356720000</SimpleData>
            <SimpleData name="Superficie">0.80000000000</SimpleData>
            <SimpleData name="Situaci_1">Par?metro</SimpleData>
            <SimpleData name="Plantado">Si</SimpleData>
            <SimpleData name="Parcela_La">-55.69291550000</SimpleData>
            <SimpleData name="Parcela_Lo">-23.86662656000</SimpleData>
            <SimpleData name="Grupo_Impl">G2</SimpleData>
            <SimpleData name="Grupo_de_P">H-P8-XX-XX-XX</SimpleData>
            <SimpleData name="Jornales">0.00000000000</SimpleData>
            <SimpleData name="Monto">0.00000000000</SimpleData>
            <SimpleData name="ETAPA_FAO">Mantenimiento A?o 1.1</SimpleData>
            <SimpleData name="Estado_del">Activo</SimpleData>
            <SimpleData name="Adjudicado">SI</SimpleData>
            <SimpleData name="Empresa">Hyh Consultores SRL</SimpleData>
            <SimpleData name="Lote">H</SimpleData>
            <SimpleData name="Monitorear">Si</SimpleData>
            <SimpleData name="Fecha_de_M">-</SimpleData>
            <SimpleData name="F__de_pren">-</SimpleData>
            <SimpleData name="Estado_FAO">Monitorear</SimpleData>
            <SimpleData name="Etapa_de_i">Mantenimiento A?o 1.1</SimpleData>
            <SimpleData name="Fecha_visi">2026/08/25</SimpleData>
            <SimpleData name="Cumple_sup">Si</SimpleData>
            <SimpleData name="Estado_mon">-</SimpleData>
            <SimpleData name="Situaci_12">-</SimpleData>
            <SimpleData name="Observaci">-</SimpleData>
            <SimpleData name="Dias_trans">5.37982638889</SimpleData>
            <SimpleData name="Prioridad">ALTA</SimpleData>
            <SimpleData name="OBJECTID_1">92</SimpleData>
          </SchemaData>
        </ExtendedData>
        <Polygon>
          <outerBoundaryIs>
            <LinearRing>
              <coordinates>
                -55.6923680993158,-23.8670706002046,0
                -55.6925560990307,-23.8672204004198,0
                -55.6928897993887,-23.8671959996976,0
                -55.6930982994547,-23.8670734998515,0
                -55.6931850990584,-23.8667072002034,0
                -55.6935927992725,-23.866654900263,0
                -55.6935412999895,-23.8663818000632,0
                -55.693491299035,-23.8662756000534,0
                -55.6932919997868,-23.8661938997622,0
                -55.6932292997337,-23.8661662000608,0
                -55.6929806996103,-23.8661043000865,0
                -55.6926577991053,-23.8660928996908,0
                -55.6925164998248,-23.866428399755,0
                -55.6923680993158,-23.8670706002046,0
              </coordinates>
            </LinearRing>
          </outerBoundaryIs>
        </Polygon>
      </Placemark>
      <Placemark id="Distrito_YPEJH__.30">
        <ExtendedData>
          <SchemaData schemaUrl="#Distrito_YPEJH__.schema">
            <SimpleData name="Cédula">7283494.00000000000</SimpleData>
            <SimpleData name="cedula">7283494</SimpleData>
            <SimpleData name="Nombres_y_">IGNACIO MEDINA BENITEZ</SimpleData>
            <SimpleData name="Sexo">Hombre</SimpleData>
            <SimpleData name="Cambio_de_">NO</SimpleData>
            <SimpleData name="Titular_se">NO</SimpleData>
            <SimpleData name="Situación">NO</SimpleData>
            <SimpleData name="Comunidad">Ind?gena</SimpleData>
            <SimpleData name="Modelo_imp">Modelo 2</SimpleData>
            <SimpleData name="Departamen">CANINDEYU</SimpleData>
            <SimpleData name="Distrito">YPEJH?</SimpleData>
            <SimpleData name="Localidad">COM INDIG PYPUCU</SimpleData>
            <SimpleData name="Teléfono">0984094224</SimpleData>
            <SimpleData name="Vivienda_L">-23.89719930000</SimpleData>
            <SimpleData name="Vivienda_1">-55.65472530000</SimpleData>
            <SimpleData name="Superficie">0.80000000000</SimpleData>
            <SimpleData name="Situaci_1">Par?metro</SimpleData>
            <SimpleData name="Plantado">Si</SimpleData>
            <SimpleData name="Parcela_La">-55.65548625000</SimpleData>
            <SimpleData name="Parcela_Lo">-23.89769698000</SimpleData>
            <SimpleData name="Grupo_Impl">G2</SimpleData>
            <SimpleData name="Grupo_de_P">H-P7-XX-XX-XX</SimpleData>
            <SimpleData name="Jornales">0.00000000000</SimpleData>
            <SimpleData name="Monto">0.00000000000</SimpleData>
            <SimpleData name="ETAPA_FAO">Mantenimiento A?o 1.1</SimpleData>
            <SimpleData name="Estado_del">Activo</SimpleData>
            <SimpleData name="Adjudicado">SI</SimpleData>
            <SimpleData name="Empresa">Hyh Consultores SRL</SimpleData>
            <SimpleData name="Lote">H</SimpleData>
            <SimpleData name="Monitorear">Si</SimpleData>
            <SimpleData name="Fecha_de_M">-</SimpleData>
            <SimpleData name="F__de_pren">-</SimpleData>
            <SimpleData name="Estado_FAO">Monitorear</SimpleData>
            <SimpleData name="Etapa_de_i">Mantenimiento A?o 1.1</SimpleData>
            <SimpleData name="Fecha_visi">2026/08/26</SimpleData>
            <SimpleData name="Cumple_sup">Si</SimpleData>
            <SimpleData name="Estado_mon">-</SimpleData>
            <SimpleData name="Situaci_12">-</SimpleData>
            <SimpleData name="Observaci">-</SimpleData>
            <SimpleData name="Dias_trans">4.01262731481</SimpleData>
            <SimpleData name="Prioridad">ALTA</SimpleData>
            <SimpleData name="OBJECTID_1">78</SimpleData>
          </SchemaData>
        </ExtendedData>
        <Polygon>
          <outerBoundaryIs>
            <LinearRing>
              <coordinates>
                -55.6548074390842,-23.8975873149383,0
                -55.6548435001449,-23.8975859000471,0
                -55.6548138578995,-23.8979680856568,0
                -55.6548167002805,-23.8981366996906,0
                -55.6551501004765,-23.8981074000632,0
                -55.6553271999564,-23.8980717004217,0
                -55.655401100222,-23.8978962997404,0
                -55.6555274005033,-23.8977610001657,0
                -55.6556439001842,-23.8979969004926,0
                -55.6561787002516,-23.897912599878,0
                -55.6563517005141,-23.8978613999025,0
                -55.6562563996594,-23.8976603000608,0
                -55.6560160998575,-23.8973320999175,0
                -55.6556293998222,-23.8973557005151,0
                -55.6548044004975,-23.8974069998737,0
                -55.6548074390842,-23.8975873149383,0
              </coordinates>
            </LinearRing>
          </outerBoundaryIs>
        </Polygon>
      </Placemark>
      <Placemark id="Distrito_YPEJH__.31">
        <ExtendedData>
          <SchemaData schemaUrl="#Distrito_YPEJH__.schema">
            <SimpleData name="Cédula">4046222.00000000000</SimpleData>
            <SimpleData name="cedula">4046222</SimpleData>
            <SimpleData name="Nombres_y_">FELIPA BENITEZ ROMERO</SimpleData>
            <SimpleData name="Sexo">Mujer</SimpleData>
            <SimpleData name="Cambio_de_">NO</SimpleData>
            <SimpleData name="Titular_se">NO</SimpleData>
            <SimpleData name="Situación">NO</SimpleData>
            <SimpleData name="Comunidad">Ind?gena</SimpleData>
            <SimpleData name="Modelo_imp">Modelo 5</SimpleData>
            <SimpleData name="Departamen">CANINDEYU</SimpleData>
            <SimpleData name="Distrito">YPEJH?</SimpleData>
            <SimpleData name="Localidad">COM INDIG YVY PAVE CA?ADA</SimpleData>
            <SimpleData name="Teléfono">ND</SimpleData>
            <SimpleData name="Vivienda_L">-23.95957070000</SimpleData>
            <SimpleData name="Vivienda_1">-55.90801720000</SimpleData>
            <SimpleData name="Superficie">0.70000000000</SimpleData>
            <SimpleData name="Situaci_1">Par?metro</SimpleData>
            <SimpleData name="Plantado">Si</SimpleData>
            <SimpleData name="Parcela_La">-55.91123872000</SimpleData>
            <SimpleData name="Parcela_Lo">-23.96030592000</SimpleData>
            <SimpleData name="Grupo_Impl">G2</SimpleData>
            <SimpleData name="Grupo_de_P">H-P9-XX-XX-XX</SimpleData>
            <SimpleData name="Jornales">0.00000000000</SimpleData>
            <SimpleData name="Monto">0.00000000000</SimpleData>
            <SimpleData name="ETAPA_FAO">Mantenimiento A?o 1.1</SimpleData>
            <SimpleData name="Estado_del">Activo</SimpleData>
            <SimpleData name="Adjudicado">SI</SimpleData>
            <SimpleData name="Empresa">Hyh Consultores SRL</SimpleData>
            <SimpleData name="Lote">H</SimpleData>
            <SimpleData name="Monitorear">No</SimpleData>
            <SimpleData name="Fecha_de_M">-</SimpleData>
            <SimpleData name="F__de_pren">-</SimpleData>
            <SimpleData name="Estado_FAO">Monitorear</SimpleData>
            <SimpleData name="Etapa_de_i">Mantenimiento A?o 1.1</SimpleData>
            <SimpleData name="Fecha_visi">2026/08/08</SimpleData>
            <SimpleData name="Cumple_sup">Si</SimpleData>
            <SimpleData name="Estado_mon">-</SimpleData>
            <SimpleData name="Situaci_12">-</SimpleData>
            <SimpleData name="Observaci">-</SimpleData>
            <SimpleData name="Dias_trans">22.51069444440</SimpleData>
            <SimpleData name="Prioridad">ALTA</SimpleData>
            <SimpleData name="OBJECTID_1">86</SimpleData>
          </SchemaData>
        </ExtendedData>
        <MultiGeometry>
          <Polygon>
            <outerBoundaryIs>
              <LinearRing>
                <coordinates>
                  -55.9116845998405,-23.9607821003384,0
                  -55.9116785104245,-23.9607811919736,0
                  -55.911678999767,-23.9607860000599,0
                  -55.9116845998405,-23.9607821003384,0
                </coordinates>
              </LinearRing>
            </outerBoundaryIs>
          </Polygon>
          <Polygon>
            <outerBoundaryIs>
              <LinearRing>
                <coordinates>
                  -55.9114388997575,-23.9598566001383,0
                  -55.9113011474961,-23.9598625456994,0
                  -55.9112188003104,-23.9598660997808,0
                  -55.9110161002641,-23.959884399747,0
                  -55.9109343996919,-23.9598916999025,0
                  -55.9108311001882,-23.9599251999104,0
                  -55.9108310924758,-23.9599260009262,0
                  -55.9108281002133,-23.9602535001034,0
                  -55.9107717000876,-23.9606286998895,0
                  -55.9110287000401,-23.9606842997363,0
                  -55.9116785104245,-23.9607811919736,0
                  -55.9115829998523,-23.9598429000855,0
                  -55.9114388997575,-23.9598566001383,0
                </coordinates>
              </LinearRing>
            </outerBoundaryIs>
          </Polygon>
        </MultiGeometry>
      </Placemark>
      <Placemark id="Distrito_YPEJH__.32">
        <ExtendedData>
          <SchemaData schemaUrl="#Distrito_YPEJH__.schema">
            <SimpleData name="Cédula">5454036.00000000000</SimpleData>
            <SimpleData name="cedula">5454036</SimpleData>
            <SimpleData name="Nombres_y_">CRISTINA LOPEZ ROA</SimpleData>
            <SimpleData name="Sexo">Mujer</SimpleData>
            <SimpleData name="Cambio_de_">NO</SimpleData>
            <SimpleData name="Titular_se">NO</SimpleData>
            <SimpleData name="Situación">NO</SimpleData>
            <SimpleData name="Comunidad">Ind?gena</SimpleData>
            <SimpleData name="Modelo_imp">Modelo 5</SimpleData>
            <SimpleData name="Departamen">CANINDEYU</SimpleData>
            <SimpleData name="Distrito">YPEJH?</SimpleData>
            <SimpleData name="Localidad">COM INDIG PYPUCU</SimpleData>
            <SimpleData name="Teléfono">ND</SimpleData>
            <SimpleData name="Vivienda_L">-23.91436000000</SimpleData>
            <SimpleData name="Vivienda_1">-55.65242850000</SimpleData>
            <SimpleData name="Superficie">0.70000000000</SimpleData>
            <SimpleData name="Situaci_1">Par?metro</SimpleData>
            <SimpleData name="Plantado">Si</SimpleData>
            <SimpleData name="Parcela_La">-55.65261022000</SimpleData>
            <SimpleData name="Parcela_Lo">-23.91523351000</SimpleData>
            <SimpleData name="Grupo_Impl">G2</SimpleData>
            <SimpleData name="Grupo_de_P">H-P6-XX-XX-XX</SimpleData>
            <SimpleData name="Jornales">0.00000000000</SimpleData>
            <SimpleData name="Monto">0.00000000000</SimpleData>
            <SimpleData name="ETAPA_FAO">Mantenimiento A?o 1.1</SimpleData>
            <SimpleData name="Estado_del">Activo</SimpleData>
            <SimpleData name="Adjudicado">SI</SimpleData>
            <SimpleData name="Empresa">Hyh Consultores SRL</SimpleData>
            <SimpleData name="Lote">H</SimpleData>
            <SimpleData name="Monitorear">No</SimpleData>
            <SimpleData name="Fecha_de_M">-</SimpleData>
            <SimpleData name="F__de_pren">-</SimpleData>
            <SimpleData name="Estado_FAO">Verificar posible desercion</SimpleData>
            <SimpleData name="Etapa_de_i">Mantenimiento A?o 1.1</SimpleData>
            <SimpleData name="Fecha_visi">2026/08/25</SimpleData>
            <SimpleData name="Cumple_sup">-</SimpleData>
            <SimpleData name="Estado_mon">-</SimpleData>
            <SimpleData name="Situaci_12">-</SimpleData>
            <SimpleData name="Observaci">Abandono desinteres</SimpleData>
            <SimpleData name="Dias_trans">5.30066018519</SimpleData>
            <SimpleData name="Prioridad">ALTA</SimpleData>
            <SimpleData name="OBJECTID_1">76</SimpleData>
          </SchemaData>
        </ExtendedData>
        <Polygon>
          <outerBoundaryIs>
            <LinearRing>
              <coordinates>
                -55.6520782998023,-23.9154382996464,0
                -55.652645199967,-23.9158604997754,0
                -55.6531322996483,-23.9149594002262,0
                -55.6525899999806,-23.9146367001845,0
                -55.6520782998023,-23.9154382996464,0
              </coordinates>
            </LinearRing>
          </outerBoundaryIs>
        </Polygon>
      </Placemark>
      <Placemark id="Distrito_YPEJH__.33">
        <ExtendedData>
          <SchemaData schemaUrl="#Distrito_YPEJH__.schema">
            <SimpleData name="Cédula">8116462.00000000000</SimpleData>
            <SimpleData name="cedula">8116462</SimpleData>
            <SimpleData name="Nombres_y_">RAMON ROMERO SOSA</SimpleData>
            <SimpleData name="Sexo">Hombre</SimpleData>
            <SimpleData name="Cambio_de_">NO</SimpleData>
            <SimpleData name="Titular_se">NO</SimpleData>
            <SimpleData name="Situación">NO</SimpleData>
            <SimpleData name="Comunidad">Ind?gena</SimpleData>
            <SimpleData name="Modelo_imp">Modelo 5</SimpleData>
            <SimpleData name="Departamen">CANINDEYU</SimpleData>
            <SimpleData name="Distrito">YPEJH?</SimpleData>
            <SimpleData name="Localidad">COM INDIG KABAYU PASO</SimpleData>
            <SimpleData name="Teléfono">0986862521</SimpleData>
            <SimpleData name="Vivienda_L">-23.99591900000</SimpleData>
            <SimpleData name="Vivienda_1">-55.86817690000</SimpleData>
            <SimpleData name="Superficie">0.70000000000</SimpleData>
            <SimpleData name="Situaci_1">Pol?gono</SimpleData>
            <SimpleData name="Plantado">Si</SimpleData>
            <SimpleData name="Parcela_La">-55.86696309000</SimpleData>
            <SimpleData name="Parcela_Lo">-23.99610895000</SimpleData>
            <SimpleData name="Grupo_Impl">G2</SimpleData>
            <SimpleData name="Grupo_de_P">H-P5-P11X-XX-XX</SimpleData>
            <SimpleData name="Jornales">0.00000000000</SimpleData>
            <SimpleData name="Monto">0.00000000000</SimpleData>
            <SimpleData name="ETAPA_FAO">Mantenimiento A?o 1.1</SimpleData>
            <SimpleData name="Estado_del">Activo</SimpleData>
            <SimpleData name="Adjudicado">SI</SimpleData>
            <SimpleData name="Empresa">Hyh Consultores SRL</SimpleData>
            <SimpleData name="Lote">H</SimpleData>
            <SimpleData name="Monitorear">No</SimpleData>
            <SimpleData name="Fecha_de_M">-</SimpleData>
            <SimpleData name="F__de_pren">-</SimpleData>
            <SimpleData name="Estado_FAO">Verificar posible desercion</SimpleData>
            <SimpleData name="Etapa_de_i">Mantenimiento A?o 1.1</SimpleData>
            <SimpleData name="Fecha_visi">2026/08/26</SimpleData>
            <SimpleData name="Cumple_sup">-</SimpleData>
            <SimpleData name="Estado_mon">-</SimpleData>
            <SimpleData name="Situaci_12">-</SimpleData>
            <SimpleData name="Observaci">Parcela utilizada para otros rubros</SimpleData>
            <SimpleData name="Dias_trans">4.33462685185</SimpleData>
            <SimpleData name="Prioridad">ALTA</SimpleData>
            <SimpleData name="OBJECTID_1">68</SimpleData>
          </SchemaData>
        </ExtendedData>
        <Polygon>
          <outerBoundaryIs>
            <LinearRing>
              <coordinates>
                -55.8674664832373,-23.9959196429123,0
                -55.8674013006635,-23.9959267999673,0
                -55.8673177363327,-23.9957338400604,0
                -55.8663055992728,-23.9959097005272,0
                -55.8663853007671,-23.9964085997728,0
                -55.8677157993215,-23.9963487998888,0
                -55.8674664832373,-23.9959196429123,0
              </coordinates>
            </LinearRing>
          </outerBoundaryIs>
        </Polygon>
      </Placemark>
      <Placemark id="Distrito_YPEJH__.34">
        <ExtendedData>
          <SchemaData schemaUrl="#Distrito_YPEJH__.schema">
            <SimpleData name="Cédula">8418620.00000000000</SimpleData>
            <SimpleData name="cedula">8418620</SimpleData>
            <SimpleData name="Nombres_y_">MARILINA ROA PERALTA</SimpleData>
            <SimpleData name="Sexo">Mujer</SimpleData>
            <SimpleData name="Cambio_de_">NO</SimpleData>
            <SimpleData name="Titular_se">NO</SimpleData>
            <SimpleData name="Comunidad">Ind?gena</SimpleData>
            <SimpleData name="Modelo_imp">Modelo 1</SimpleData>
            <SimpleData name="Departamen">CANINDEYU</SimpleData>
            <SimpleData name="Distrito">YPEJH?</SimpleData>
            <SimpleData name="Localidad">COM INDIG PYPUCU</SimpleData>
            <SimpleData name="Teléfono">983191542</SimpleData>
            <SimpleData name="Vivienda_L">-23.91624130000</SimpleData>
            <SimpleData name="Vivienda_1">-55.63962180000</SimpleData>
            <SimpleData name="Superficie">0.80000000000</SimpleData>
            <SimpleData name="Situaci_1">Parametro</SimpleData>
            <SimpleData name="Plantado">Si</SimpleData>
            <SimpleData name="Parcela_La">-55.64077053000</SimpleData>
            <SimpleData name="Parcela_Lo">-23.91405309000</SimpleData>
            <SimpleData name="Grupo_Impl">G2</SimpleData>
            <SimpleData name="Grupo_de_P">H-P14-XX-XX-XX</SimpleData>
            <SimpleData name="Jornales">0.00000000000</SimpleData>
            <SimpleData name="Monto">0.00000000000</SimpleData>
            <SimpleData name="ETAPA_FAO">Mantenimiento A?o 1.1</SimpleData>
            <SimpleData name="Estado_del">Activo</SimpleData>
            <SimpleData name="Adjudicado">Si</SimpleData>
            <SimpleData name="Empresa">Hyh Consultores SRL</SimpleData>
            <SimpleData name="Lote">H</SimpleData>
            <SimpleData name="Monitorear">Si</SimpleData>
            <SimpleData name="Fecha_de_M">-</SimpleData>
            <SimpleData name="F__de_pren">-</SimpleData>
            <SimpleData name="Estado_FAO">Monitorear</SimpleData>
            <SimpleData name="Etapa_de_i">Mantenimiento A?o 1.1</SimpleData>
            <SimpleData name="Fecha_visi">2026/08/28</SimpleData>
            <SimpleData name="Cumple_sup">Si</SimpleData>
            <SimpleData name="Estado_mon">-</SimpleData>
            <SimpleData name="Situaci_12">-</SimpleData>
            <SimpleData name="Observaci">-</SimpleData>
            <SimpleData name="Dias_trans">2.15589120371</SimpleData>
            <SimpleData name="Prioridad">ALTA</SimpleData>
            <SimpleData name="OBJECTID_1">317</SimpleData>
          </SchemaData>
        </ExtendedData>
        <Polygon>
          <outerBoundaryIs>
            <LinearRing>
              <coordinates>
                -55.6407270868034,-23.9144522329593,0
                -55.6412633000177,-23.9144682997902,0
                -55.6412626208927,-23.9144630713497,0
                -55.6411668805338,-23.9137254748323,0
                -55.6411646002322,-23.9137132000528,0
                -55.6411652596023,-23.9137129909513,0
                -55.6411466998483,-23.9135699995791,0
                -55.6403732995509,-23.9136632994957,0
                -55.6402520996737,-23.9144379999527,0
                -55.6407270868034,-23.9144522329593,0
              </coordinates>
            </LinearRing>
          </outerBoundaryIs>
        </Polygon>
      </Placemark>
      <Placemark id="Distrito_YPEJH__.35">
        <ExtendedData>
          <SchemaData schemaUrl="#Distrito_YPEJH__.schema">
            <SimpleData name="Cédula">8323645.00000000000</SimpleData>
            <SimpleData name="cedula">8323645</SimpleData>
            <SimpleData name="Nombres_y_">ANELIS LOPEZ AQUINO</SimpleData>
            <SimpleData name="Sexo">Mujer</SimpleData>
            <SimpleData name="Cambio_de_">NO</SimpleData>
            <SimpleData name="Titular_se">NO</SimpleData>
            <SimpleData name="Situación">NO</SimpleData>
            <SimpleData name="Comunidad">Ind?gena</SimpleData>
            <SimpleData name="Modelo_imp">Modelo 5</SimpleData>
            <SimpleData name="Departamen">CANINDEYU</SimpleData>
            <SimpleData name="Distrito">YPEJH?</SimpleData>
            <SimpleData name="Localidad">COM INDIG ITANARA-PARIRI</SimpleData>
            <SimpleData name="Teléfono">0986705917</SimpleData>
            <SimpleData name="Vivienda_L">-23.86007460000</SimpleData>
            <SimpleData name="Vivienda_1">-55.69806300000</SimpleData>
            <SimpleData name="Superficie">0.70000000000</SimpleData>
            <SimpleData name="Situaci_1">Par?metro</SimpleData>
            <SimpleData name="Plantado">Si</SimpleData>
            <SimpleData name="Parcela_La">-55.69703952000</SimpleData>
            <SimpleData name="Parcela_Lo">-23.86017246000</SimpleData>
            <SimpleData name="Grupo_Impl">G2</SimpleData>
            <SimpleData name="Grupo_de_P">H-P6-P11X-XX-XX</SimpleData>
            <SimpleData name="Jornales">0.00000000000</SimpleData>
            <SimpleData name="Monto">0.00000000000</SimpleData>
            <SimpleData name="ETAPA_FAO">Mantenimiento A?o 1.1</SimpleData>
            <SimpleData name="Estado_del">Activo</SimpleData>
            <SimpleData name="Adjudicado">SI</SimpleData>
            <SimpleData name="Empresa">Hyh Consultores SRL</SimpleData>
            <SimpleData name="Lote">H</SimpleData>
            <SimpleData name="Monitorear">Si</SimpleData>
            <SimpleData name="Fecha_de_M">-</SimpleData>
            <SimpleData name="F__de_pren">-</SimpleData>
            <SimpleData name="Estado_FAO">Verificar posible desercion</SimpleData>
            <SimpleData name="Etapa_de_i">Mantenimiento A?o 1.1</SimpleData>
            <SimpleData name="Fecha_visi">2026/08/24</SimpleData>
            <SimpleData name="Estado_mon">?????? CUMPLE??????</SimpleData>
            <SimpleData name="Observaci">Afectado por incendios desinteres</SimpleData>
            <SimpleData name="Dias_trans">6.36143598380</SimpleData>
            <SimpleData name="Prioridad">ALTA</SimpleData>
            <SimpleData name="OBJECTID_1">93</SimpleData>
          </SchemaData>
        </ExtendedData>
        <Polygon>
          <outerBoundaryIs>
            <LinearRing>
              <coordinates>
                -55.6970458998447,-23.8595432996954,0
                -55.6969152000692,-23.8600011001406,0
                -55.6966834997828,-23.859961400139,0
                -55.6966031999004,-23.8603972997925,0
                -55.6965726997319,-23.8606680002007,0
                -55.6966004003475,-23.8607735996289,0
                -55.6972641997783,-23.8606000002656,0
                -55.69752069954,-23.8597379003311,0
                -55.6971432002318,-23.8594804002266,0
                -55.6970458998447,-23.8595432996954,0
              </coordinates>
            </LinearRing>
          </outerBoundaryIs>
        </Polygon>
      </Placemark>
      <Placemark id="Distrito_YPEJH__.36">
        <ExtendedData>
          <SchemaData schemaUrl="#Distrito_YPEJH__.schema">
            <SimpleData name="Cédula">7256969.00000000000</SimpleData>
            <SimpleData name="cedula">7256969</SimpleData>
            <SimpleData name="Nombres_y_">GREGORIA ROA VERGARA</SimpleData>
            <SimpleData name="Sexo">Mujer</SimpleData>
            <SimpleData name="Cambio_de_">NO</SimpleData>
            <SimpleData name="Titular_se">NO</SimpleData>
            <SimpleData name="Situación">NO</SimpleData>
            <SimpleData name="Comunidad">Ind?gena</SimpleData>
            <SimpleData name="Modelo_imp">Modelo 5</SimpleData>
            <SimpleData name="Departamen">CANINDEYU</SimpleData>
            <SimpleData name="Distrito">YPEJH?</SimpleData>
            <SimpleData name="Localidad">COM INDIG PYPUCU</SimpleData>
            <SimpleData name="Teléfono">0985919105</SimpleData>
            <SimpleData name="Vivienda_L">-23.90659950000</SimpleData>
            <SimpleData name="Vivienda_1">-55.66995760000</SimpleData>
            <SimpleData name="Superficie">0.70000000000</SimpleData>
            <SimpleData name="Situaci_1">Par?metro</SimpleData>
            <SimpleData name="Plantado">Si</SimpleData>
            <SimpleData name="Parcela_La">-55.66734147000</SimpleData>
            <SimpleData name="Parcela_Lo">-23.91021110000</SimpleData>
            <SimpleData name="Grupo_Impl">G2</SimpleData>
            <SimpleData name="Grupo_de_P">H-P6-XX-XX-XX</SimpleData>
            <SimpleData name="Jornales">0.00000000000</SimpleData>
            <SimpleData name="Monto">0.00000000000</SimpleData>
            <SimpleData name="ETAPA_FAO">Mantenimiento A?o 1.1</SimpleData>
            <SimpleData name="Estado_del">Activo</SimpleData>
            <SimpleData name="Adjudicado">SI</SimpleData>
            <SimpleData name="Empresa">Hyh Consultores SRL</SimpleData>
            <SimpleData name="Lote">H</SimpleData>
            <SimpleData name="Monitorear">Si</SimpleData>
            <SimpleData name="Fecha_de_M">-</SimpleData>
            <SimpleData name="F__de_pren">-</SimpleData>
            <SimpleData name="Estado_FAO">Monitorear</SimpleData>
            <SimpleData name="Etapa_de_i">Mantenimiento A?o 1.1</SimpleData>
            <SimpleData name="Fecha_visi">2026/08/25</SimpleData>
            <SimpleData name="Cumple_sup">Si</SimpleData>
            <SimpleData name="Estado_mon">-</SimpleData>
            <SimpleData name="Situaci_12">-</SimpleData>
            <SimpleData name="Observaci">-</SimpleData>
            <SimpleData name="Dias_trans">5.63275462963</SimpleData>
            <SimpleData name="Prioridad">ALTA</SimpleData>
            <SimpleData name="OBJECTID_1">65</SimpleData>
          </SchemaData>
        </ExtendedData>
        <MultiGeometry>
          <Polygon>
            <outerBoundaryIs>
              <LinearRing>
                <coordinates>
                  -55.6679348995794,-23.9100749003053,0
                  -55.6677017401492,-23.9098064387239,0
                  -55.6676866996011,-23.9097966996748,0
                  -55.667690201561,-23.9097931538478,0
                  -55.667625800129,-23.9097189997016,0
                  -55.6667691997571,-23.9104212997464,0
                  -55.6669024995728,-23.9107088999143,0
                  -55.6679348995794,-23.9100749003053,0
                </coordinates>
              </LinearRing>
            </outerBoundaryIs>
          </Polygon>
          <Polygon>
            <outerBoundaryIs>
              <LinearRing>
                <coordinates>
                  -55.6689111003914,-23.908445600449,0
                  -55.6684866996768,-23.908051699809,0
                  -55.6681950003369,-23.9083983002164,0
                  -55.6685280004656,-23.9087506002003,0
                  -55.6689111003914,-23.908445600449,0
                </coordinates>
              </LinearRing>
            </outerBoundaryIs>
          </Polygon>
        </MultiGeometry>
      </Placemark>
      <Placemark id="Distrito_YPEJH__.37">
        <ExtendedData>
          <SchemaData schemaUrl="#Distrito_YPEJH__.schema">
            <SimpleData name="Cédula">3379305.00000000000</SimpleData>
            <SimpleData name="cedula">3379305</SimpleData>
            <SimpleData name="Nombres_y_">GERTRUDIS BAEZ</SimpleData>
            <SimpleData name="Sexo">Mujer</SimpleData>
            <SimpleData name="Cambio_de_">NO</SimpleData>
            <SimpleData name="Titular_se">NO</SimpleData>
            <SimpleData name="Situación">NO</SimpleData>
            <SimpleData name="Comunidad">Campesina</SimpleData>
            <SimpleData name="Modelo_imp">Modelo 1</SimpleData>
            <SimpleData name="Departamen">CANINDEYU</SimpleData>
            <SimpleData name="Distrito">YPEJH?</SimpleData>
            <SimpleData name="Localidad">ASENTAMIENTO ARA VERA 1</SimpleData>
            <SimpleData name="Teléfono">0982779840</SimpleData>
            <SimpleData name="Vivienda_L">-23.91175330000</SimpleData>
            <SimpleData name="Vivienda_1">-55.94801830000</SimpleData>
            <SimpleData name="Superficie">0.90000000000</SimpleData>
            <SimpleData name="Situaci_1">Par?metro</SimpleData>
            <SimpleData name="Plantado">Si</SimpleData>
            <SimpleData name="Parcela_La">-55.94850390000</SimpleData>
            <SimpleData name="Parcela_Lo">-23.91363561000</SimpleData>
            <SimpleData name="Grupo_Impl">G2</SimpleData>
            <SimpleData name="Grupo_de_P">H-P9-XX-XX-XX</SimpleData>
            <SimpleData name="Jornales">0.00000000000</SimpleData>
            <SimpleData name="Monto">0.00000000000</SimpleData>
            <SimpleData name="ETAPA_FAO">Mantenimiento A?o 1.1</SimpleData>
            <SimpleData name="Estado_del">Activo</SimpleData>
            <SimpleData name="Adjudicado">SI</SimpleData>
            <SimpleData name="Empresa">Hyh Consultores SRL</SimpleData>
            <SimpleData name="Lote">H</SimpleData>
            <SimpleData name="Monitorear">No</SimpleData>
            <SimpleData name="Fecha_de_M">-</SimpleData>
            <SimpleData name="F__de_pren">-</SimpleData>
            <SimpleData name="Estado_FAO">Monitorear</SimpleData>
            <SimpleData name="Etapa_de_i">Mantenimiento A?o 1.1</SimpleData>
            <SimpleData name="Fecha_visi">2026/08/13</SimpleData>
            <SimpleData name="Cumple_sup">Si</SimpleData>
            <SimpleData name="Estado_mon">-</SimpleData>
            <SimpleData name="Situaci_12">-</SimpleData>
            <SimpleData name="Observaci">-</SimpleData>
            <SimpleData name="Dias_trans">17.35364583330</SimpleData>
            <SimpleData name="Prioridad">ALTA</SimpleData>
            <SimpleData name="OBJECTID_1">75</SimpleData>
          </SchemaData>
        </ExtendedData>
        <Polygon>
          <outerBoundaryIs>
            <LinearRing>
              <coordinates>
                -55.948034600386,-23.9129315999932,0
                -55.9485366995312,-23.9144834003389,0
                -55.9490082998701,-23.9143117003564,0
                -55.9483899999124,-23.9127117000598,0
                -55.948034600386,-23.9129315999932,0
              </coordinates>
            </LinearRing>
          </outerBoundaryIs>
        </Polygon>
      </Placemark>
      <Placemark id="Distrito_YPEJH__.38">
        <ExtendedData>
          <SchemaData schemaUrl="#Distrito_YPEJH__.schema">
            <SimpleData name="Cédula">6757498.00000000000</SimpleData>
            <SimpleData name="cedula">6757498</SimpleData>
            <SimpleData name="Nombres_y_">GENARA VERGARA LOPEZ</SimpleData>
            <SimpleData name="Sexo">Mujer</SimpleData>
            <SimpleData name="Cambio_de_">NO</SimpleData>
            <SimpleData name="Titular_se">NO</SimpleData>
            <SimpleData name="Situación">NO</SimpleData>
            <SimpleData name="Comunidad">Ind?gena</SimpleData>
            <SimpleData name="Modelo_imp">Modelo 1</SimpleData>
            <SimpleData name="Departamen">CANINDEYU</SimpleData>
            <SimpleData name="Distrito">YPEJH?</SimpleData>
            <SimpleData name="Localidad">COM INDIG ITANARA-PARIRI</SimpleData>
            <SimpleData name="Teléfono">0986705917</SimpleData>
            <SimpleData name="Vivienda_L">-23.83749330000</SimpleData>
            <SimpleData name="Vivienda_1">-55.68432000000</SimpleData>
            <SimpleData name="Superficie">0.80000000000</SimpleData>
            <SimpleData name="Situaci_1">Par?metro</SimpleData>
            <SimpleData name="Plantado">Si</SimpleData>
            <SimpleData name="Parcela_La">-55.68455143000</SimpleData>
            <SimpleData name="Parcela_Lo">-23.84034640000</SimpleData>
            <SimpleData name="Grupo_Impl">G2</SimpleData>
            <SimpleData name="Grupo_de_P">H-P8-XX-XX-XX</SimpleData>
            <SimpleData name="Jornales">0.00000000000</SimpleData>
            <SimpleData name="Monto">0.00000000000</SimpleData>
            <SimpleData name="ETAPA_FAO">Mantenimiento A?o 1.1</SimpleData>
            <SimpleData name="Estado_del">Activo</SimpleData>
            <SimpleData name="Adjudicado">SI</SimpleData>
            <SimpleData name="Empresa">Hyh Consultores SRL</SimpleData>
            <SimpleData name="Lote">H</SimpleData>
            <SimpleData name="Monitorear">Si</SimpleData>
            <SimpleData name="Fecha_de_M">-</SimpleData>
            <SimpleData name="F__de_pren">-</SimpleData>
            <SimpleData name="Estado_FAO">Monitorear</SimpleData>
            <SimpleData name="Etapa_de_i">Mantenimiento A?o 1.1</SimpleData>
            <SimpleData name="Fecha_visi">2026/08/18</SimpleData>
            <SimpleData name="Cumple_sup">Si</SimpleData>
            <SimpleData name="Estado_mon">-</SimpleData>
            <SimpleData name="Situaci_12">-</SimpleData>
            <SimpleData name="Observaci">-</SimpleData>
            <SimpleData name="Dias_trans">12.50313657410</SimpleData>
            <SimpleData name="Prioridad">ALTA</SimpleData>
            <SimpleData name="OBJECTID_1">58</SimpleData>
          </SchemaData>
        </ExtendedData>
        <Polygon>
          <outerBoundaryIs>
            <LinearRing>
              <coordinates>
                -55.6849406106537,-23.8405671201854,0
                -55.6850615999261,-23.8404229997033,0
                -55.6851068998761,-23.8404158997029,0
                -55.6854293001107,-23.840454899634,0
                -55.6854184611032,-23.8404997835707,0
                -55.6855242170741,-23.8405153718093,0
                -55.6855969780729,-23.8403053150958,0
                -55.6856023994755,-23.8401092001242,0
                -55.685027299976,-23.8401269001535,0
                -55.6844562121941,-23.8401525604746,0
                -55.6842905995628,-23.8401366003921,0
                -55.683945999426,-23.8401822001575,0
                -55.683625099158,-23.8402186998346,0
                -55.6835447297648,-23.8402252947745,0
                -55.6836740990581,-23.840585900497,0
                -55.6839814993562,-23.8405927004051,0
                -55.6840786998487,-23.8406611003756,0
                -55.6842513993754,-23.8406733002682,0
                -55.6843129992734,-23.8406266996351,0
                -55.6845930997937,-23.8404535998277,0
                -55.684817599102,-23.8405330001334,0
                -55.6849406106537,-23.8405671201854,0
              </coordinates>
            </LinearRing>
          </outerBoundaryIs>
        </Polygon>
      </Placemark>
      <Placemark id="Distrito_YPEJH__.39">
        <ExtendedData>
          <SchemaData schemaUrl="#Distrito_YPEJH__.schema">
            <SimpleData name="Cédula">6629774.00000000000</SimpleData>
            <SimpleData name="cedula">6629774</SimpleData>
            <SimpleData name="Nombres_y_">BETINA BRITEZ PERALTA</SimpleData>
            <SimpleData name="Sexo">Mujer</SimpleData>
            <SimpleData name="Cambio_de_">NO</SimpleData>
            <SimpleData name="Titular_se">NO</SimpleData>
            <SimpleData name="Situación">NO</SimpleData>
            <SimpleData name="Comunidad">Ind?gena</SimpleData>
            <SimpleData name="Modelo_imp">Modelo 1</SimpleData>
            <SimpleData name="Departamen">CANINDEYU</SimpleData>
            <SimpleData name="Distrito">YPEJH?</SimpleData>
            <SimpleData name="Localidad">COM INDIG PYPUCU</SimpleData>
            <SimpleData name="Teléfono">0982423599</SimpleData>
            <SimpleData name="Vivienda_L">-23.90511110000</SimpleData>
            <SimpleData name="Vivienda_1">-55.66934750000</SimpleData>
            <SimpleData name="Superficie">0.80000000000</SimpleData>
            <SimpleData name="Situaci_1">Par?metro</SimpleData>
            <SimpleData name="Plantado">Si</SimpleData>
            <SimpleData name="Parcela_La">-55.66982185000</SimpleData>
            <SimpleData name="Parcela_Lo">-23.90465887000</SimpleData>
            <SimpleData name="Grupo_Impl">G2</SimpleData>
            <SimpleData name="Grupo_de_P">H-P8-XX-XX-XX</SimpleData>
            <SimpleData name="Jornales">0.00000000000</SimpleData>
            <SimpleData name="Monto">0.00000000000</SimpleData>
            <SimpleData name="ETAPA_FAO">Mantenimiento A?o 1.1</SimpleData>
            <SimpleData name="Estado_del">Activo</SimpleData>
            <SimpleData name="Adjudicado">SI</SimpleData>
            <SimpleData name="Empresa">Hyh Consultores SRL</SimpleData>
            <SimpleData name="Lote">H</SimpleData>
            <SimpleData name="Monitorear">Si</SimpleData>
            <SimpleData name="Fecha_de_M">-</SimpleData>
            <SimpleData name="F__de_pren">-</SimpleData>
            <SimpleData name="Estado_FAO">Monitorear</SimpleData>
            <SimpleData name="Etapa_de_i">Mantenimiento A?o 1.1</SimpleData>
            <SimpleData name="Fecha_visi">2026/08/28</SimpleData>
            <SimpleData name="Cumple_sup">Si</SimpleData>
            <SimpleData name="Estado_mon">-</SimpleData>
            <SimpleData name="Situaci_12">-</SimpleData>
            <SimpleData name="Observaci">-</SimpleData>
            <SimpleData name="Dias_trans">2.15605324074</SimpleData>
            <SimpleData name="Prioridad">ALTA</SimpleData>
            <SimpleData name="OBJECTID_1">67</SimpleData>
          </SchemaData>
        </ExtendedData>
        <Polygon>
          <outerBoundaryIs>
            <LinearRing>
              <coordinates>
                -55.6692310997024,-23.9046503004469,0
                -55.6696066994575,-23.9052533000682,0
                -55.6697727024256,-23.9051480577682,0
                -55.6697548890586,-23.9050976466167,0
                -55.6700001796216,-23.9048956092873,0
                -55.670074914538,-23.9049478014264,0
                -55.6704582995895,-23.9046966996785,0
                -55.6699599995052,-23.9040800004194,0
                -55.6692310997024,-23.9046503004469,0
              </coordinates>
            </LinearRing>
          </outerBoundaryIs>
        </Polygon>
      </Placemark>
      <Placemark id="Distrito_YPEJH__.40">
        <ExtendedData>
          <SchemaData schemaUrl="#Distrito_YPEJH__.schema">
            <SimpleData name="Cédula">6822585.00000000000</SimpleData>
            <SimpleData name="cedula">6822585</SimpleData>
            <SimpleData name="Nombres_y_">SILVINA ROMERO RAMIREZ</SimpleData>
            <SimpleData name="Sexo">Mujer</SimpleData>
            <SimpleData name="Cambio_de_">NO</SimpleData>
            <SimpleData name="Titular_se">NO</SimpleData>
            <SimpleData name="Situación">NO</SimpleData>
            <SimpleData name="Comunidad">Ind?gena</SimpleData>
            <SimpleData name="Modelo_imp">Modelo 1</SimpleData>
            <SimpleData name="Departamen">CANINDEYU</SimpleData>
            <SimpleData name="Distrito">YPEJH?</SimpleData>
            <SimpleData name="Localidad">COM INDIG ITANARA-PARIRI</SimpleData>
            <SimpleData name="Teléfono">ND</SimpleData>
            <SimpleData name="Vivienda_L">-23.83657160000</SimpleData>
            <SimpleData name="Vivienda_1">-55.68474170000</SimpleData>
            <SimpleData name="Superficie">0.80000000000</SimpleData>
            <SimpleData name="Situaci_1">Par?metro</SimpleData>
            <SimpleData name="Plantado">Si</SimpleData>
            <SimpleData name="Parcela_La">-55.68607092000</SimpleData>
            <SimpleData name="Parcela_Lo">-23.83551960000</SimpleData>
            <SimpleData name="Grupo_Impl">G2</SimpleData>
            <SimpleData name="Grupo_de_P">H-P7-XX-XX-XX</SimpleData>
            <SimpleData name="Jornales">0.00000000000</SimpleData>
            <SimpleData name="Monto">0.00000000000</SimpleData>
            <SimpleData name="ETAPA_FAO">Mantenimiento A?o 1.1</SimpleData>
            <SimpleData name="Estado_del">Activo</SimpleData>
            <SimpleData name="Adjudicado">SI</SimpleData>
            <SimpleData name="Empresa">Hyh Consultores SRL</SimpleData>
            <SimpleData name="Lote">H</SimpleData>
            <SimpleData name="Monitorear">Si</SimpleData>
            <SimpleData name="Fecha_de_M">-</SimpleData>
            <SimpleData name="F__de_pren">-</SimpleData>
            <SimpleData name="Estado_FAO">Monitorear</SimpleData>
            <SimpleData name="Etapa_de_i">Mantenimiento A?o 1.1</SimpleData>
            <SimpleData name="Fecha_visi">2026/08/19</SimpleData>
            <SimpleData name="Cumple_sup">Si</SimpleData>
            <SimpleData name="Estado_mon">-</SimpleData>
            <SimpleData name="Situaci_12">-</SimpleData>
            <SimpleData name="Observaci">-</SimpleData>
            <SimpleData name="Dias_trans">11.49175925930</SimpleData>
            <SimpleData name="Prioridad">ALTA</SimpleData>
            <SimpleData name="OBJECTID_1">62</SimpleData>
          </SchemaData>
        </ExtendedData>
        <Polygon>
          <outerBoundaryIs>
            <LinearRing>
              <coordinates>
                -55.6857408657391,-23.8354545065304,0
                -55.685673869711,-23.8357088152054,0
                -55.6856101992165,-23.8359505008534,0
                -55.6857457095642,-23.83597876727,0
                -55.6858997157691,-23.8360108921428,0
                -55.6863666990508,-23.8361083006661,0
                -55.6864149996039,-23.8349017002338,0
                -55.6858650001068,-23.8349833002559,0
                -55.6857408657391,-23.8354545065304,0
              </coordinates>
            </LinearRing>
          </outerBoundaryIs>
        </Polygon>
      </Placemark>
      <Placemark id="Distrito_YPEJH__.41">
        <ExtendedData>
          <SchemaData schemaUrl="#Distrito_YPEJH__.schema">
            <SimpleData name="Cédula">6737438.00000000000</SimpleData>
            <SimpleData name="cedula">6737438</SimpleData>
            <SimpleData name="Nombres_y_">ARTEMIA CENTURION BENITEZ</SimpleData>
            <SimpleData name="Sexo">Mujer</SimpleData>
            <SimpleData name="Cambio_de_">NO</SimpleData>
            <SimpleData name="Titular_se">NO</SimpleData>
            <SimpleData name="Situación">NO</SimpleData>
            <SimpleData name="Comunidad">Ind?gena</SimpleData>
            <SimpleData name="Modelo_imp">Modelo 1</SimpleData>
            <SimpleData name="Departamen">CANINDEYU</SimpleData>
            <SimpleData name="Distrito">YPEJH?</SimpleData>
            <SimpleData name="Localidad">COM INDIG PYPUCU</SimpleData>
            <SimpleData name="Teléfono">ND</SimpleData>
            <SimpleData name="Vivienda_L">-23.90491270000</SimpleData>
            <SimpleData name="Vivienda_1">-55.66892670000</SimpleData>
            <SimpleData name="Superficie">0.80000000000</SimpleData>
            <SimpleData name="Situaci_1">Par?metro</SimpleData>
            <SimpleData name="Plantado">Si</SimpleData>
            <SimpleData name="Parcela_La">-55.66844136000</SimpleData>
            <SimpleData name="Parcela_Lo">-23.90946998000</SimpleData>
            <SimpleData name="Grupo_Impl">G2</SimpleData>
            <SimpleData name="Grupo_de_P">H-P6-XX-XX-XX</SimpleData>
            <SimpleData name="Jornales">0.00000000000</SimpleData>
            <SimpleData name="Monto">0.00000000000</SimpleData>
            <SimpleData name="ETAPA_FAO">Mantenimiento A?o 1.1</SimpleData>
            <SimpleData name="Estado_del">Activo</SimpleData>
            <SimpleData name="Adjudicado">SI</SimpleData>
            <SimpleData name="Empresa">Hyh Consultores SRL</SimpleData>
            <SimpleData name="Lote">H</SimpleData>
            <SimpleData name="Monitorear">Si</SimpleData>
            <SimpleData name="Fecha_de_M">-</SimpleData>
            <SimpleData name="F__de_pren">-</SimpleData>
            <SimpleData name="Estado_FAO">Monitorear</SimpleData>
            <SimpleData name="Etapa_de_i">Mantenimiento A?o 1.1</SimpleData>
            <SimpleData name="Fecha_visi">2026/08/25</SimpleData>
            <SimpleData name="Cumple_sup">Si</SimpleData>
            <SimpleData name="Estado_mon">-</SimpleData>
            <SimpleData name="Situaci_12">-</SimpleData>
            <SimpleData name="Observaci">-</SimpleData>
            <SimpleData name="Dias_trans">5.63280092592</SimpleData>
            <SimpleData name="Prioridad">ALTA</SimpleData>
            <SimpleData name="OBJECTID_1">80</SimpleData>
          </SchemaData>
        </ExtendedData>
        <Polygon>
          <outerBoundaryIs>
            <LinearRing>
              <coordinates>
                -55.667690201561,-23.9097931538478,0
                -55.6676866996011,-23.9097966996748,0
                -55.6677017401492,-23.9098064387239,0
                -55.6680569000531,-23.9100363999381,0
                -55.6691885003012,-23.9093939997354,0
                -55.6691874855499,-23.9093929469973,0
                -55.6691784001323,-23.9093987997489,0
                -55.668911510196,-23.9091065978186,0
                -55.6686432000685,-23.9088282002016,0
                -55.667690201561,-23.9097931538478,0
              </coordinates>
            </LinearRing>
          </outerBoundaryIs>
        </Polygon>
      </Placemark>
      <Placemark id="Distrito_YPEJH__.42">
        <ExtendedData>
          <SchemaData schemaUrl="#Distrito_YPEJH__.schema">
            <SimpleData name="Cédula">6740673.00000000000</SimpleData>
            <SimpleData name="cedula">6740673</SimpleData>
            <SimpleData name="Nombres_y_">ALICIA BENITEZ CHAPARRO</SimpleData>
            <SimpleData name="Sexo">Mujer</SimpleData>
            <SimpleData name="Cambio_de_">NO</SimpleData>
            <SimpleData name="Titular_se">NO</SimpleData>
            <SimpleData name="Situación">NO</SimpleData>
            <SimpleData name="Comunidad">Ind?gena</SimpleData>
            <SimpleData name="Modelo_imp">Modelo 1</SimpleData>
            <SimpleData name="Departamen">CANINDEYU</SimpleData>
            <SimpleData name="Distrito">YPEJH?</SimpleData>
            <SimpleData name="Localidad">COM INDIG YVY PAVE CA?ADA</SimpleData>
            <SimpleData name="Teléfono">ND</SimpleData>
            <SimpleData name="Vivienda_L">-23.95969000000</SimpleData>
            <SimpleData name="Vivienda_1">-55.90486830000</SimpleData>
            <SimpleData name="Superficie">0.80000000000</SimpleData>
            <SimpleData name="Situaci_1">Par?metro</SimpleData>
            <SimpleData name="Plantado">Si</SimpleData>
            <SimpleData name="Parcela_La">-55.90076937000</SimpleData>
            <SimpleData name="Parcela_Lo">-23.95286313000</SimpleData>
            <SimpleData name="Grupo_Impl">G2</SimpleData>
            <SimpleData name="Grupo_de_P">H-P14-XX-XX-XX</SimpleData>
            <SimpleData name="Jornales">0.00000000000</SimpleData>
            <SimpleData name="Monto">0.00000000000</SimpleData>
            <SimpleData name="ETAPA_FAO">Mantenimiento A?o 1.1</SimpleData>
            <SimpleData name="Estado_del">Activo</SimpleData>
            <SimpleData name="Adjudicado">SI</SimpleData>
            <SimpleData name="Empresa">Hyh Consultores SRL</SimpleData>
            <SimpleData name="Lote">H</SimpleData>
            <SimpleData name="Monitorear">No</SimpleData>
            <SimpleData name="Fecha_de_M">-</SimpleData>
            <SimpleData name="F__de_pren">-</SimpleData>
            <SimpleData name="Estado_FAO">Monitorear</SimpleData>
            <SimpleData name="Etapa_de_i">Mantenimiento A?o 1.1</SimpleData>
            <SimpleData name="Fecha_visi">2026/08/12</SimpleData>
            <SimpleData name="Cumple_sup">Si</SimpleData>
            <SimpleData name="Estado_mon">-</SimpleData>
            <SimpleData name="Situaci_12">-</SimpleData>
            <SimpleData name="Observaci">-</SimpleData>
            <SimpleData name="Dias_trans">18.43896990740</SimpleData>
            <SimpleData name="Prioridad">ALTA</SimpleData>
            <SimpleData name="OBJECTID_1">28</SimpleData>
          </SchemaData>
        </ExtendedData>
        <Polygon>
          <outerBoundaryIs>
            <LinearRing>
              <coordinates>
                -55.899762299886,-23.9525961004409,0
                -55.8998271996002,-23.9533836001349,0
                -55.9002445999044,-23.9533697001904,0
                -55.9002682992856,-23.9531067001805,0
                -55.9009033996432,-23.9529507999228,0
                -55.9013568000023,-23.9528407002373,0
                -55.9017796996661,-23.9527464999645,0
                -55.9017249993862,-23.9525131997706,0
                -55.9002382991041,-23.9528700000876,0
                -55.9001649999848,-23.9521300005054,0
                -55.8997711994016,-23.9521712001452,0
                -55.899762299886,-23.9525961004409,0
              </coordinates>
            </LinearRing>
          </outerBoundaryIs>
        </Polygon>
      </Placemark>
      <Placemark id="Distrito_YPEJH__.43">
        <ExtendedData>
          <SchemaData schemaUrl="#Distrito_YPEJH__.schema">
            <SimpleData name="Cédula">8419317.00000000000</SimpleData>
            <SimpleData name="cedula">8419317</SimpleData>
            <SimpleData name="Nombres_y_">MARIA GARCETE ESPINOLA</SimpleData>
            <SimpleData name="Sexo">Mujer</SimpleData>
            <SimpleData name="Cambio_de_">NO</SimpleData>
            <SimpleData name="Titular_se">NO</SimpleData>
            <SimpleData name="Situación">NO</SimpleData>
            <SimpleData name="Comunidad">Ind?gena</SimpleData>
            <SimpleData name="Modelo_imp">Modelo 5</SimpleData>
            <SimpleData name="Departamen">CANINDEYU</SimpleData>
            <SimpleData name="Distrito">YPEJH?</SimpleData>
            <SimpleData name="Localidad">COM INDIG KABAYU PASO</SimpleData>
            <SimpleData name="Teléfono">ND</SimpleData>
            <SimpleData name="Vivienda_L">-24.00265570000</SimpleData>
            <SimpleData name="Vivienda_1">-55.87637900000</SimpleData>
            <SimpleData name="Superficie">0.70000000000</SimpleData>
            <SimpleData name="Situaci_1">Pol?gono</SimpleData>
            <SimpleData name="Plantado">Si</SimpleData>
            <SimpleData name="Parcela_La">-55.87582359000</SimpleData>
            <SimpleData name="Parcela_Lo">-24.00268927000</SimpleData>
            <SimpleData name="Grupo_Impl">G2</SimpleData>
            <SimpleData name="Grupo_de_P">H-P5-XX-XX-XX</SimpleData>
            <SimpleData name="Jornales">0.00000000000</SimpleData>
            <SimpleData name="Monto">0.00000000000</SimpleData>
            <SimpleData name="ETAPA_FAO">Mantenimiento A?o 1.1</SimpleData>
            <SimpleData name="Estado_del">Activo</SimpleData>
            <SimpleData name="Adjudicado">SI</SimpleData>
            <SimpleData name="Empresa">Hyh Consultores SRL</SimpleData>
            <SimpleData name="Lote">H</SimpleData>
            <SimpleData name="Monitorear">No</SimpleData>
            <SimpleData name="Fecha_de_M">-</SimpleData>
            <SimpleData name="F__de_pren">-</SimpleData>
            <SimpleData name="Estado_FAO">Verificar posible desercion</SimpleData>
            <SimpleData name="Etapa_de_i">Mantenimiento A?o 1.1</SimpleData>
            <SimpleData name="Fecha_visi">2026/08/26</SimpleData>
            <SimpleData name="Cumple_sup">-</SimpleData>
            <SimpleData name="Estado_mon">-</SimpleData>
            <SimpleData name="Situaci_12">-</SimpleData>
            <SimpleData name="Observaci">Parcela abandonada</SimpleData>
            <SimpleData name="Dias_trans">4.44829082176</SimpleData>
            <SimpleData name="Prioridad">ALTA</SimpleData>
            <SimpleData name="OBJECTID_1">94</SimpleData>
          </SchemaData>
        </ExtendedData>
        <Polygon>
          <outerBoundaryIs>
            <LinearRing>
              <coordinates>
                -55.8752954001766,-24.003083899827,0
                -55.875938300401,-24.00328609943,0
                -55.8760559004478,-24.0030691998526,0
                -55.8762582001647,-24.0026441993571,0
                -55.8763068998404,-24.0019743003696,0
                -55.876260999941,-24.0020801996496,0
                -55.8757822005895,-24.0022366998529,0
                -55.8754313005581,-24.0024367004227,0
                -55.8752954001766,-24.003083899827,0
              </coordinates>
            </LinearRing>
          </outerBoundaryIs>
        </Polygon>
      </Placemark>
      <Placemark id="Distrito_YPEJH__.44">
        <ExtendedData>
          <SchemaData schemaUrl="#Distrito_YPEJH__.schema">
            <SimpleData name="Cédula">6659576.00000000000</SimpleData>
            <SimpleData name="cedula">6659576</SimpleData>
            <SimpleData name="Nombres_y_">VICENTA PERALTA BENITEZ</SimpleData>
            <SimpleData name="Sexo">Mujer</SimpleData>
            <SimpleData name="Cambio_de_">NO</SimpleData>
            <SimpleData name="Titular_se">NO</SimpleData>
            <SimpleData name="Situación">NO</SimpleData>
            <SimpleData name="Comunidad">Ind?gena</SimpleData>
            <SimpleData name="Modelo_imp">Modelo 5</SimpleData>
            <SimpleData name="Departamen">CANINDEYU</SimpleData>
            <SimpleData name="Distrito">YPEJH?</SimpleData>
            <SimpleData name="Localidad">COM INDIG PYPUCU</SimpleData>
            <SimpleData name="Teléfono">ND</SimpleData>
            <SimpleData name="Vivienda_L">-23.90470510000</SimpleData>
            <SimpleData name="Vivienda_1">-55.66903830000</SimpleData>
            <SimpleData name="Superficie">0.70000000000</SimpleData>
            <SimpleData name="Situaci_1">Par?metro</SimpleData>
            <SimpleData name="Plantado">Si</SimpleData>
            <SimpleData name="Parcela_La">-55.66926755000</SimpleData>
            <SimpleData name="Parcela_Lo">-23.90884272000</SimpleData>
            <SimpleData name="Grupo_Impl">G2</SimpleData>
            <SimpleData name="Grupo_de_P">H-P6-XX-XX-XX</SimpleData>
            <SimpleData name="Jornales">0.00000000000</SimpleData>
            <SimpleData name="Monto">0.00000000000</SimpleData>
            <SimpleData name="ETAPA_FAO">Mantenimiento A?o 1.1</SimpleData>
            <SimpleData name="Estado_del">Activo</SimpleData>
            <SimpleData name="Adjudicado">SI</SimpleData>
            <SimpleData name="Empresa">Hyh Consultores SRL</SimpleData>
            <SimpleData name="Lote">H</SimpleData>
            <SimpleData name="Monitorear">Si</SimpleData>
            <SimpleData name="Fecha_de_M">-</SimpleData>
            <SimpleData name="F__de_pren">-</SimpleData>
            <SimpleData name="Estado_FAO">Monitorear</SimpleData>
            <SimpleData name="Etapa_de_i">Mantenimiento A?o 1.1</SimpleData>
            <SimpleData name="Fecha_visi">2026/08/25</SimpleData>
            <SimpleData name="Cumple_sup">Si</SimpleData>
            <SimpleData name="Estado_mon">-</SimpleData>
            <SimpleData name="Situaci_12">-</SimpleData>
            <SimpleData name="Observaci">-</SimpleData>
            <SimpleData name="Dias_trans">5.63284722222</SimpleData>
            <SimpleData name="Prioridad">ALTA</SimpleData>
            <SimpleData name="OBJECTID_1">74</SimpleData>
          </SchemaData>
        </ExtendedData>
        <Polygon>
          <outerBoundaryIs>
            <LinearRing>
              <coordinates>
                -55.668911510196,-23.9091065978186,0
                -55.6691784001323,-23.9093987997489,0
                -55.6691874855499,-23.9093929469973,0
                -55.6699075184731,-23.9089290740974,0
                -55.6695911092834,-23.9085618852313,0
                -55.6692966995962,-23.9082603997353,0
                -55.668644900248,-23.9088147004115,0
                -55.668911510196,-23.9091065978186,0
              </coordinates>
            </LinearRing>
          </outerBoundaryIs>
        </Polygon>
      </Placemark>
      <Placemark id="Distrito_YPEJH__.45">
        <ExtendedData>
          <SchemaData schemaUrl="#Distrito_YPEJH__.schema">
            <SimpleData name="Cédula">6740952.00000000000</SimpleData>
            <SimpleData name="cedula">6740952</SimpleData>
            <SimpleData name="Nombres_y_">LINDA RAMIREZ COLARTE</SimpleData>
            <SimpleData name="Sexo">Mujer</SimpleData>
            <SimpleData name="Cambio_de_">NO</SimpleData>
            <SimpleData name="Titular_se">NO</SimpleData>
            <SimpleData name="Situación">NO</SimpleData>
            <SimpleData name="Comunidad">Ind?gena</SimpleData>
            <SimpleData name="Modelo_imp">Modelo 1</SimpleData>
            <SimpleData name="Departamen">CANINDEYU</SimpleData>
            <SimpleData name="Distrito">YPEJH?</SimpleData>
            <SimpleData name="Localidad">COM INDIG ITANARA-PARIRI</SimpleData>
            <SimpleData name="Teléfono">ND</SimpleData>
            <SimpleData name="Vivienda_L">-23.83282270000</SimpleData>
            <SimpleData name="Vivienda_1">-55.68300860000</SimpleData>
            <SimpleData name="Superficie">0.80000000000</SimpleData>
            <SimpleData name="Situaci_1">Par?metro</SimpleData>
            <SimpleData name="Plantado">Si</SimpleData>
            <SimpleData name="Parcela_La">-55.68403866000</SimpleData>
            <SimpleData name="Parcela_Lo">-23.83267343000</SimpleData>
            <SimpleData name="Grupo_Impl">G2</SimpleData>
            <SimpleData name="Grupo_de_P">H-P8-XX-XX-XX</SimpleData>
            <SimpleData name="Jornales">0.00000000000</SimpleData>
            <SimpleData name="Monto">0.00000000000</SimpleData>
            <SimpleData name="ETAPA_FAO">Mantenimiento A?o 1.1</SimpleData>
            <SimpleData name="Estado_del">Activo</SimpleData>
            <SimpleData name="Adjudicado">SI</SimpleData>
            <SimpleData name="Empresa">Hyh Consultores SRL</SimpleData>
            <SimpleData name="Lote">H</SimpleData>
            <SimpleData name="Monitorear">Si</SimpleData>
            <SimpleData name="Fecha_de_M">-</SimpleData>
            <SimpleData name="F__de_pren">-</SimpleData>
            <SimpleData name="Estado_FAO">Monitorear</SimpleData>
            <SimpleData name="Etapa_de_i">Mantenimiento A?o 1.1</SimpleData>
            <SimpleData name="Fecha_visi">2026/08/24</SimpleData>
            <SimpleData name="Cumple_sup">Si</SimpleData>
            <SimpleData name="Estado_mon">-</SimpleData>
            <SimpleData name="Situaci_12">-</SimpleData>
            <SimpleData name="Observaci">-</SimpleData>
            <SimpleData name="Dias_trans">6.18315972222</SimpleData>
            <SimpleData name="Prioridad">ALTA</SimpleData>
            <SimpleData name="OBJECTID_1">69</SimpleData>
          </SchemaData>
        </ExtendedData>
        <Polygon>
          <outerBoundaryIs>
            <LinearRing>
              <coordinates>
                -55.6840185001947,-23.8323327009538,0
                -55.683985900412,-23.8324273000043,0
                -55.6837151996648,-23.8323251005589,0
                -55.6836201999392,-23.8322979000742,0
                -55.6835004005636,-23.832377400534,0
                -55.68356319949,-23.8326456010482,0
                -55.6834736996958,-23.8327017003073,0
                -55.6833400995518,-23.8326615004996,0
                -55.6832558998359,-23.8327289000773,0
                -55.6832472002061,-23.8329203009046,0
                -55.6833607997102,-23.832984900215,0
                -55.6836034991395,-23.8329885005428,0
                -55.683887400116,-23.8329459009231,0
                -55.6839786998207,-23.8330534001453,0
                -55.6841863994173,-23.8329634000697,0
                -55.6842540992165,-23.8329666006205,0
                -55.6845700995577,-23.8330200000915,0
                -55.6846471993351,-23.8329399998209,0
                -55.6846063998673,-23.8327735007463,0
                -55.6847743994621,-23.8325356001806,0
                -55.6847720000619,-23.8324917005075,0
                -55.6847116002157,-23.8323839010164,0
                -55.684453000313,-23.8323634009394,0
                -55.6842248996598,-23.8322973002503,0
                -55.6840752999005,-23.8322732001888,0
                -55.6840185001947,-23.8323327009538,0
              </coordinates>
            </LinearRing>
          </outerBoundaryIs>
        </Polygon>
      </Placemark>
      <Placemark id="Distrito_YPEJH__.46">
        <ExtendedData>
          <SchemaData schemaUrl="#Distrito_YPEJH__.schema">
            <SimpleData name="Cédula">6635824.00000000000</SimpleData>
            <SimpleData name="cedula">6635824</SimpleData>
            <SimpleData name="Nombres_y_">EJUANI BRITEZ PERALTA</SimpleData>
            <SimpleData name="Sexo">Mujer</SimpleData>
            <SimpleData name="Cambio_de_">NO</SimpleData>
            <SimpleData name="Titular_se">NO</SimpleData>
            <SimpleData name="Situación">NO</SimpleData>
            <SimpleData name="Comunidad">Ind?gena</SimpleData>
            <SimpleData name="Modelo_imp">Modelo 5</SimpleData>
            <SimpleData name="Departamen">CANINDEYU</SimpleData>
            <SimpleData name="Distrito">YPEJH?</SimpleData>
            <SimpleData name="Localidad">COM INDIG PYPUCU</SimpleData>
            <SimpleData name="Teléfono">0983991870</SimpleData>
            <SimpleData name="Vivienda_L">-23.90532420000</SimpleData>
            <SimpleData name="Vivienda_1">-55.66956050000</SimpleData>
            <SimpleData name="Superficie">0.70000000000</SimpleData>
            <SimpleData name="Situaci_1">Par?metro</SimpleData>
            <SimpleData name="Plantado">Si</SimpleData>
            <SimpleData name="Parcela_La">-55.67036733000</SimpleData>
            <SimpleData name="Parcela_Lo">-23.90549289000</SimpleData>
            <SimpleData name="Grupo_Impl">G2</SimpleData>
            <SimpleData name="Grupo_de_P">H-P6-XX-XX-XX</SimpleData>
            <SimpleData name="Jornales">0.00000000000</SimpleData>
            <SimpleData name="Monto">0.00000000000</SimpleData>
            <SimpleData name="ETAPA_FAO">Mantenimiento A?o 1.1</SimpleData>
            <SimpleData name="Estado_del">Activo</SimpleData>
            <SimpleData name="Adjudicado">SI</SimpleData>
            <SimpleData name="Empresa">Hyh Consultores SRL</SimpleData>
            <SimpleData name="Lote">H</SimpleData>
            <SimpleData name="Monitorear">Si</SimpleData>
            <SimpleData name="Fecha_de_M">-</SimpleData>
            <SimpleData name="F__de_pren">-</SimpleData>
            <SimpleData name="Estado_FAO">Monitorear</SimpleData>
            <SimpleData name="Etapa_de_i">Mantenimiento A?o 1.1</SimpleData>
            <SimpleData name="Fecha_visi">2026/08/26</SimpleData>
            <SimpleData name="Cumple_sup">Si</SimpleData>
            <SimpleData name="Estado_mon">-</SimpleData>
            <SimpleData name="Situaci_12">-</SimpleData>
            <SimpleData name="Observaci">-</SimpleData>
            <SimpleData name="Dias_trans">4.03252314815</SimpleData>
            <SimpleData name="Prioridad">ALTA</SimpleData>
            <SimpleData name="OBJECTID_1">71</SimpleData>
          </SchemaData>
        </ExtendedData>
        <Polygon>
          <outerBoundaryIs>
            <LinearRing>
              <coordinates>
                -55.6697553000887,-23.9050976998417,0
                -55.6698435003199,-23.9053448001333,0
                -55.6698716997542,-23.9055282997362,0
                -55.6700937996875,-23.90579180024,0
                -55.6702080997928,-23.9057040995595,0
                -55.6702622997745,-23.9056932003751,0
                -55.6703982004096,-23.9057275997246,0
                -55.6705326001714,-23.9059142002539,0
                -55.6707728004297,-23.9059820000284,0
                -55.6709163997528,-23.9060721996973,0
                -55.6710961004314,-23.9059618997538,0
                -55.6706347999602,-23.9053189998352,0
                -55.6706079003253,-23.9051661998824,0
                -55.6703980001057,-23.905151300371,0
                -55.6702785997824,-23.9052411001135,0
                -55.6702827999098,-23.9052197001323,0
                -55.6701387000733,-23.9049926001788,0
                -55.6700005003024,-23.9048971003294,0
                -55.6697553000887,-23.9050976998417,0
              </coordinates>
            </LinearRing>
          </outerBoundaryIs>
        </Polygon>
      </Placemark>
      <Placemark id="Distrito_YPEJH__.47">
        <ExtendedData>
          <SchemaData schemaUrl="#Distrito_YPEJH__.schema">
            <SimpleData name="Cédula">6737049.00000000000</SimpleData>
            <SimpleData name="cedula">6737049</SimpleData>
            <SimpleData name="Nombres_y_">SONIA LOPEZ JARA</SimpleData>
            <SimpleData name="Sexo">Mujer</SimpleData>
            <SimpleData name="Cambio_de_">NO</SimpleData>
            <SimpleData name="Titular_se">NO</SimpleData>
            <SimpleData name="Situación">NO</SimpleData>
            <SimpleData name="Comunidad">Ind?gena</SimpleData>
            <SimpleData name="Modelo_imp">Modelo 2</SimpleData>
            <SimpleData name="Departamen">CANINDEYU</SimpleData>
            <SimpleData name="Distrito">YPEJH?</SimpleData>
            <SimpleData name="Localidad">COM INDIG ITANARA-PARIRI</SimpleData>
            <SimpleData name="Teléfono">0986686518</SimpleData>
            <SimpleData name="Vivienda_L">-23.83685070000</SimpleData>
            <SimpleData name="Vivienda_1">-55.68432780000</SimpleData>
            <SimpleData name="Superficie">0.80000000000</SimpleData>
            <SimpleData name="Situaci_1">Par?metro</SimpleData>
            <SimpleData name="Plantado">Si</SimpleData>
            <SimpleData name="Parcela_La">-55.68604260000</SimpleData>
            <SimpleData name="Parcela_Lo">-23.83677033000</SimpleData>
            <SimpleData name="Grupo_Impl">G2</SimpleData>
            <SimpleData name="Grupo_de_P">H-P8-XX-XX-XX</SimpleData>
            <SimpleData name="Jornales">0.00000000000</SimpleData>
            <SimpleData name="Monto">0.00000000000</SimpleData>
            <SimpleData name="ETAPA_FAO">Mantenimiento A?o 1.1</SimpleData>
            <SimpleData name="Estado_del">Activo</SimpleData>
            <SimpleData name="Adjudicado">SI</SimpleData>
            <SimpleData name="Empresa">Hyh Consultores SRL</SimpleData>
            <SimpleData name="Lote">H</SimpleData>
            <SimpleData name="Monitorear">Si</SimpleData>
            <SimpleData name="Fecha_de_M">-</SimpleData>
            <SimpleData name="F__de_pren">-</SimpleData>
            <SimpleData name="Estado_FAO">Monitorear</SimpleData>
            <SimpleData name="Etapa_de_i">Mantenimiento A?o 1.1</SimpleData>
            <SimpleData name="Fecha_visi">2026/08/18</SimpleData>
            <SimpleData name="Cumple_sup">Si</SimpleData>
            <SimpleData name="Estado_mon">-</SimpleData>
            <SimpleData name="Situaci_12">-</SimpleData>
            <SimpleData name="Observaci">-</SimpleData>
            <SimpleData name="Dias_trans">12.20057870370</SimpleData>
            <SimpleData name="Prioridad">ALTA</SimpleData>
            <SimpleData name="OBJECTID_1">61</SimpleData>
          </SchemaData>
        </ExtendedData>
        <MultiGeometry>
          <Polygon>
            <outerBoundaryIs>
              <LinearRing>
                <coordinates>
                  -55.6865017639736,-23.8375885116967,0
                  -55.6866154501307,-23.8372688568164,0
                  -55.686628700365,-23.8372316000068,0
                  -55.6865297005013,-23.8372240011072,0
                  -55.6862154000031,-23.8376429008403,0
                  -55.6860810998623,-23.8378408006253,0
                  -55.6862930004357,-23.8381755004773,0
                  -55.6865017639736,-23.8375885116967,0
                </coordinates>
              </LinearRing>
            </outerBoundaryIs>
          </Polygon>
          <Polygon>
            <outerBoundaryIs>
              <LinearRing>
                <coordinates>
                  -55.6859350999295,-23.8364427999206,0
                  -55.6858842004092,-23.8366082006366,0
                  -55.6858344994978,-23.8368187008728,0
                  -55.6859472006345,-23.8369692998441,0
                  -55.6860159998304,-23.8370155005223,0
                  -55.6860227997092,-23.8371925996641,0
                  -55.6862588999325,-23.8372151001249,0
                  -55.6862678830145,-23.8370437148093,0
                  -55.686273199499,-23.8361289997915,0
                  -55.6863009825582,-23.8361295689762,0
                  -55.6862234002011,-23.8360885007543,0
                  -55.6858841005652,-23.8360833003514,0
                  -55.6858997157691,-23.8360108921428,0
                  -55.6857457095642,-23.83597876727,0
                  -55.685662699538,-23.8360417007454,0
                  -55.685682799294,-23.8362585001545,0
                  -55.6856965992981,-23.8363434005566,0
                  -55.6860476998707,-23.8363317005017,0
                  -55.6859350999295,-23.8364427999206,0
                </coordinates>
              </LinearRing>
            </outerBoundaryIs>
          </Polygon>
          <Polygon>
            <outerBoundaryIs>
              <LinearRing>
                <coordinates>
                  -55.6855638000842,-23.8357156005074,0
                  -55.6854763002117,-23.8356842006711,0
                  -55.6851944999882,-23.8362090006761,0
                  -55.6853766005098,-23.8361861004721,0
                  -55.685538299941,-23.8360438005003,0
                  -55.6855638000842,-23.8357156005074,0
                </coordinates>
              </LinearRing>
            </outerBoundaryIs>
          </Polygon>
        </MultiGeometry>
      </Placemark>
      <Placemark id="Distrito_YPEJH__.48">
        <ExtendedData>
          <SchemaData schemaUrl="#Distrito_YPEJH__.schema">
            <SimpleData name="Cédula">5829394.00000000000</SimpleData>
            <SimpleData name="cedula">5829394</SimpleData>
            <SimpleData name="Nombres_y_">MANUEL AQUINO FERNANDEZ</SimpleData>
            <SimpleData name="Sexo">Hombre</SimpleData>
            <SimpleData name="Cambio_de_">NO</SimpleData>
            <SimpleData name="Titular_se">NO</SimpleData>
            <SimpleData name="Situación">NO</SimpleData>
            <SimpleData name="Comunidad">Ind?gena</SimpleData>
            <SimpleData name="Modelo_imp">Modelo 5</SimpleData>
            <SimpleData name="Departamen">CANINDEYU</SimpleData>
            <SimpleData name="Distrito">YPEJH?</SimpleData>
            <SimpleData name="Localidad">COM INDIG ITANARA-PARIRI</SimpleData>
            <SimpleData name="Teléfono">ND</SimpleData>
            <SimpleData name="Vivienda_L">-23.87891170000</SimpleData>
            <SimpleData name="Vivienda_1">-55.69756490000</SimpleData>
            <SimpleData name="Superficie">0.70000000000</SimpleData>
            <SimpleData name="Situaci_1">Par?metro</SimpleData>
            <SimpleData name="Plantado">Si</SimpleData>
            <SimpleData name="Parcela_La">-55.69749126000</SimpleData>
            <SimpleData name="Parcela_Lo">-23.87856300000</SimpleData>
            <SimpleData name="Grupo_Impl">G2</SimpleData>
            <SimpleData name="Grupo_de_P">H-P7-XX-XX-XX</SimpleData>
            <SimpleData name="Jornales">0.00000000000</SimpleData>
            <SimpleData name="Monto">0.00000000000</SimpleData>
            <SimpleData name="ETAPA_FAO">Mantenimiento A?o 1.1</SimpleData>
            <SimpleData name="Estado_del">Activo</SimpleData>
            <SimpleData name="Adjudicado">SI</SimpleData>
            <SimpleData name="Empresa">Hyh Consultores SRL</SimpleData>
            <SimpleData name="Lote">H</SimpleData>
            <SimpleData name="Monitorear">No</SimpleData>
            <SimpleData name="Fecha_de_M">-</SimpleData>
            <SimpleData name="F__de_pren">-</SimpleData>
            <SimpleData name="Estado_FAO">Monitorear</SimpleData>
            <SimpleData name="Etapa_de_i">Mantenimiento A?o 1.1</SimpleData>
            <SimpleData name="Fecha_visi">2026/08/25</SimpleData>
            <SimpleData name="Cumple_sup">Si</SimpleData>
            <SimpleData name="Estado_mon">-</SimpleData>
            <SimpleData name="Situaci_12">-</SimpleData>
            <SimpleData name="Observaci">-</SimpleData>
            <SimpleData name="Dias_trans">5.37797453703</SimpleData>
            <SimpleData name="Prioridad">ALTA</SimpleData>
            <SimpleData name="OBJECTID_1">77</SimpleData>
          </SchemaData>
        </ExtendedData>
        <Polygon>
          <outerBoundaryIs>
            <LinearRing>
              <coordinates>
                -55.6977134437955,-23.8780501883093,0
                -55.697633299949,-23.8780867000645,0
                -55.6975299996541,-23.878353299806,0
                -55.6973350003058,-23.878309999972,0
                -55.6971017003536,-23.8784233002184,0
                -55.6969366995503,-23.87864670004,0
                -55.6969183003956,-23.8788850002183,0
                -55.6969200002997,-23.8789517002095,0
                -55.6975783004349,-23.8790133002764,0
                -55.6975399999203,-23.8787783004397,0
                -55.6976883000007,-23.8787416999538,0
                -55.6977149995125,-23.8788916998521,0
                -55.697855000186,-23.8788967000361,0
                -55.6978450003902,-23.8787283002172,0
                -55.6979132999069,-23.8785517000127,0
                -55.6980133001259,-23.8782566998495,0
                -55.6979496221575,-23.8780633984682,0
                -55.6979149995973,-23.8779582997866,0
                -55.6977650004761,-23.8780267000382,0
                -55.6977134437955,-23.8780501883093,0
              </coordinates>
            </LinearRing>
          </outerBoundaryIs>
        </Polygon>
      </Placemark>
      <Placemark id="Distrito_YPEJH__.49">
        <ExtendedData>
          <SchemaData schemaUrl="#Distrito_YPEJH__.schema">
            <SimpleData name="Cédula">6657283.00000000000</SimpleData>
            <SimpleData name="cedula">6657283</SimpleData>
            <SimpleData name="Nombres_y_">ISIDRA BRITEZ</SimpleData>
            <SimpleData name="Sexo">Mujer</SimpleData>
            <SimpleData name="Cambio_de_">NO</SimpleData>
            <SimpleData name="Titular_se">NO</SimpleData>
            <SimpleData name="Situación">NO</SimpleData>
            <SimpleData name="Comunidad">Campesina</SimpleData>
            <SimpleData name="Modelo_imp">Modelo 5</SimpleData>
            <SimpleData name="Departamen">CANINDEYU</SimpleData>
            <SimpleData name="Distrito">YPEJH?</SimpleData>
            <SimpleData name="Localidad">ARA VERA</SimpleData>
            <SimpleData name="Teléfono">ND</SimpleData>
            <SimpleData name="Vivienda_L">-23.91151700000</SimpleData>
            <SimpleData name="Vivienda_1">-55.95689200000</SimpleData>
            <SimpleData name="Superficie">0.90000000000</SimpleData>
            <SimpleData name="Situaci_1">Par?metro</SimpleData>
            <SimpleData name="Plantado">Si</SimpleData>
            <SimpleData name="Parcela_La">-55.95807531000</SimpleData>
            <SimpleData name="Parcela_Lo">-23.91446662000</SimpleData>
            <SimpleData name="Grupo_Impl">G2</SimpleData>
            <SimpleData name="Grupo_de_P">H-P9-XX-XX-XX</SimpleData>
            <SimpleData name="Jornales">0.00000000000</SimpleData>
            <SimpleData name="Monto">0.00000000000</SimpleData>
            <SimpleData name="ETAPA_FAO">Mantenimiento A?o 1.1</SimpleData>
            <SimpleData name="Estado_del">Activo</SimpleData>
            <SimpleData name="Adjudicado">SI</SimpleData>
            <SimpleData name="Empresa">Hyh Consultores SRL</SimpleData>
            <SimpleData name="Lote">H</SimpleData>
            <SimpleData name="Monitorear">Si</SimpleData>
            <SimpleData name="Fecha_de_M">-</SimpleData>
            <SimpleData name="F__de_pren">-</SimpleData>
            <SimpleData name="Estado_FAO">Monitorear</SimpleData>
            <SimpleData name="Etapa_de_i">Mantenimiento A?o 1.1</SimpleData>
            <SimpleData name="Fecha_visi">2026/08/12</SimpleData>
            <SimpleData name="Cumple_sup">Si</SimpleData>
            <SimpleData name="Estado_mon">-</SimpleData>
            <SimpleData name="Situaci_12">-</SimpleData>
            <SimpleData name="Observaci">-</SimpleData>
            <SimpleData name="Dias_trans">18.42559027780</SimpleData>
            <SimpleData name="Prioridad">ALTA</SimpleData>
            <SimpleData name="OBJECTID_1">82</SimpleData>
          </SchemaData>
        </ExtendedData>
        <Polygon>
          <outerBoundaryIs>
            <LinearRing>
              <coordinates>
                -55.9575599994031,-23.9140367001583,0
                -55.9579349990921,-23.9150428002987,0
                -55.958624999902,-23.9148399999104,0
                -55.9581686992487,-23.9138962999772,0
                -55.9575599994031,-23.9140367001583,0
              </coordinates>
            </LinearRing>
          </outerBoundaryIs>
        </Polygon>
      </Placemark>
      <Placemark id="Distrito_YPEJH__.50">
        <ExtendedData>
          <SchemaData schemaUrl="#Distrito_YPEJH__.schema">
            <SimpleData name="Cédula">4295047.00000000000</SimpleData>
            <SimpleData name="cedula">4295047</SimpleData>
            <SimpleData name="Nombres_y_">JUAN MONTANIA BENITEZ</SimpleData>
            <SimpleData name="Sexo">Hombre</SimpleData>
            <SimpleData name="Cambio_de_">NO</SimpleData>
            <SimpleData name="Titular_se">NO</SimpleData>
            <SimpleData name="Situación">NO</SimpleData>
            <SimpleData name="Comunidad">Ind?gena</SimpleData>
            <SimpleData name="Modelo_imp">Modelo 2</SimpleData>
            <SimpleData name="Departamen">CANINDEYU</SimpleData>
            <SimpleData name="Distrito">YPEJH?</SimpleData>
            <SimpleData name="Localidad">COM INDIG YVY PAVE CA?ADA</SimpleData>
            <SimpleData name="Teléfono">ND</SimpleData>
            <SimpleData name="Vivienda_L">-23.95984210000</SimpleData>
            <SimpleData name="Vivienda_1">-55.90589620000</SimpleData>
            <SimpleData name="Superficie">0.80000000000</SimpleData>
            <SimpleData name="Situaci_1">Par?metro</SimpleData>
            <SimpleData name="Plantado">Si</SimpleData>
            <SimpleData name="Parcela_La">-55.90581474000</SimpleData>
            <SimpleData name="Parcela_Lo">-23.95876500000</SimpleData>
            <SimpleData name="Grupo_Impl">G2</SimpleData>
            <SimpleData name="Grupo_de_P">H-P9-XX-XX-XX</SimpleData>
            <SimpleData name="Jornales">0.00000000000</SimpleData>
            <SimpleData name="Monto">0.00000000000</SimpleData>
            <SimpleData name="ETAPA_FAO">Mantenimiento A?o 1.1</SimpleData>
            <SimpleData name="Estado_del">Activo</SimpleData>
            <SimpleData name="Adjudicado">SI</SimpleData>
            <SimpleData name="Empresa">Hyh Consultores SRL</SimpleData>
            <SimpleData name="Lote">H</SimpleData>
            <SimpleData name="Monitorear">No</SimpleData>
            <SimpleData name="Fecha_de_M">-</SimpleData>
            <SimpleData name="F__de_pren">-</SimpleData>
            <SimpleData name="Estado_FAO">Monitorear</SimpleData>
            <SimpleData name="Etapa_de_i">Mantenimiento A?o 1.1</SimpleData>
            <SimpleData name="Fecha_visi">2026/08/13</SimpleData>
            <SimpleData name="Cumple_sup">Si</SimpleData>
            <SimpleData name="Estado_mon">-</SimpleData>
            <SimpleData name="Situaci_12">-</SimpleData>
            <SimpleData name="Observaci">-</SimpleData>
            <SimpleData name="Dias_trans">17.35356481480</SimpleData>
            <SimpleData name="Prioridad">ALTA</SimpleData>
            <SimpleData name="OBJECTID_1">83</SimpleData>
          </SchemaData>
        </ExtendedData>
        <MultiGeometry>
          <Polygon>
            <outerBoundaryIs>
              <LinearRing>
                <coordinates>
                  -55.9121616001873,-23.9616596002204,0
                  -55.9122765001978,-23.9616294002887,0
                  -55.9122503000518,-23.9613232002561,0
                  -55.9121861000775,-23.9610549998868,0
                  -55.9121893004406,-23.9609526995696,0
                  -55.9118709999932,-23.9609493995984,0
                  -55.9118115996508,-23.9610780998953,0
                  -55.9117400999695,-23.9615934002291,0
                  -55.9120526000754,-23.9616846001517,0
                  -55.9121616001873,-23.9616596002204,0
                </coordinates>
              </LinearRing>
            </outerBoundaryIs>
          </Polygon>
          <Polygon>
            <outerBoundaryIs>
              <LinearRing>
                <coordinates>
                  -55.9060198996372,-23.9592201997494,0
                  -55.9062603001811,-23.9591071999033,0
                  -55.9064098003845,-23.9590252996162,0
                  -55.9059219996072,-23.9584658995788,0
                  -55.9054599999721,-23.958296800256,0
                  -55.9052189002414,-23.9585424002677,0
                  -55.9054713996151,-23.958761399872,0
                  -55.9058386997736,-23.9591529000397,0
                  -55.9058613996222,-23.9592261000552,0
                  -55.9060198996372,-23.9592201997494,0
                </coordinates>
              </LinearRing>
            </outerBoundaryIs>
          </Polygon>
        </MultiGeometry>
      </Placemark>
      <Placemark id="Distrito_YPEJH__.51">
        <ExtendedData>
          <SchemaData schemaUrl="#Distrito_YPEJH__.schema">
            <SimpleData name="Cédula">4849558.00000000000</SimpleData>
            <SimpleData name="cedula">4849558</SimpleData>
            <SimpleData name="Nombres_y_">SAMUEL AG?ERO SALDIVAR</SimpleData>
            <SimpleData name="Sexo">Hombre</SimpleData>
            <SimpleData name="Cambio_de_">NO</SimpleData>
            <SimpleData name="Titular_se">NO</SimpleData>
            <SimpleData name="Situación">NO</SimpleData>
            <SimpleData name="Comunidad">Campesina</SimpleData>
            <SimpleData name="Modelo_imp">Modelo 5</SimpleData>
            <SimpleData name="Departamen">CANINDEYU</SimpleData>
            <SimpleData name="Distrito">YPEJH?</SimpleData>
            <SimpleData name="Localidad">ARA VERA</SimpleData>
            <SimpleData name="Teléfono">0985664519</SimpleData>
            <SimpleData name="Vivienda_L">-23.91125740000</SimpleData>
            <SimpleData name="Vivienda_1">-55.98134600000</SimpleData>
            <SimpleData name="Superficie">0.70000000000</SimpleData>
            <SimpleData name="Situaci_1">Par?metro</SimpleData>
            <SimpleData name="Plantado">Si</SimpleData>
            <SimpleData name="Parcela_La">-55.98171223000</SimpleData>
            <SimpleData name="Parcela_Lo">-23.91334909000</SimpleData>
            <SimpleData name="Grupo_Impl">G2</SimpleData>
            <SimpleData name="Grupo_de_P">H-P9-XX-XX-XX</SimpleData>
            <SimpleData name="Jornales">0.00000000000</SimpleData>
            <SimpleData name="Monto">0.00000000000</SimpleData>
            <SimpleData name="ETAPA_FAO">Mantenimiento A?o 1.1</SimpleData>
            <SimpleData name="Estado_del">Activo</SimpleData>
            <SimpleData name="Adjudicado">SI</SimpleData>
            <SimpleData name="Empresa">Hyh Consultores SRL</SimpleData>
            <SimpleData name="Lote">H</SimpleData>
            <SimpleData name="Monitorear">Si</SimpleData>
            <SimpleData name="Fecha_de_M">-</SimpleData>
            <SimpleData name="F__de_pren">-</SimpleData>
            <SimpleData name="Estado_FAO">Monitorear</SimpleData>
            <SimpleData name="Etapa_de_i">Mantenimiento A?o 1.1</SimpleData>
            <SimpleData name="Fecha_visi">2026/08/12</SimpleData>
            <SimpleData name="Cumple_sup">Si</SimpleData>
            <SimpleData name="Estado_mon">-</SimpleData>
            <SimpleData name="Situaci_12">-</SimpleData>
            <SimpleData name="Observaci">-</SimpleData>
            <SimpleData name="Dias_trans">18.43008101850</SimpleData>
            <SimpleData name="Prioridad">ALTA</SimpleData>
            <SimpleData name="OBJECTID_1">312</SimpleData>
          </SchemaData>
        </ExtendedData>
        <Polygon>
          <outerBoundaryIs>
            <LinearRing>
              <coordinates>
                -55.981226699766,-23.9123433001994,0
                -55.9818449998929,-23.914321700174,0
                -55.9822299998004,-23.9142517000591,0
                -55.9814416994951,-23.912196699663,0
                -55.981226699766,-23.9123433001994,0
              </coordinates>
            </LinearRing>
          </outerBoundaryIs>
        </Polygon>
      </Placemark>
    </Document>
  </Document>
</kml>
