<?xml version="1.0" encoding="UTF-8"?>
<kml xmlns="http://www.opengis.net/kml/2.2">
  <Document id="root_doc">
    <Schema id="Distrito_VILLA_YGATIM__.schema">
      <SimpleField name="CÈdula" type="double"/>
      <SimpleField name="cedula" type="string"/>
      <SimpleField name="Nombres_y_" type="string"/>
      <SimpleField name="Sexo" type="string"/>
      <SimpleField name="Cambio_de_" type="string"/>
      <SimpleField name="Titular_se" type="string"/>
      <SimpleField name="CÈdula_Ti" type="string"/>
      <SimpleField name="SituaciÛn" type="string"/>
      <SimpleField name="Comunidad" type="string"/>
      <SimpleField name="Modelo_sel" type="string"/>
      <SimpleField name="Modelo_imp" type="string"/>
      <SimpleField name="Departamen" type="string"/>
      <SimpleField name="Distrito" type="string"/>
      <SimpleField name="Localidad" type="string"/>
      <SimpleField name="TelÈfono" type="string"/>
      <SimpleField name="Vivienda_L" type="double"/>
      <SimpleField name="Vivienda_1" type="double"/>
      <SimpleField name="Superficie" type="double"/>
      <SimpleField name="Situaci_1" type="string"/>
      <SimpleField name="Plantado" type="string"/>
      <SimpleField name="Parcela_La" type="double"/>
      <SimpleField name="Parcela_Lo" type="double"/>
      <SimpleField name="Grupo_Impl" type="string"/>
      <SimpleField name="Grupo_de_P" type="string"/>
      <SimpleField name="Jornales" type="double"/>
      <SimpleField name="Monto" type="double"/>
      <SimpleField name="ETAPA_FAO" type="string"/>
      <SimpleField name="Estado_del" type="string"/>
      <SimpleField name="Adjudicado" type="string"/>
      <SimpleField name="Empresa" type="string"/>
      <SimpleField name="Lote" type="string"/>
      <SimpleField name="Monitorear" type="string"/>
      <SimpleField name="Fecha_de_M" type="string"/>
      <SimpleField name="F__de_pren" type="string"/>
      <SimpleField name="Estado_FAO" type="string"/>
      <SimpleField name="Etapa_de_i" type="string"/>
      <SimpleField name="Fecha_visi" type="string"/>
      <SimpleField name="Cumple_sup" type="string"/>
      <SimpleField name="Estado_mon" type="string"/>
      <SimpleField name="Situaci_12" type="string"/>
      <SimpleField name="Observaci" type="string"/>
      <SimpleField name="Dias_trans" type="double"/>
      <SimpleField name="Prioridad" type="string"/>
      <SimpleField name="OBJECTID_1" type="int"/>
    </Schema>
    <Document id="Distrito_VILLA_YGATIM__">
      <name>Distrito_VILLA YGATIM√ç</name>
      <Placemark id="Distrito_VILLA_YGATIM__.1">
        <ExtendedData>
          <SchemaData schemaUrl="#Distrito_VILLA_YGATIM__.schema">
            <SimpleData name="CÈdula">7727132.00000000000</SimpleData>
            <SimpleData name="cedula">7727132</SimpleData>
            <SimpleData name="Nombres_y_">GUZMAN ANTOLIANO TUKAMPURANGI</SimpleData>
            <SimpleData name="Sexo">Hombre</SimpleData>
            <SimpleData name="Cambio_de_">NO</SimpleData>
            <SimpleData name="Titular_se">NO</SimpleData>
            <SimpleData name="SituaciÛn">NO</SimpleData>
            <SimpleData name="Comunidad">Ind?gena</SimpleData>
            <SimpleData name="Modelo_imp">Modelo 4</SimpleData>
            <SimpleData name="Departamen">CANINDEYU</SimpleData>
            <SimpleData name="Distrito">VILLA YGATIM?</SimpleData>
            <SimpleData name="Localidad">COM INDIG CHUPA POU</SimpleData>
            <SimpleData name="TelÈfono">0986161004</SimpleData>
            <SimpleData name="Vivienda_L">-24.21291370000</SimpleData>
            <SimpleData name="Vivienda_1">-55.67022160000</SimpleData>
            <SimpleData name="Superficie">0.70000000000</SimpleData>
            <SimpleData name="Situaci_1">Pol?gono</SimpleData>
            <SimpleData name="Plantado">Si</SimpleData>
            <SimpleData name="Parcela_La">-55.70822628000</SimpleData>
            <SimpleData name="Parcela_Lo">-24.21986722000</SimpleData>
            <SimpleData name="Grupo_Impl">G2</SimpleData>
            <SimpleData name="Grupo_de_P">H-P2-P10P10-XX-XX</SimpleData>
            <SimpleData name="Jornales">4.00000000000</SimpleData>
            <SimpleData name="Monto">446008.00000000000</SimpleData>
            <SimpleData name="ETAPA_FAO">Mantenimiento A?o 1.2</SimpleData>
            <SimpleData name="Estado_del">Activo</SimpleData>
            <SimpleData name="Adjudicado">SI</SimpleData>
            <SimpleData name="Empresa">Hyh Consultores SRL</SimpleData>
            <SimpleData name="Lote">H</SimpleData>
            <SimpleData name="Monitorear">No</SimpleData>
            <SimpleData name="Fecha_de_M">-</SimpleData>
            <SimpleData name="F__de_pren">-</SimpleData>
            <SimpleData name="Estado_FAO">Monitorear</SimpleData>
            <SimpleData name="Etapa_de_i">Mantenimiento A?o 1.2</SimpleData>
            <SimpleData name="Fecha_visi">2026/07/08</SimpleData>
            <SimpleData name="Cumple_sup">Si</SimpleData>
            <SimpleData name="Estado_mon">-</SimpleData>
            <SimpleData name="Situaci_12">-</SimpleData>
            <SimpleData name="Observaci">-</SimpleData>
            <SimpleData name="Dias_trans">53.59356481480</SimpleData>
            <SimpleData name="Prioridad">ALTA</SimpleData>
            <SimpleData name="OBJECTID_1">50</SimpleData>
          </SchemaData>
        </ExtendedData>
        <Point>
          <coordinates>
            -55.7082262820007,-24.219867222158,0
          </coordinates>
        </Point>
      </Placemark>
      <Placemark id="Distrito_VILLA_YGATIM__.2">
        <ExtendedData>
          <SchemaData schemaUrl="#Distrito_VILLA_YGATIM__.schema">
            <SimpleData name="CÈdula">6349048.00000000000</SimpleData>
            <SimpleData name="cedula">6349048</SimpleData>
            <SimpleData name="Nombres_y_">ADAN MROMBEGI KMABUGI PIRAJUGI</SimpleData>
            <SimpleData name="Sexo">Hombre</SimpleData>
            <SimpleData name="Cambio_de_">NO</SimpleData>
            <SimpleData name="Titular_se">NO</SimpleData>
            <SimpleData name="SituaciÛn">NO</SimpleData>
            <SimpleData name="Comunidad">Ind?gena</SimpleData>
            <SimpleData name="Modelo_imp">Modelo 1</SimpleData>
            <SimpleData name="Departamen">CANINDEYU</SimpleData>
            <SimpleData name="Distrito">VILLA YGATIM?</SimpleData>
            <SimpleData name="Localidad">COM INDIG CHUPA POU</SimpleData>
            <SimpleData name="TelÈfono">0985555590</SimpleData>
            <SimpleData name="Vivienda_L">-24.20902630000</SimpleData>
            <SimpleData name="Vivienda_1">-55.67515710000</SimpleData>
            <SimpleData name="Superficie">0.80000000000</SimpleData>
            <SimpleData name="Situaci_1">Pol?gono</SimpleData>
            <SimpleData name="Plantado">Si</SimpleData>
            <SimpleData name="Parcela_La">-55.67566177000</SimpleData>
            <SimpleData name="Parcela_Lo">-24.20769945000</SimpleData>
            <SimpleData name="Grupo_Impl">G2</SimpleData>
            <SimpleData name="Grupo_de_P">H-P2-P10P10-XX-XX</SimpleData>
            <SimpleData name="Jornales">4.00000000000</SimpleData>
            <SimpleData name="Monto">446008.00000000000</SimpleData>
            <SimpleData name="ETAPA_FAO">Mantenimiento A?o 1.2</SimpleData>
            <SimpleData name="Estado_del">Activo</SimpleData>
            <SimpleData name="Adjudicado">SI</SimpleData>
            <SimpleData name="Empresa">Hyh Consultores SRL</SimpleData>
            <SimpleData name="Lote">H</SimpleData>
            <SimpleData name="Monitorear">No</SimpleData>
            <SimpleData name="Fecha_de_M">-</SimpleData>
            <SimpleData name="F__de_pren">-</SimpleData>
            <SimpleData name="Estado_FAO">Monitorear</SimpleData>
            <SimpleData name="Etapa_de_i">Mantenimiento A?o 1.2</SimpleData>
            <SimpleData name="Fecha_visi">2026/08/29</SimpleData>
            <SimpleData name="Cumple_sup">Si</SimpleData>
            <SimpleData name="Estado_mon">-</SimpleData>
            <SimpleData name="Situaci_12">-</SimpleData>
            <SimpleData name="Observaci">-</SimpleData>
            <SimpleData name="Dias_trans">1.27847222222</SimpleData>
            <SimpleData name="Prioridad">ALTA</SimpleData>
            <SimpleData name="OBJECTID_1">42</SimpleData>
          </SchemaData>
        </ExtendedData>
        <Point>
          <coordinates>
            -55.6756617699527,-24.207699446197,0
          </coordinates>
        </Point>
      </Placemark>
      <Placemark id="Distrito_VILLA_YGATIM__.3">
        <ExtendedData>
          <SchemaData schemaUrl="#Distrito_VILLA_YGATIM__.schema">
            <SimpleData name="CÈdula">5345295.00000000000</SimpleData>
            <SimpleData name="cedula">5345295</SimpleData>
            <SimpleData name="Nombres_y_">CLAUDIA CHAKYTANGI MBEJUAGI MBEPURANGI</SimpleData>
            <SimpleData name="Sexo">Mujer</SimpleData>
            <SimpleData name="Cambio_de_">NO</SimpleData>
            <SimpleData name="Titular_se">NO</SimpleData>
            <SimpleData name="SituaciÛn">NO</SimpleData>
            <SimpleData name="Comunidad">Ind?gena</SimpleData>
            <SimpleData name="Modelo_imp">Modelo 5</SimpleData>
            <SimpleData name="Departamen">CANINDEYU</SimpleData>
            <SimpleData name="Distrito">VILLA YGATIM?</SimpleData>
            <SimpleData name="Localidad">COM INDIG CHUPA POU</SimpleData>
            <SimpleData name="TelÈfono">0982820743</SimpleData>
            <SimpleData name="Vivienda_L">-24.20927690000</SimpleData>
            <SimpleData name="Vivienda_1">-55.68050480000</SimpleData>
            <SimpleData name="Superficie">0.70000000000</SimpleData>
            <SimpleData name="Situaci_1">Pol?gono</SimpleData>
            <SimpleData name="Plantado">Si</SimpleData>
            <SimpleData name="Parcela_La">-55.68089618000</SimpleData>
            <SimpleData name="Parcela_Lo">-24.21091632000</SimpleData>
            <SimpleData name="Grupo_Impl">G2</SimpleData>
            <SimpleData name="Grupo_de_P">H-P2-P10P10-XX-XX</SimpleData>
            <SimpleData name="Jornales">4.00000000000</SimpleData>
            <SimpleData name="Monto">446008.00000000000</SimpleData>
            <SimpleData name="ETAPA_FAO">Mantenimiento A?o 1.2</SimpleData>
            <SimpleData name="Estado_del">Activo</SimpleData>
            <SimpleData name="Adjudicado">SI</SimpleData>
            <SimpleData name="Empresa">Hyh Consultores SRL</SimpleData>
            <SimpleData name="Lote">H</SimpleData>
            <SimpleData name="Monitorear">No</SimpleData>
            <SimpleData name="Fecha_de_M">-</SimpleData>
            <SimpleData name="F__de_pren">-</SimpleData>
            <SimpleData name="Estado_FAO">Monitorear</SimpleData>
            <SimpleData name="Etapa_de_i">Mantenimiento A?o 1.2</SimpleData>
            <SimpleData name="Fecha_visi">2026/08/29</SimpleData>
            <SimpleData name="Cumple_sup">Si</SimpleData>
            <SimpleData name="Estado_mon">-</SimpleData>
            <SimpleData name="Situaci_12">-</SimpleData>
            <SimpleData name="Observaci">-</SimpleData>
            <SimpleData name="Dias_trans">1.34799768519</SimpleData>
            <SimpleData name="Prioridad">ALTA</SimpleData>
            <SimpleData name="OBJECTID_1">24</SimpleData>
          </SchemaData>
        </ExtendedData>
        <Point>
          <coordinates>
            -55.680896176938,-24.2109163181067,0
          </coordinates>
        </Point>
      </Placemark>
      <Placemark id="Distrito_VILLA_YGATIM__.4">
        <ExtendedData>
          <SchemaData schemaUrl="#Distrito_VILLA_YGATIM__.schema">
            <SimpleData name="CÈdula">4630091.00000000000</SimpleData>
            <SimpleData name="cedula">4630091</SimpleData>
            <SimpleData name="Nombres_y_">CRISTINA MBYVANGI MBEPIGI DE CHEVUGI</SimpleData>
            <SimpleData name="Sexo">Mujer</SimpleData>
            <SimpleData name="Cambio_de_">NO</SimpleData>
            <SimpleData name="Titular_se">NO</SimpleData>
            <SimpleData name="SituaciÛn">NO</SimpleData>
            <SimpleData name="Comunidad">Ind?gena</SimpleData>
            <SimpleData name="Modelo_imp">Modelo 4</SimpleData>
            <SimpleData name="Departamen">CANINDEYU</SimpleData>
            <SimpleData name="Distrito">VILLA YGATIM?</SimpleData>
            <SimpleData name="Localidad">COM INDIG CHUPA POU</SimpleData>
            <SimpleData name="TelÈfono">0982218161</SimpleData>
            <SimpleData name="Vivienda_L">-24.21154650000</SimpleData>
            <SimpleData name="Vivienda_1">-55.67216140000</SimpleData>
            <SimpleData name="Superficie">0.70000000000</SimpleData>
            <SimpleData name="Situaci_1">Pol?gono</SimpleData>
            <SimpleData name="Plantado">Si</SimpleData>
            <SimpleData name="Parcela_La">-55.71140176000</SimpleData>
            <SimpleData name="Parcela_Lo">-24.22111319000</SimpleData>
            <SimpleData name="Grupo_Impl">G2</SimpleData>
            <SimpleData name="Grupo_de_P">H-P1-P4P4-XX-XX</SimpleData>
            <SimpleData name="Jornales">4.00000000000</SimpleData>
            <SimpleData name="Monto">446008.00000000000</SimpleData>
            <SimpleData name="ETAPA_FAO">Mantenimiento A?o 1.2</SimpleData>
            <SimpleData name="Estado_del">Activo</SimpleData>
            <SimpleData name="Adjudicado">SI</SimpleData>
            <SimpleData name="Empresa">Hyh Consultores SRL</SimpleData>
            <SimpleData name="Lote">H</SimpleData>
            <SimpleData name="Monitorear">No</SimpleData>
            <SimpleData name="Fecha_de_M">-</SimpleData>
            <SimpleData name="F__de_pren">-</SimpleData>
            <SimpleData name="Estado_FAO">Monitorear</SimpleData>
            <SimpleData name="Etapa_de_i">Mantenimiento A?o 1.2</SimpleData>
            <SimpleData name="Fecha_visi">2026/08/19</SimpleData>
            <SimpleData name="Cumple_sup">Si</SimpleData>
            <SimpleData name="Estado_mon">-</SimpleData>
            <SimpleData name="Situaci_12">-</SimpleData>
            <SimpleData name="Observaci">-</SimpleData>
            <SimpleData name="Dias_trans">11.23843750000</SimpleData>
            <SimpleData name="Prioridad">ALTA</SimpleData>
            <SimpleData name="OBJECTID_1">31</SimpleData>
          </SchemaData>
        </ExtendedData>
        <Point>
          <coordinates>
            -55.7114017562132,-24.2211131891025,0
          </coordinates>
        </Point>
      </Placemark>
      <Placemark id="Distrito_VILLA_YGATIM__.5">
        <ExtendedData>
          <SchemaData schemaUrl="#Distrito_VILLA_YGATIM__.schema">
            <SimpleData name="CÈdula">6754578.00000000000</SimpleData>
            <SimpleData name="cedula">6754578</SimpleData>
            <SimpleData name="Nombres_y_">REINALDO MBEJUVAGI</SimpleData>
            <SimpleData name="Sexo">Hombre</SimpleData>
            <SimpleData name="Cambio_de_">NO</SimpleData>
            <SimpleData name="Titular_se">NO</SimpleData>
            <SimpleData name="SituaciÛn">NO</SimpleData>
            <SimpleData name="Comunidad">Ind?gena</SimpleData>
            <SimpleData name="Modelo_imp">Modelo 1</SimpleData>
            <SimpleData name="Departamen">CANINDEYU</SimpleData>
            <SimpleData name="Distrito">VILLA YGATIM?</SimpleData>
            <SimpleData name="Localidad">COM INDIG ARROYO BANDERA</SimpleData>
            <SimpleData name="TelÈfono">0985444262</SimpleData>
            <SimpleData name="Vivienda_L">-24.10279560000</SimpleData>
            <SimpleData name="Vivienda_1">-55.55029230000</SimpleData>
            <SimpleData name="Superficie">0.80000000000</SimpleData>
            <SimpleData name="Situaci_1">Pol?gono</SimpleData>
            <SimpleData name="Plantado">Si</SimpleData>
            <SimpleData name="Parcela_La">-55.54503132000</SimpleData>
            <SimpleData name="Parcela_Lo">-24.12010771000</SimpleData>
            <SimpleData name="Grupo_Impl">G2</SimpleData>
            <SimpleData name="Grupo_de_P">H-P2-P10P10-XX-XX</SimpleData>
            <SimpleData name="Jornales">4.00000000000</SimpleData>
            <SimpleData name="Monto">446008.00000000000</SimpleData>
            <SimpleData name="ETAPA_FAO">Mantenimiento A?o 1.2</SimpleData>
            <SimpleData name="Estado_del">Activo</SimpleData>
            <SimpleData name="Adjudicado">SI</SimpleData>
            <SimpleData name="Empresa">Hyh Consultores SRL</SimpleData>
            <SimpleData name="Lote">H</SimpleData>
            <SimpleData name="Monitorear">Si</SimpleData>
            <SimpleData name="Fecha_de_M">-</SimpleData>
            <SimpleData name="F__de_pren">-</SimpleData>
            <SimpleData name="Estado_FAO">Monitorear</SimpleData>
            <SimpleData name="Etapa_de_i">Mantenimiento A?o 1.2</SimpleData>
            <SimpleData name="Fecha_visi">2026/08/25</SimpleData>
            <SimpleData name="Cumple_sup">Si</SimpleData>
            <SimpleData name="Estado_mon">-</SimpleData>
            <SimpleData name="Situaci_12">-</SimpleData>
            <SimpleData name="Observaci">-</SimpleData>
            <SimpleData name="Dias_trans">5.52909722222</SimpleData>
            <SimpleData name="Prioridad">ALTA</SimpleData>
            <SimpleData name="OBJECTID_1">46</SimpleData>
          </SchemaData>
        </ExtendedData>
        <MultiGeometry>
          <Point>
            <coordinates>
              -55.5522878965148,-24.1033492896596,0
            </coordinates>
          </Point>
          <Point>
            <coordinates>
              -55.545031315593,-24.120107707587,0
            </coordinates>
          </Point>
        </MultiGeometry>
      </Placemark>
      <Placemark id="Distrito_VILLA_YGATIM__.6">
        <ExtendedData>
          <SchemaData schemaUrl="#Distrito_VILLA_YGATIM__.schema">
            <SimpleData name="CÈdula">2270351.00000000000</SimpleData>
            <SimpleData name="cedula">2270351</SimpleData>
            <SimpleData name="Nombres_y_">ESTEBAN RODRIGUEZ</SimpleData>
            <SimpleData name="Sexo">Hombre</SimpleData>
            <SimpleData name="Cambio_de_">NO</SimpleData>
            <SimpleData name="Titular_se">NO</SimpleData>
            <SimpleData name="SituaciÛn">NO</SimpleData>
            <SimpleData name="Comunidad">Ind?gena</SimpleData>
            <SimpleData name="Modelo_imp">Modelo 5</SimpleData>
            <SimpleData name="Departamen">CANINDEYU</SimpleData>
            <SimpleData name="Distrito">VILLA YGATIM?</SimpleData>
            <SimpleData name="Localidad">COM INDIG SAN ANTONIO</SimpleData>
            <SimpleData name="TelÈfono">0986560441</SimpleData>
            <SimpleData name="Vivienda_L">-24.06058010000</SimpleData>
            <SimpleData name="Vivienda_1">-55.74494340000</SimpleData>
            <SimpleData name="Superficie">0.70000000000</SimpleData>
            <SimpleData name="Situaci_1">Pol?gono</SimpleData>
            <SimpleData name="Plantado">Si</SimpleData>
            <SimpleData name="Parcela_La">-55.74418738000</SimpleData>
            <SimpleData name="Parcela_Lo">-24.06019979000</SimpleData>
            <SimpleData name="Grupo_Impl">G2</SimpleData>
            <SimpleData name="Grupo_de_P">H-P5-P11X-XX-XX</SimpleData>
            <SimpleData name="Jornales">0.00000000000</SimpleData>
            <SimpleData name="Monto">0.00000000000</SimpleData>
            <SimpleData name="ETAPA_FAO">Mantenimiento A?o 1.1</SimpleData>
            <SimpleData name="Estado_del">Activo</SimpleData>
            <SimpleData name="Adjudicado">SI</SimpleData>
            <SimpleData name="Empresa">Hyh Consultores SRL</SimpleData>
            <SimpleData name="Lote">H</SimpleData>
            <SimpleData name="Monitorear">No</SimpleData>
            <SimpleData name="Fecha_de_M">-</SimpleData>
            <SimpleData name="F__de_pren">-</SimpleData>
            <SimpleData name="Estado_FAO">Verificar posible desercion</SimpleData>
            <SimpleData name="Etapa_de_i">Mantenimiento A?o 1.1</SimpleData>
            <SimpleData name="Fecha_visi">2026/08/25</SimpleData>
            <SimpleData name="Cumple_sup">-</SimpleData>
            <SimpleData name="Estado_mon">-</SimpleData>
            <SimpleData name="Situaci_12">-</SimpleData>
            <SimpleData name="Observaci">Parcela abandonada</SimpleData>
            <SimpleData name="Dias_trans">5.61318252315</SimpleData>
            <SimpleData name="Prioridad">ALTA</SimpleData>
            <SimpleData name="OBJECTID_1">27</SimpleData>
          </SchemaData>
        </ExtendedData>
        <Point>
          <coordinates>
            -55.7441873789103,-24.0601997916086,0
          </coordinates>
        </Point>
      </Placemark>
      <Placemark id="Distrito_VILLA_YGATIM__.7">
        <ExtendedData>
          <SchemaData schemaUrl="#Distrito_VILLA_YGATIM__.schema">
            <SimpleData name="CÈdula">6084260.00000000000</SimpleData>
            <SimpleData name="cedula">6084260</SimpleData>
            <SimpleData name="Nombres_y_">ESMILDA ROJAS SANTOS</SimpleData>
            <SimpleData name="Sexo">Mujer</SimpleData>
            <SimpleData name="Cambio_de_">NO</SimpleData>
            <SimpleData name="Titular_se">NO</SimpleData>
            <SimpleData name="SituaciÛn">NO</SimpleData>
            <SimpleData name="Comunidad">Ind?gena</SimpleData>
            <SimpleData name="Modelo_imp">Modelo 4</SimpleData>
            <SimpleData name="Departamen">CANINDEYU</SimpleData>
            <SimpleData name="Distrito">VILLA YGATIM?</SimpleData>
            <SimpleData name="Localidad">COM INDIG CHUPA POU</SimpleData>
            <SimpleData name="TelÈfono">0986503749</SimpleData>
            <SimpleData name="Vivienda_L">-24.21446500000</SimpleData>
            <SimpleData name="Vivienda_1">-55.66726170000</SimpleData>
            <SimpleData name="Superficie">0.70000000000</SimpleData>
            <SimpleData name="Situaci_1">Pol?gono</SimpleData>
            <SimpleData name="Plantado">Si</SimpleData>
            <SimpleData name="Parcela_La">-55.70881518000</SimpleData>
            <SimpleData name="Parcela_Lo">-24.21847930000</SimpleData>
            <SimpleData name="Grupo_Impl">G2</SimpleData>
            <SimpleData name="Grupo_de_P">H-P2-P10P10-XX-XX</SimpleData>
            <SimpleData name="Jornales">4.00000000000</SimpleData>
            <SimpleData name="Monto">446008.00000000000</SimpleData>
            <SimpleData name="ETAPA_FAO">Mantenimiento A?o 1.2</SimpleData>
            <SimpleData name="Estado_del">Activo</SimpleData>
            <SimpleData name="Adjudicado">SI</SimpleData>
            <SimpleData name="Empresa">Hyh Consultores SRL</SimpleData>
            <SimpleData name="Lote">H</SimpleData>
            <SimpleData name="Monitorear">No</SimpleData>
            <SimpleData name="Fecha_de_M">-</SimpleData>
            <SimpleData name="F__de_pren">-</SimpleData>
            <SimpleData name="Estado_FAO">Monitorear</SimpleData>
            <SimpleData name="Etapa_de_i">Mantenimiento A?o 1.2</SimpleData>
            <SimpleData name="Fecha_visi">2026/07/08</SimpleData>
            <SimpleData name="Cumple_sup">Si</SimpleData>
            <SimpleData name="Estado_mon">-</SimpleData>
            <SimpleData name="Situaci_12">-</SimpleData>
            <SimpleData name="Observaci">-</SimpleData>
            <SimpleData name="Dias_trans">53.60074074070</SimpleData>
            <SimpleData name="Prioridad">ALTA</SimpleData>
            <SimpleData name="OBJECTID_1">38</SimpleData>
          </SchemaData>
        </ExtendedData>
        <Point>
          <coordinates>
            -55.7088151848305,-24.218479301503,0
          </coordinates>
        </Point>
      </Placemark>
      <Placemark id="Distrito_VILLA_YGATIM__.8">
        <ExtendedData>
          <SchemaData schemaUrl="#Distrito_VILLA_YGATIM__.schema">
            <SimpleData name="CÈdula">6349340.00000000000</SimpleData>
            <SimpleData name="cedula">6349340</SimpleData>
            <SimpleData name="Nombres_y_">LIZ MABEL CHEJUGI JAVAGI VYGYGI</SimpleData>
            <SimpleData name="Sexo">Mujer</SimpleData>
            <SimpleData name="Cambio_de_">NO</SimpleData>
            <SimpleData name="Titular_se">NO</SimpleData>
            <SimpleData name="SituaciÛn">NO</SimpleData>
            <SimpleData name="Comunidad">Ind?gena</SimpleData>
            <SimpleData name="Modelo_imp">Modelo 4</SimpleData>
            <SimpleData name="Departamen">CANINDEYU</SimpleData>
            <SimpleData name="Distrito">VILLA YGATIM?</SimpleData>
            <SimpleData name="Localidad">COM INDIG CHUPA POU</SimpleData>
            <SimpleData name="TelÈfono">1234567890</SimpleData>
            <SimpleData name="Vivienda_L">-24.21688670000</SimpleData>
            <SimpleData name="Vivienda_1">-55.66428000000</SimpleData>
            <SimpleData name="Superficie">0.70000000000</SimpleData>
            <SimpleData name="Situaci_1">Pol?gono</SimpleData>
            <SimpleData name="Plantado">Si</SimpleData>
            <SimpleData name="Parcela_La">-55.70654302000</SimpleData>
            <SimpleData name="Parcela_Lo">-24.21926775000</SimpleData>
            <SimpleData name="Grupo_Impl">G2</SimpleData>
            <SimpleData name="Grupo_de_P">H-P3-P10P10-XX-XX</SimpleData>
            <SimpleData name="Jornales">4.00000000000</SimpleData>
            <SimpleData name="Monto">446008.00000000000</SimpleData>
            <SimpleData name="ETAPA_FAO">Mantenimiento A?o 1.2</SimpleData>
            <SimpleData name="Estado_del">Activo</SimpleData>
            <SimpleData name="Adjudicado">Si</SimpleData>
            <SimpleData name="Empresa">Hyh Consultores SRL</SimpleData>
            <SimpleData name="Lote">H</SimpleData>
            <SimpleData name="Monitorear">No</SimpleData>
            <SimpleData name="Fecha_de_M">-</SimpleData>
            <SimpleData name="F__de_pren">-</SimpleData>
            <SimpleData name="Estado_FAO">Monitorear</SimpleData>
            <SimpleData name="Etapa_de_i">Mantenimiento A?o 1.2</SimpleData>
            <SimpleData name="Fecha_visi">2026/07/08</SimpleData>
            <SimpleData name="Cumple_sup">Si</SimpleData>
            <SimpleData name="Estado_mon">-</SimpleData>
            <SimpleData name="Situaci_12">-</SimpleData>
            <SimpleData name="Observaci">-</SimpleData>
            <SimpleData name="Dias_trans">53.59611111110</SimpleData>
            <SimpleData name="Prioridad">ALTA</SimpleData>
            <SimpleData name="OBJECTID_1">292</SimpleData>
          </SchemaData>
        </ExtendedData>
        <Point>
          <coordinates>
            -55.7065430211186,-24.219267750888,0
          </coordinates>
        </Point>
      </Placemark>
      <Placemark id="Distrito_VILLA_YGATIM__.9">
        <ExtendedData>
          <SchemaData schemaUrl="#Distrito_VILLA_YGATIM__.schema">
            <SimpleData name="CÈdula">6729013.00000000000</SimpleData>
            <SimpleData name="cedula">6729013</SimpleData>
            <SimpleData name="Nombres_y_">CARINA BENITEZ TAPARI</SimpleData>
            <SimpleData name="Sexo">Mujer</SimpleData>
            <SimpleData name="Cambio_de_">NO</SimpleData>
            <SimpleData name="Titular_se">NO</SimpleData>
            <SimpleData name="Comunidad">Ind?gena</SimpleData>
            <SimpleData name="Modelo_imp">Modelo 2</SimpleData>
            <SimpleData name="Departamen">CANINDEYU</SimpleData>
            <SimpleData name="Distrito">VILLA YGATIM?</SimpleData>
            <SimpleData name="Localidad">COM INDIG MBOI JAGUA - CENTRO</SimpleData>
            <SimpleData name="TelÈfono">973296432</SimpleData>
            <SimpleData name="Vivienda_L">-24.12055000000</SimpleData>
            <SimpleData name="Vivienda_1">-55.58074330000</SimpleData>
            <SimpleData name="Superficie">0.80000000000</SimpleData>
            <SimpleData name="Situaci_1">Parametro</SimpleData>
            <SimpleData name="Plantado">Si</SimpleData>
            <SimpleData name="Parcela_La">-55.58005080000</SimpleData>
            <SimpleData name="Parcela_Lo">-24.11959631000</SimpleData>
            <SimpleData name="Grupo_Impl">G2</SimpleData>
            <SimpleData name="Grupo_de_P">H-P14-XX-XX-XX</SimpleData>
            <SimpleData name="Jornales">0.00000000000</SimpleData>
            <SimpleData name="Monto">0.00000000000</SimpleData>
            <SimpleData name="ETAPA_FAO">Mantenimiento A?o 1.1</SimpleData>
            <SimpleData name="Estado_del">Activo</SimpleData>
            <SimpleData name="Adjudicado">Si</SimpleData>
            <SimpleData name="Empresa">Hyh Consultores SRL</SimpleData>
            <SimpleData name="Lote">H</SimpleData>
            <SimpleData name="Monitorear">Si</SimpleData>
            <SimpleData name="Fecha_de_M">-</SimpleData>
            <SimpleData name="F__de_pren">-</SimpleData>
            <SimpleData name="Estado_FAO">Monitorear</SimpleData>
            <SimpleData name="Etapa_de_i">Mantenimiento A?o 1.1</SimpleData>
            <SimpleData name="Fecha_visi">2026/08/27</SimpleData>
            <SimpleData name="Cumple_sup">Si</SimpleData>
            <SimpleData name="Estado_mon">-</SimpleData>
            <SimpleData name="Situaci_12">-</SimpleData>
            <SimpleData name="Observaci">-</SimpleData>
            <SimpleData name="Dias_trans">3.50584490741</SimpleData>
            <SimpleData name="Prioridad">ALTA</SimpleData>
            <SimpleData name="OBJECTID_1">319</SimpleData>
          </SchemaData>
        </ExtendedData>
        <Point>
          <coordinates>
            -55.5800508029377,-24.1195963124669,0
          </coordinates>
        </Point>
      </Placemark>
      <Placemark id="Distrito_VILLA_YGATIM__.10">
        <ExtendedData>
          <SchemaData schemaUrl="#Distrito_VILLA_YGATIM__.schema">
            <SimpleData name="CÈdula">7295040.00000000000</SimpleData>
            <SimpleData name="cedula">7295040</SimpleData>
            <SimpleData name="Nombres_y_">SUNI AVALOS MARTINEZ</SimpleData>
            <SimpleData name="Sexo">Mujer</SimpleData>
            <SimpleData name="Cambio_de_">NO</SimpleData>
            <SimpleData name="Titular_se">NO</SimpleData>
            <SimpleData name="SituaciÛn">NO</SimpleData>
            <SimpleData name="Comunidad">Ind?gena</SimpleData>
            <SimpleData name="Modelo_imp">Modelo 1</SimpleData>
            <SimpleData name="Departamen">CANINDEYU</SimpleData>
            <SimpleData name="Distrito">VILLA YGATIM?</SimpleData>
            <SimpleData name="Localidad">COM INDIG SAN ANTONIO</SimpleData>
            <SimpleData name="TelÈfono">0986396487</SimpleData>
            <SimpleData name="Vivienda_L">-24.06528580000</SimpleData>
            <SimpleData name="Vivienda_1">-55.74005530000</SimpleData>
            <SimpleData name="Superficie">0.80000000000</SimpleData>
            <SimpleData name="Situaci_1">Par?metro</SimpleData>
            <SimpleData name="Plantado">Si</SimpleData>
            <SimpleData name="Parcela_La">-55.73841475000</SimpleData>
            <SimpleData name="Parcela_Lo">-24.06332300000</SimpleData>
            <SimpleData name="Grupo_Impl">G2</SimpleData>
            <SimpleData name="Grupo_de_P">H-P14-XX-XX-XX</SimpleData>
            <SimpleData name="Jornales">0.00000000000</SimpleData>
            <SimpleData name="Monto">0.00000000000</SimpleData>
            <SimpleData name="ETAPA_FAO">Mantenimiento A?o 1.1</SimpleData>
            <SimpleData name="Estado_del">Activo</SimpleData>
            <SimpleData name="Adjudicado">SI</SimpleData>
            <SimpleData name="Empresa">Hyh Consultores SRL</SimpleData>
            <SimpleData name="Lote">H</SimpleData>
            <SimpleData name="Monitorear">No</SimpleData>
            <SimpleData name="Fecha_de_M">-</SimpleData>
            <SimpleData name="F__de_pren">-</SimpleData>
            <SimpleData name="Estado_FAO">Verificar posible desercion</SimpleData>
            <SimpleData name="Etapa_de_i">Mantenimiento A?o 1.1</SimpleData>
            <SimpleData name="Fecha_visi">2026/08/26</SimpleData>
            <SimpleData name="Cumple_sup">-</SimpleData>
            <SimpleData name="Estado_mon">-</SimpleData>
            <SimpleData name="Situaci_12">-</SimpleData>
            <SimpleData name="Observaci">No hay inter?s</SimpleData>
            <SimpleData name="Dias_trans">4.60764108796</SimpleData>
            <SimpleData name="Prioridad">ALTA</SimpleData>
            <SimpleData name="OBJECTID_1">91</SimpleData>
          </SchemaData>
        </ExtendedData>
        <Point>
          <coordinates>
            -55.738414754223,-24.0633229967384,0
          </coordinates>
        </Point>
      </Placemark>
      <Placemark id="Distrito_VILLA_YGATIM__.11">
        <ExtendedData>
          <SchemaData schemaUrl="#Distrito_VILLA_YGATIM__.schema">
            <SimpleData name="CÈdula">4739950.00000000000</SimpleData>
            <SimpleData name="cedula">4739950</SimpleData>
            <SimpleData name="Nombres_y_">EDUARDO ERSON MBEMBOGI</SimpleData>
            <SimpleData name="Sexo">Hombre</SimpleData>
            <SimpleData name="Cambio_de_">NO</SimpleData>
            <SimpleData name="Titular_se">NO</SimpleData>
            <SimpleData name="SituaciÛn">NO</SimpleData>
            <SimpleData name="Comunidad">Ind?gena</SimpleData>
            <SimpleData name="Modelo_imp">Modelo 1</SimpleData>
            <SimpleData name="Departamen">CANINDEYU</SimpleData>
            <SimpleData name="Distrito">VILLA YGATIM?</SimpleData>
            <SimpleData name="Localidad">COM INDIG CHUPA POU</SimpleData>
            <SimpleData name="TelÈfono">No tiene</SimpleData>
            <SimpleData name="Vivienda_L">-24.20882510000</SimpleData>
            <SimpleData name="Vivienda_1">-55.67548850000</SimpleData>
            <SimpleData name="Superficie">0.80000000000</SimpleData>
            <SimpleData name="Situaci_1">Pol?gono</SimpleData>
            <SimpleData name="Plantado">Si</SimpleData>
            <SimpleData name="Parcela_La">-55.66350051000</SimpleData>
            <SimpleData name="Parcela_Lo">-24.21883840000</SimpleData>
            <SimpleData name="Grupo_Impl">G2</SimpleData>
            <SimpleData name="Grupo_de_P">H-P2-P10P10-XX-XX</SimpleData>
            <SimpleData name="Jornales">4.00000000000</SimpleData>
            <SimpleData name="Monto">446008.00000000000</SimpleData>
            <SimpleData name="ETAPA_FAO">Mantenimiento A?o 1.2</SimpleData>
            <SimpleData name="Estado_del">Activo</SimpleData>
            <SimpleData name="Adjudicado">SI</SimpleData>
            <SimpleData name="Empresa">Hyh Consultores SRL</SimpleData>
            <SimpleData name="Lote">H</SimpleData>
            <SimpleData name="Monitorear">No</SimpleData>
            <SimpleData name="Fecha_de_M">30/6/2026</SimpleData>
            <SimpleData name="F__de_pren">80</SimpleData>
            <SimpleData name="Estado_FAO">Monitorear- Reposicion</SimpleData>
            <SimpleData name="Etapa_de_i">Mantenimiento A?o 1.2</SimpleData>
            <SimpleData name="Fecha_visi">2026/08/26</SimpleData>
            <SimpleData name="Estado_mon">?????? NO CUMPLE ??????</SimpleData>
            <SimpleData name="Situaci_12">Al momento del monitoreo de mantenimiento y asistencia t?cnica se observa que la parcela no cumple con las especificaciones t?cnicas establecidas. Se observa faltantes de especies forestales nativas y de r?pido crecimiento por lo que se sugiere reposi</SimpleData>
            <SimpleData name="Dias_trans">4.31916553240</SimpleData>
            <SimpleData name="Prioridad">ALTA</SimpleData>
            <SimpleData name="OBJECTID_1">351</SimpleData>
          </SchemaData>
        </ExtendedData>
        <Point>
          <coordinates>
            -55.6635005095044,-24.2188384013021,0
          </coordinates>
        </Point>
      </Placemark>
      <Placemark id="Distrito_VILLA_YGATIM__.12">
        <ExtendedData>
          <SchemaData schemaUrl="#Distrito_VILLA_YGATIM__.schema">
            <SimpleData name="CÈdula">7883098.00000000000</SimpleData>
            <SimpleData name="cedula">7883098</SimpleData>
            <SimpleData name="Nombres_y_">FIDELINA BAREIRO PEREIRA</SimpleData>
            <SimpleData name="Sexo">Mujer</SimpleData>
            <SimpleData name="Cambio_de_">NO</SimpleData>
            <SimpleData name="Titular_se">NO</SimpleData>
            <SimpleData name="SituaciÛn">NO</SimpleData>
            <SimpleData name="Comunidad">Campesina</SimpleData>
            <SimpleData name="Modelo_imp">Modelo 5</SimpleData>
            <SimpleData name="Departamen">CANINDEYU</SimpleData>
            <SimpleData name="Distrito">VILLA YGATIM?</SimpleData>
            <SimpleData name="Localidad">11 DE SETIEMBRE</SimpleData>
            <SimpleData name="TelÈfono">ND</SimpleData>
            <SimpleData name="Vivienda_L">-24.01673790000</SimpleData>
            <SimpleData name="Vivienda_1">-55.55905710000</SimpleData>
            <SimpleData name="Superficie">0.00000000000</SimpleData>
            <SimpleData name="Situaci_1">Pol?gono</SimpleData>
            <SimpleData name="Plantado">Si</SimpleData>
            <SimpleData name="Parcela_La">-55.56687694000</SimpleData>
            <SimpleData name="Parcela_Lo">-24.01704748000</SimpleData>
            <SimpleData name="Grupo_Impl">G2</SimpleData>
            <SimpleData name="Grupo_de_P">H-P1-XX-XX-XX</SimpleData>
            <SimpleData name="Jornales">0.00000000000</SimpleData>
            <SimpleData name="Monto">0.00000000000</SimpleData>
            <SimpleData name="ETAPA_FAO">Mantenimiento A?o 1.1</SimpleData>
            <SimpleData name="Estado_del">Activo</SimpleData>
            <SimpleData name="Adjudicado">SI</SimpleData>
            <SimpleData name="Empresa">Hyh Consultores SRL</SimpleData>
            <SimpleData name="Lote">H</SimpleData>
            <SimpleData name="Monitorear">No</SimpleData>
            <SimpleData name="Fecha_de_M">-</SimpleData>
            <SimpleData name="F__de_pren">-</SimpleData>
            <SimpleData name="Estado_FAO">Monitorear</SimpleData>
            <SimpleData name="Etapa_de_i">Mantenimiento A?o 1.1</SimpleData>
            <SimpleData name="Fecha_visi">2026/08/27</SimpleData>
            <SimpleData name="Cumple_sup">Si</SimpleData>
            <SimpleData name="Estado_mon">-</SimpleData>
            <SimpleData name="Situaci_12">-</SimpleData>
            <SimpleData name="Observaci">-</SimpleData>
            <SimpleData name="Dias_trans">3.28343750000</SimpleData>
            <SimpleData name="Prioridad">ALTA</SimpleData>
            <SimpleData name="OBJECTID_1">23</SimpleData>
          </SchemaData>
        </ExtendedData>
        <Point>
          <coordinates>
            -55.5668769382937,-24.0170474825455,0
          </coordinates>
        </Point>
      </Placemark>
      <Placemark id="Distrito_VILLA_YGATIM__.13">
        <ExtendedData>
          <SchemaData schemaUrl="#Distrito_VILLA_YGATIM__.schema">
            <SimpleData name="CÈdula">5752666.00000000000</SimpleData>
            <SimpleData name="cedula">5752666</SimpleData>
            <SimpleData name="Nombres_y_">JOANA MBECHAKRAMAGI PIKYGI MBYVANGI</SimpleData>
            <SimpleData name="Sexo">Mujer</SimpleData>
            <SimpleData name="Cambio_de_">NO</SimpleData>
            <SimpleData name="Titular_se">NO</SimpleData>
            <SimpleData name="SituaciÛn">NO</SimpleData>
            <SimpleData name="Comunidad">Ind?gena</SimpleData>
            <SimpleData name="Modelo_imp">Modelo 4</SimpleData>
            <SimpleData name="Departamen">CANINDEYU</SimpleData>
            <SimpleData name="Distrito">VILLA YGATIM?</SimpleData>
            <SimpleData name="Localidad">COM INDIG CHUPA POU</SimpleData>
            <SimpleData name="TelÈfono">981310499</SimpleData>
            <SimpleData name="Vivienda_L">-24.20891330000</SimpleData>
            <SimpleData name="Vivienda_1">-55.67929170000</SimpleData>
            <SimpleData name="Superficie">0.70000000000</SimpleData>
            <SimpleData name="Situaci_1">Pol?gono</SimpleData>
            <SimpleData name="Plantado">Si</SimpleData>
            <SimpleData name="Parcela_La">-55.70680670000</SimpleData>
            <SimpleData name="Parcela_Lo">-24.22299021000</SimpleData>
            <SimpleData name="Grupo_Impl">G2</SimpleData>
            <SimpleData name="Grupo_de_P">H-P3-P10P10-XX-XX</SimpleData>
            <SimpleData name="Jornales">4.00000000000</SimpleData>
            <SimpleData name="Monto">446008.00000000000</SimpleData>
            <SimpleData name="ETAPA_FAO">Mantenimiento A?o 1.2</SimpleData>
            <SimpleData name="Estado_del">Activo</SimpleData>
            <SimpleData name="Adjudicado">Si</SimpleData>
            <SimpleData name="Empresa">Hyh Consultores SRL</SimpleData>
            <SimpleData name="Lote">H</SimpleData>
            <SimpleData name="Monitorear">No</SimpleData>
            <SimpleData name="Fecha_de_M">-</SimpleData>
            <SimpleData name="F__de_pren">-</SimpleData>
            <SimpleData name="Estado_FAO">Monitorear</SimpleData>
            <SimpleData name="Etapa_de_i">Mantenimiento A?o 1.2</SimpleData>
            <SimpleData name="Fecha_visi">2026/08/20</SimpleData>
            <SimpleData name="Cumple_sup">Si</SimpleData>
            <SimpleData name="Estado_mon">-</SimpleData>
            <SimpleData name="Situaci_12">-</SimpleData>
            <SimpleData name="Observaci">-</SimpleData>
            <SimpleData name="Dias_trans">10.19871527780</SimpleData>
            <SimpleData name="Prioridad">ALTA</SimpleData>
            <SimpleData name="OBJECTID_1">291</SimpleData>
          </SchemaData>
        </ExtendedData>
        <Point>
          <coordinates>
            -55.7068066988786,-24.2229902119093,0
          </coordinates>
        </Point>
      </Placemark>
      <Placemark id="Distrito_VILLA_YGATIM__.14">
        <ExtendedData>
          <SchemaData schemaUrl="#Distrito_VILLA_YGATIM__.schema">
            <SimpleData name="CÈdula">6349313.00000000000</SimpleData>
            <SimpleData name="cedula">6349313</SimpleData>
            <SimpleData name="Nombres_y_">DAMARI CHENGYPURANGI</SimpleData>
            <SimpleData name="Sexo">Mujer</SimpleData>
            <SimpleData name="Cambio_de_">NO</SimpleData>
            <SimpleData name="Titular_se">NO</SimpleData>
            <SimpleData name="SituaciÛn">NO</SimpleData>
            <SimpleData name="Comunidad">Ind?gena</SimpleData>
            <SimpleData name="Modelo_imp">Modelo 4</SimpleData>
            <SimpleData name="Departamen">CANINDEYU</SimpleData>
            <SimpleData name="Distrito">VILLA YGATIM?</SimpleData>
            <SimpleData name="Localidad">COM INDIG CHUPA POU</SimpleData>
            <SimpleData name="TelÈfono">No tiene</SimpleData>
            <SimpleData name="Vivienda_L">-24.21140330000</SimpleData>
            <SimpleData name="Vivienda_1">-55.67234000000</SimpleData>
            <SimpleData name="Superficie">0.70000000000</SimpleData>
            <SimpleData name="Situaci_1">Pol?gono</SimpleData>
            <SimpleData name="Plantado">Si</SimpleData>
            <SimpleData name="Parcela_La">-55.70758038000</SimpleData>
            <SimpleData name="Parcela_Lo">-24.22192810000</SimpleData>
            <SimpleData name="Grupo_Impl">G2</SimpleData>
            <SimpleData name="Grupo_de_P">H-P2-P10P10-XX-XX</SimpleData>
            <SimpleData name="Jornales">4.00000000000</SimpleData>
            <SimpleData name="Monto">446008.00000000000</SimpleData>
            <SimpleData name="ETAPA_FAO">Mantenimiento A?o 1.2</SimpleData>
            <SimpleData name="Estado_del">Activo</SimpleData>
            <SimpleData name="Adjudicado">SI</SimpleData>
            <SimpleData name="Empresa">Hyh Consultores SRL</SimpleData>
            <SimpleData name="Lote">H</SimpleData>
            <SimpleData name="Monitorear">No</SimpleData>
            <SimpleData name="Fecha_de_M">-</SimpleData>
            <SimpleData name="F__de_pren">-</SimpleData>
            <SimpleData name="Estado_FAO">Monitorear</SimpleData>
            <SimpleData name="Etapa_de_i">Mantenimiento A?o 1.2</SimpleData>
            <SimpleData name="Fecha_visi">2026/08/21</SimpleData>
            <SimpleData name="Cumple_sup">Si</SimpleData>
            <SimpleData name="Estado_mon">-</SimpleData>
            <SimpleData name="Situaci_12">-</SimpleData>
            <SimpleData name="Observaci">-</SimpleData>
            <SimpleData name="Dias_trans">9.23717592593</SimpleData>
            <SimpleData name="Prioridad">ALTA</SimpleData>
            <SimpleData name="OBJECTID_1">36</SimpleData>
          </SchemaData>
        </ExtendedData>
        <Point>
          <coordinates>
            -55.7075803753712,-24.2219280996374,0
          </coordinates>
        </Point>
      </Placemark>
      <Placemark id="Distrito_VILLA_YGATIM__.15">
        <ExtendedData>
          <SchemaData schemaUrl="#Distrito_VILLA_YGATIM__.schema">
            <SimpleData name="CÈdula">5170881.00000000000</SimpleData>
            <SimpleData name="cedula">5170881</SimpleData>
            <SimpleData name="Nombres_y_">VENICIA KUAREMINIGI CHACHUGI TORANGI</SimpleData>
            <SimpleData name="Sexo">Mujer</SimpleData>
            <SimpleData name="Cambio_de_">NO</SimpleData>
            <SimpleData name="Titular_se">NO</SimpleData>
            <SimpleData name="SituaciÛn">NO</SimpleData>
            <SimpleData name="Comunidad">Ind?gena</SimpleData>
            <SimpleData name="Modelo_imp">Modelo 4</SimpleData>
            <SimpleData name="Departamen">CANINDEYU</SimpleData>
            <SimpleData name="Distrito">VILLA YGATIM?</SimpleData>
            <SimpleData name="Localidad">COM INDIG CHUPA POU</SimpleData>
            <SimpleData name="TelÈfono">985901733</SimpleData>
            <SimpleData name="Vivienda_L">-24.20831500000</SimpleData>
            <SimpleData name="Vivienda_1">-55.67714670000</SimpleData>
            <SimpleData name="Superficie">0.70000000000</SimpleData>
            <SimpleData name="Situaci_1">Pol?gono</SimpleData>
            <SimpleData name="Plantado">Si</SimpleData>
            <SimpleData name="Parcela_La">-55.70674613000</SimpleData>
            <SimpleData name="Parcela_Lo">-24.22199801000</SimpleData>
            <SimpleData name="Grupo_Impl">G2</SimpleData>
            <SimpleData name="Grupo_de_P">H-P3-P10P10-XX-XX</SimpleData>
            <SimpleData name="Jornales">4.00000000000</SimpleData>
            <SimpleData name="Monto">446008.00000000000</SimpleData>
            <SimpleData name="ETAPA_FAO">Mantenimiento A?o 1.2</SimpleData>
            <SimpleData name="Estado_del">Activo</SimpleData>
            <SimpleData name="Adjudicado">Si</SimpleData>
            <SimpleData name="Empresa">Hyh Consultores SRL</SimpleData>
            <SimpleData name="Lote">H</SimpleData>
            <SimpleData name="Monitorear">No</SimpleData>
            <SimpleData name="Fecha_de_M">-</SimpleData>
            <SimpleData name="F__de_pren">-</SimpleData>
            <SimpleData name="Estado_FAO">Monitorear</SimpleData>
            <SimpleData name="Etapa_de_i">Mantenimiento A?o 1.2</SimpleData>
            <SimpleData name="Fecha_visi">2026/08/21</SimpleData>
            <SimpleData name="Cumple_sup">Si</SimpleData>
            <SimpleData name="Estado_mon">-</SimpleData>
            <SimpleData name="Situaci_12">-</SimpleData>
            <SimpleData name="Observaci">-</SimpleData>
            <SimpleData name="Dias_trans">9.23738425926</SimpleData>
            <SimpleData name="Prioridad">ALTA</SimpleData>
            <SimpleData name="OBJECTID_1">290</SimpleData>
          </SchemaData>
        </ExtendedData>
        <Point>
          <coordinates>
            -55.7067461335712,-24.2219980111509,0
          </coordinates>
        </Point>
      </Placemark>
      <Placemark id="Distrito_VILLA_YGATIM__.16">
        <ExtendedData>
          <SchemaData schemaUrl="#Distrito_VILLA_YGATIM__.schema">
            <SimpleData name="CÈdula">6349352.00000000000</SimpleData>
            <SimpleData name="cedula">6349352</SimpleData>
            <SimpleData name="Nombres_y_">ANDREA MBECHEPEGI PAYVAGI DE DUARTE</SimpleData>
            <SimpleData name="Sexo">Mujer</SimpleData>
            <SimpleData name="Cambio_de_">NO</SimpleData>
            <SimpleData name="Titular_se">NO</SimpleData>
            <SimpleData name="SituaciÛn">NO</SimpleData>
            <SimpleData name="Comunidad">Ind?gena</SimpleData>
            <SimpleData name="Modelo_imp">Modelo 4</SimpleData>
            <SimpleData name="Departamen">CANINDEYU</SimpleData>
            <SimpleData name="Distrito">VILLA YGATIM?</SimpleData>
            <SimpleData name="Localidad">COM INDIG CHUPA POU</SimpleData>
            <SimpleData name="TelÈfono">No tiene</SimpleData>
            <SimpleData name="Vivienda_L">-24.21154950000</SimpleData>
            <SimpleData name="Vivienda_1">-55.67158080000</SimpleData>
            <SimpleData name="Superficie">0.70000000000</SimpleData>
            <SimpleData name="Situaci_1">Pol?gono</SimpleData>
            <SimpleData name="Plantado">Si</SimpleData>
            <SimpleData name="Parcela_La">-55.70906456000</SimpleData>
            <SimpleData name="Parcela_Lo">-24.22396486000</SimpleData>
            <SimpleData name="Grupo_Impl">G2</SimpleData>
            <SimpleData name="Grupo_de_P">H-P2-P10P10-XX-XX</SimpleData>
            <SimpleData name="Jornales">4.00000000000</SimpleData>
            <SimpleData name="Monto">446008.00000000000</SimpleData>
            <SimpleData name="ETAPA_FAO">Mantenimiento A?o 1.2</SimpleData>
            <SimpleData name="Estado_del">Activo</SimpleData>
            <SimpleData name="Adjudicado">SI</SimpleData>
            <SimpleData name="Empresa">Hyh Consultores SRL</SimpleData>
            <SimpleData name="Lote">H</SimpleData>
            <SimpleData name="Monitorear">No</SimpleData>
            <SimpleData name="Fecha_de_M">-</SimpleData>
            <SimpleData name="F__de_pren">-</SimpleData>
            <SimpleData name="Estado_FAO">Monitorear</SimpleData>
            <SimpleData name="Etapa_de_i">Mantenimiento A?o 1.2</SimpleData>
            <SimpleData name="Fecha_visi">2026/08/20</SimpleData>
            <SimpleData name="Cumple_sup">Si</SimpleData>
            <SimpleData name="Estado_mon">-</SimpleData>
            <SimpleData name="Situaci_12">-</SimpleData>
            <SimpleData name="Observaci">-</SimpleData>
            <SimpleData name="Dias_trans">10.19887731480</SimpleData>
            <SimpleData name="Prioridad">ALTA</SimpleData>
            <SimpleData name="OBJECTID_1">32</SimpleData>
          </SchemaData>
        </ExtendedData>
        <Point>
          <coordinates>
            -55.709064560583,-24.2239648556618,0
          </coordinates>
        </Point>
      </Placemark>
      <Placemark id="Distrito_VILLA_YGATIM__.17">
        <ExtendedData>
          <SchemaData schemaUrl="#Distrito_VILLA_YGATIM__.schema">
            <SimpleData name="CÈdula">5797984.00000000000</SimpleData>
            <SimpleData name="cedula">5797984</SimpleData>
            <SimpleData name="Nombres_y_">MAGDALENA VERA PEREIRA</SimpleData>
            <SimpleData name="Sexo">Mujer</SimpleData>
            <SimpleData name="Cambio_de_">NO</SimpleData>
            <SimpleData name="Titular_se">NO</SimpleData>
            <SimpleData name="SituaciÛn">NO</SimpleData>
            <SimpleData name="Comunidad">Ind?gena</SimpleData>
            <SimpleData name="Modelo_imp">Modelo 2</SimpleData>
            <SimpleData name="Departamen">CANINDEYU</SimpleData>
            <SimpleData name="Distrito">VILLA YGATIM?</SimpleData>
            <SimpleData name="Localidad">COM INDIG TEKOHA KA AGUY PORA POTY</SimpleData>
            <SimpleData name="TelÈfono">0986940715</SimpleData>
            <SimpleData name="Vivienda_L">-24.23038830000</SimpleData>
            <SimpleData name="Vivienda_1">-55.63568060000</SimpleData>
            <SimpleData name="Superficie">0.80000000000</SimpleData>
            <SimpleData name="Situaci_1">Pol?gono</SimpleData>
            <SimpleData name="Plantado">Si</SimpleData>
            <SimpleData name="Parcela_La">-55.63235894000</SimpleData>
            <SimpleData name="Parcela_Lo">-24.23598390000</SimpleData>
            <SimpleData name="Grupo_Impl">G2</SimpleData>
            <SimpleData name="Grupo_de_P">H-P3-XX-XX-XX</SimpleData>
            <SimpleData name="Jornales">0.00000000000</SimpleData>
            <SimpleData name="Monto">0.00000000000</SimpleData>
            <SimpleData name="ETAPA_FAO">Mantenimiento A?o 1.1</SimpleData>
            <SimpleData name="Estado_del">Activo</SimpleData>
            <SimpleData name="Adjudicado">SI</SimpleData>
            <SimpleData name="Empresa">Hyh Consultores SRL</SimpleData>
            <SimpleData name="Lote">H</SimpleData>
            <SimpleData name="Monitorear">No</SimpleData>
            <SimpleData name="Fecha_de_M">-</SimpleData>
            <SimpleData name="F__de_pren">-</SimpleData>
            <SimpleData name="Estado_FAO">Verificar posible desercion</SimpleData>
            <SimpleData name="Etapa_de_i">Mantenimiento A?o 1.1</SimpleData>
            <SimpleData name="Fecha_visi">2026/06/03</SimpleData>
            <SimpleData name="Cumple_sup">-</SimpleData>
            <SimpleData name="Estado_mon">-</SimpleData>
            <SimpleData name="Situaci_12">-</SimpleData>
            <SimpleData name="Observaci">En alquiler</SimpleData>
            <SimpleData name="Dias_trans">88.35517163190</SimpleData>
            <SimpleData name="Prioridad">ALTA</SimpleData>
            <SimpleData name="OBJECTID_1">45</SimpleData>
          </SchemaData>
        </ExtendedData>
        <Point>
          <coordinates>
            -55.6323589397717,-24.2359839049232,0
          </coordinates>
        </Point>
      </Placemark>
      <Placemark id="Distrito_VILLA_YGATIM__.18">
        <ExtendedData>
          <SchemaData schemaUrl="#Distrito_VILLA_YGATIM__.schema">
            <SimpleData name="CÈdula">4173708.00000000000</SimpleData>
            <SimpleData name="cedula">4173708</SimpleData>
            <SimpleData name="Nombres_y_">LIDIA JUKUGI GARCIA</SimpleData>
            <SimpleData name="Sexo">Mujer</SimpleData>
            <SimpleData name="Cambio_de_">NO</SimpleData>
            <SimpleData name="Titular_se">NO</SimpleData>
            <SimpleData name="SituaciÛn">NO</SimpleData>
            <SimpleData name="Comunidad">Ind?gena</SimpleData>
            <SimpleData name="Modelo_imp">Modelo 6</SimpleData>
            <SimpleData name="Departamen">CANINDEYU</SimpleData>
            <SimpleData name="Distrito">VILLA YGATIM?</SimpleData>
            <SimpleData name="Localidad">COM INDIG ARROYO BANDERA</SimpleData>
            <SimpleData name="TelÈfono">No tiene</SimpleData>
            <SimpleData name="Vivienda_L">-24.10403810000</SimpleData>
            <SimpleData name="Vivienda_1">-55.54981630000</SimpleData>
            <SimpleData name="Superficie">0.90000000000</SimpleData>
            <SimpleData name="Situaci_1">Pol?gono</SimpleData>
            <SimpleData name="Plantado">Si</SimpleData>
            <SimpleData name="Parcela_La">-55.54516039000</SimpleData>
            <SimpleData name="Parcela_Lo">-24.10950436000</SimpleData>
            <SimpleData name="Grupo_Impl">G2</SimpleData>
            <SimpleData name="Grupo_de_P">H-P1-P4P4-XX-XX</SimpleData>
            <SimpleData name="Jornales">4.00000000000</SimpleData>
            <SimpleData name="Monto">446008.00000000000</SimpleData>
            <SimpleData name="ETAPA_FAO">Mantenimiento A?o 1.2</SimpleData>
            <SimpleData name="Estado_del">Activo</SimpleData>
            <SimpleData name="Adjudicado">SI</SimpleData>
            <SimpleData name="Empresa">Hyh Consultores SRL</SimpleData>
            <SimpleData name="Lote">H</SimpleData>
            <SimpleData name="Monitorear">No</SimpleData>
            <SimpleData name="Fecha_de_M">14/7/2026</SimpleData>
            <SimpleData name="F__de_pren">30</SimpleData>
            <SimpleData name="Estado_FAO">Monitorear- Reposicion</SimpleData>
            <SimpleData name="Etapa_de_i">Mantenimiento A?o 1.2</SimpleData>
            <SimpleData name="Fecha_visi">2026/08/29</SimpleData>
            <SimpleData name="Estado_mon">??????NO CUMPLE??????</SimpleData>
            <SimpleData name="Situaci_12">Al momento del monitoreo de mantenimiento y asistencia t?cnica se observa que la parcela no cumple con las especificaciones t?cnicas establecidas. Se visualiza importante p?rdida de plantines de yerba mate por falta de prendimiento,  se sugiere reposi</SimpleData>
            <SimpleData name="Dias_trans">1.60076821759</SimpleData>
            <SimpleData name="Prioridad">ALTA</SimpleData>
            <SimpleData name="OBJECTID_1">352</SimpleData>
          </SchemaData>
        </ExtendedData>
        <Point>
          <coordinates>
            -55.5451603868811,-24.1095043577473,0
          </coordinates>
        </Point>
      </Placemark>
      <Placemark id="Distrito_VILLA_YGATIM__.19">
        <ExtendedData>
          <SchemaData schemaUrl="#Distrito_VILLA_YGATIM__.schema">
            <SimpleData name="CÈdula">6830564.00000000000</SimpleData>
            <SimpleData name="cedula">6830564</SimpleData>
            <SimpleData name="Nombres_y_">LEONARDO  MBUJAGI</SimpleData>
            <SimpleData name="Sexo">Hombre</SimpleData>
            <SimpleData name="Cambio_de_">NO</SimpleData>
            <SimpleData name="Titular_se">NO</SimpleData>
            <SimpleData name="SituaciÛn">NO</SimpleData>
            <SimpleData name="Comunidad">Ind?gena</SimpleData>
            <SimpleData name="Modelo_imp">Modelo 5</SimpleData>
            <SimpleData name="Departamen">CANINDEYU</SimpleData>
            <SimpleData name="Distrito">VILLA YGATIM?</SimpleData>
            <SimpleData name="Localidad">COM INDIG CHUPA POU</SimpleData>
            <SimpleData name="TelÈfono">986814912</SimpleData>
            <SimpleData name="Vivienda_L">-24.21103070000</SimpleData>
            <SimpleData name="Vivienda_1">-55.67287930000</SimpleData>
            <SimpleData name="Superficie">0.70000000000</SimpleData>
            <SimpleData name="Situaci_1">Pol?gono</SimpleData>
            <SimpleData name="Plantado">Si</SimpleData>
            <SimpleData name="Parcela_La">-55.67549114000</SimpleData>
            <SimpleData name="Parcela_Lo">-24.21263101000</SimpleData>
            <SimpleData name="Grupo_Impl">G2</SimpleData>
            <SimpleData name="Grupo_de_P">H-P6-P10P10-XX-XX</SimpleData>
            <SimpleData name="Jornales">4.00000000000</SimpleData>
            <SimpleData name="Monto">446008.00000000000</SimpleData>
            <SimpleData name="ETAPA_FAO">Mantenimiento A?o 1.2</SimpleData>
            <SimpleData name="Estado_del">Activo</SimpleData>
            <SimpleData name="Adjudicado">Si</SimpleData>
            <SimpleData name="Empresa">Hyh Consultores SRL</SimpleData>
            <SimpleData name="Lote">H</SimpleData>
            <SimpleData name="Monitorear">No</SimpleData>
            <SimpleData name="Fecha_de_M">-</SimpleData>
            <SimpleData name="F__de_pren">-</SimpleData>
            <SimpleData name="Estado_FAO">Monitorear</SimpleData>
            <SimpleData name="Etapa_de_i">Mantenimiento A?o 1.2</SimpleData>
            <SimpleData name="Fecha_visi">2026/08/27</SimpleData>
            <SimpleData name="Cumple_sup">Si</SimpleData>
            <SimpleData name="Estado_mon">-</SimpleData>
            <SimpleData name="Situaci_12">-</SimpleData>
            <SimpleData name="Observaci">-</SimpleData>
            <SimpleData name="Dias_trans">3.26200231481</SimpleData>
            <SimpleData name="Prioridad">ALTA</SimpleData>
            <SimpleData name="OBJECTID_1">307</SimpleData>
          </SchemaData>
        </ExtendedData>
        <Point>
          <coordinates>
            -55.6754911437118,-24.212631009071,0
          </coordinates>
        </Point>
      </Placemark>
      <Placemark id="Distrito_VILLA_YGATIM__.20">
        <ExtendedData>
          <SchemaData schemaUrl="#Distrito_VILLA_YGATIM__.schema">
            <SimpleData name="CÈdula">8308037.00000000000</SimpleData>
            <SimpleData name="cedula">8308037</SimpleData>
            <SimpleData name="Nombres_y_">CATALINA DENIS VERA</SimpleData>
            <SimpleData name="Sexo">Mujer</SimpleData>
            <SimpleData name="Cambio_de_">NO</SimpleData>
            <SimpleData name="Titular_se">NO</SimpleData>
            <SimpleData name="Comunidad">Ind?gena</SimpleData>
            <SimpleData name="Modelo_imp">Modelo 2</SimpleData>
            <SimpleData name="Departamen">CANINDEYU</SimpleData>
            <SimpleData name="Distrito">VILLA YGATIM?</SimpleData>
            <SimpleData name="Localidad">COM INDIG MBOI JAGUA - CA ADITA</SimpleData>
            <SimpleData name="TelÈfono">0974975405</SimpleData>
            <SimpleData name="Vivienda_L">-24.11380500000</SimpleData>
            <SimpleData name="Vivienda_1">-55.56083330000</SimpleData>
            <SimpleData name="Superficie">0.80000000000</SimpleData>
            <SimpleData name="Situaci_1">Parametro</SimpleData>
            <SimpleData name="Plantado">Si</SimpleData>
            <SimpleData name="Parcela_La">-55.55440216000</SimpleData>
            <SimpleData name="Parcela_Lo">-24.11719298000</SimpleData>
            <SimpleData name="Grupo_Impl">G2</SimpleData>
            <SimpleData name="Grupo_de_P">H-P14-XX-XX-XX</SimpleData>
            <SimpleData name="Jornales">0.00000000000</SimpleData>
            <SimpleData name="Monto">0.00000000000</SimpleData>
            <SimpleData name="ETAPA_FAO">Mantenimiento A?o 1.1</SimpleData>
            <SimpleData name="Estado_del">Activo</SimpleData>
            <SimpleData name="Adjudicado">SI</SimpleData>
            <SimpleData name="Empresa">Hyh Consultores SRL</SimpleData>
            <SimpleData name="Lote">H</SimpleData>
            <SimpleData name="Monitorear">No</SimpleData>
            <SimpleData name="Fecha_de_M">-</SimpleData>
            <SimpleData name="F__de_pren">-</SimpleData>
            <SimpleData name="Estado_FAO">Monitorear</SimpleData>
            <SimpleData name="Etapa_de_i">Mantenimiento A?o 1.1</SimpleData>
            <SimpleData name="Fecha_visi">2026/08/27</SimpleData>
            <SimpleData name="Cumple_sup">Si</SimpleData>
            <SimpleData name="Estado_mon">-</SimpleData>
            <SimpleData name="Situaci_12">-</SimpleData>
            <SimpleData name="Observaci">-</SimpleData>
            <SimpleData name="Dias_trans">3.36556712963</SimpleData>
            <SimpleData name="Prioridad">ALTA</SimpleData>
            <SimpleData name="OBJECTID_1">320</SimpleData>
          </SchemaData>
        </ExtendedData>
        <Point>
          <coordinates>
            -55.5544021628533,-24.1171929767825,0
          </coordinates>
        </Point>
      </Placemark>
      <Placemark id="Distrito_VILLA_YGATIM__.21">
        <ExtendedData>
          <SchemaData schemaUrl="#Distrito_VILLA_YGATIM__.schema">
            <SimpleData name="CÈdula">5928245.00000000000</SimpleData>
            <SimpleData name="cedula">5928245</SimpleData>
            <SimpleData name="Nombres_y_">ALICIA CELENE CASTRO GONZALEZ</SimpleData>
            <SimpleData name="Sexo">Mujer</SimpleData>
            <SimpleData name="Cambio_de_">NO</SimpleData>
            <SimpleData name="Titular_se">NO</SimpleData>
            <SimpleData name="SituaciÛn">NO</SimpleData>
            <SimpleData name="Comunidad">Campesina</SimpleData>
            <SimpleData name="Modelo_imp">Modelo 5</SimpleData>
            <SimpleData name="Departamen">CANINDEYU</SimpleData>
            <SimpleData name="Distrito">VILLA YGATIM?</SimpleData>
            <SimpleData name="Localidad">RESIDENTAS</SimpleData>
            <SimpleData name="TelÈfono">0975589840</SimpleData>
            <SimpleData name="Vivienda_L">-24.06135270000</SimpleData>
            <SimpleData name="Vivienda_1">-55.61195750000</SimpleData>
            <SimpleData name="Superficie">0.70000000000</SimpleData>
            <SimpleData name="Situaci_1">Pol?gono</SimpleData>
            <SimpleData name="Plantado">Si</SimpleData>
            <SimpleData name="Parcela_La">-55.61346527000</SimpleData>
            <SimpleData name="Parcela_Lo">-24.05276794000</SimpleData>
            <SimpleData name="Grupo_Impl">G2</SimpleData>
            <SimpleData name="Grupo_de_P">H-P5-XX-XX-XX</SimpleData>
            <SimpleData name="Jornales">0.00000000000</SimpleData>
            <SimpleData name="Monto">0.00000000000</SimpleData>
            <SimpleData name="ETAPA_FAO">Mantenimiento A?o 1.1</SimpleData>
            <SimpleData name="Estado_del">Activo</SimpleData>
            <SimpleData name="Adjudicado">SI</SimpleData>
            <SimpleData name="Empresa">Hyh Consultores SRL</SimpleData>
            <SimpleData name="Lote">H</SimpleData>
            <SimpleData name="Monitorear">Si</SimpleData>
            <SimpleData name="Fecha_de_M">-</SimpleData>
            <SimpleData name="F__de_pren">-</SimpleData>
            <SimpleData name="Estado_FAO">Verificar posible desercion</SimpleData>
            <SimpleData name="Etapa_de_i">Mantenimiento A?o 1.1</SimpleData>
            <SimpleData name="Fecha_visi">2026/06/04</SimpleData>
            <SimpleData name="Estado_mon">??????NO CUMPLE??????</SimpleData>
            <SimpleData name="Situaci_12">En el momento del monitoreo no se observa plantines sobre vivientes por causas de las hormigas cortadoras, recomendamos realizar reposiciones de las plantas perdidas, la participante manifest? que quiere seguir con el proyecto PROEZA.</SimpleData>
            <SimpleData name="Observaci">Regular</SimpleData>
            <SimpleData name="Dias_trans">87.35828878470</SimpleData>
            <SimpleData name="Prioridad">ALTA</SimpleData>
            <SimpleData name="OBJECTID_1">22</SimpleData>
          </SchemaData>
        </ExtendedData>
        <Point>
          <coordinates>
            -55.613465271616,-24.052767943518,0
          </coordinates>
        </Point>
      </Placemark>
      <Placemark id="Distrito_VILLA_YGATIM__.22">
        <ExtendedData>
          <SchemaData schemaUrl="#Distrito_VILLA_YGATIM__.schema">
            <SimpleData name="CÈdula">6860001.00000000000</SimpleData>
            <SimpleData name="cedula">6860001</SimpleData>
            <SimpleData name="Nombres_y_">SARA CHIVURAGI</SimpleData>
            <SimpleData name="Sexo">Mujer</SimpleData>
            <SimpleData name="Cambio_de_">NO</SimpleData>
            <SimpleData name="Titular_se">NO</SimpleData>
            <SimpleData name="SituaciÛn">NO</SimpleData>
            <SimpleData name="Comunidad">Ind?gena</SimpleData>
            <SimpleData name="Modelo_imp">Modelo 4</SimpleData>
            <SimpleData name="Departamen">CANINDEYU</SimpleData>
            <SimpleData name="Distrito">VILLA YGATIM?</SimpleData>
            <SimpleData name="Localidad">COM INDIG CHUPA POU</SimpleData>
            <SimpleData name="TelÈfono">0984178761</SimpleData>
            <SimpleData name="Vivienda_L">-24.20872690000</SimpleData>
            <SimpleData name="Vivienda_1">-55.67612500000</SimpleData>
            <SimpleData name="Superficie">0.70000000000</SimpleData>
            <SimpleData name="Situaci_1">Pol?gono</SimpleData>
            <SimpleData name="Plantado">Si</SimpleData>
            <SimpleData name="Parcela_La">-55.70819753000</SimpleData>
            <SimpleData name="Parcela_Lo">-24.22341739000</SimpleData>
            <SimpleData name="Grupo_Impl">G2</SimpleData>
            <SimpleData name="Grupo_de_P">H-P2-P10P10-XX-XX</SimpleData>
            <SimpleData name="Jornales">4.00000000000</SimpleData>
            <SimpleData name="Monto">446008.00000000000</SimpleData>
            <SimpleData name="ETAPA_FAO">Mantenimiento A?o 1.2</SimpleData>
            <SimpleData name="Estado_del">Activo</SimpleData>
            <SimpleData name="Adjudicado">SI</SimpleData>
            <SimpleData name="Empresa">Hyh Consultores SRL</SimpleData>
            <SimpleData name="Lote">H</SimpleData>
            <SimpleData name="Monitorear">No</SimpleData>
            <SimpleData name="Fecha_de_M">-</SimpleData>
            <SimpleData name="F__de_pren">-</SimpleData>
            <SimpleData name="Estado_FAO">Monitorear</SimpleData>
            <SimpleData name="Etapa_de_i">Mantenimiento A?o 1.2</SimpleData>
            <SimpleData name="Fecha_visi">2026/08/20</SimpleData>
            <SimpleData name="Cumple_sup">Si</SimpleData>
            <SimpleData name="Estado_mon">-</SimpleData>
            <SimpleData name="Situaci_12">-</SimpleData>
            <SimpleData name="Observaci">-</SimpleData>
            <SimpleData name="Dias_trans">10.40005787040</SimpleData>
            <SimpleData name="Prioridad">ALTA</SimpleData>
            <SimpleData name="OBJECTID_1">30</SimpleData>
          </SchemaData>
        </ExtendedData>
        <Point>
          <coordinates>
            -55.7081975296101,-24.2234173937429,0
          </coordinates>
        </Point>
      </Placemark>
      <Placemark id="Distrito_VILLA_YGATIM__.23">
        <ExtendedData>
          <SchemaData schemaUrl="#Distrito_VILLA_YGATIM__.schema">
            <SimpleData name="CÈdula">4173682.00000000000</SimpleData>
            <SimpleData name="cedula">4173682</SimpleData>
            <SimpleData name="Nombres_y_">ANTONIA MBYVANGI</SimpleData>
            <SimpleData name="Sexo">Mujer</SimpleData>
            <SimpleData name="Cambio_de_">NO</SimpleData>
            <SimpleData name="Titular_se">NO</SimpleData>
            <SimpleData name="SituaciÛn">NO</SimpleData>
            <SimpleData name="Comunidad">Ind?gena</SimpleData>
            <SimpleData name="Modelo_imp">Modelo 4</SimpleData>
            <SimpleData name="Departamen">CANINDEYU</SimpleData>
            <SimpleData name="Distrito">VILLA YGATIM?</SimpleData>
            <SimpleData name="Localidad">COM INDIG CHUPA POU</SimpleData>
            <SimpleData name="TelÈfono">No tiene</SimpleData>
            <SimpleData name="Vivienda_L">-24.20920180000</SimpleData>
            <SimpleData name="Vivienda_1">-55.67851560000</SimpleData>
            <SimpleData name="Superficie">0.70000000000</SimpleData>
            <SimpleData name="Situaci_1">Pol?gono</SimpleData>
            <SimpleData name="Plantado">Si</SimpleData>
            <SimpleData name="Parcela_La">-55.67837013000</SimpleData>
            <SimpleData name="Parcela_Lo">-24.21016055000</SimpleData>
            <SimpleData name="Grupo_Impl">G2</SimpleData>
            <SimpleData name="Grupo_de_P">H-P2-P10P10-XX-XX</SimpleData>
            <SimpleData name="Jornales">4.00000000000</SimpleData>
            <SimpleData name="Monto">446008.00000000000</SimpleData>
            <SimpleData name="ETAPA_FAO">Mantenimiento A?o 1.2</SimpleData>
            <SimpleData name="Estado_del">Activo</SimpleData>
            <SimpleData name="Adjudicado">SI</SimpleData>
            <SimpleData name="Empresa">Hyh Consultores SRL</SimpleData>
            <SimpleData name="Lote">H</SimpleData>
            <SimpleData name="Monitorear">No</SimpleData>
            <SimpleData name="Fecha_de_M">-</SimpleData>
            <SimpleData name="F__de_pren">-</SimpleData>
            <SimpleData name="Estado_FAO">Monitorear</SimpleData>
            <SimpleData name="Etapa_de_i">Mantenimiento A?o 1.2</SimpleData>
            <SimpleData name="Fecha_visi">2026/08/06</SimpleData>
            <SimpleData name="Cumple_sup">Si</SimpleData>
            <SimpleData name="Estado_mon">-</SimpleData>
            <SimpleData name="Situaci_12">-</SimpleData>
            <SimpleData name="Observaci">-</SimpleData>
            <SimpleData name="Dias_trans">24.21402777780</SimpleData>
            <SimpleData name="Prioridad">ALTA</SimpleData>
            <SimpleData name="OBJECTID_1">33</SimpleData>
          </SchemaData>
        </ExtendedData>
        <Point>
          <coordinates>
            -55.6783701291937,-24.2101605450795,0
          </coordinates>
        </Point>
      </Placemark>
      <Placemark id="Distrito_VILLA_YGATIM__.24">
        <ExtendedData>
          <SchemaData schemaUrl="#Distrito_VILLA_YGATIM__.schema">
            <SimpleData name="CÈdula">6349396.00000000000</SimpleData>
            <SimpleData name="cedula">6349396</SimpleData>
            <SimpleData name="Nombres_y_">FATIMA CHERYGI FUAKYMBAGI FAAGI</SimpleData>
            <SimpleData name="Sexo">Mujer</SimpleData>
            <SimpleData name="Cambio_de_">NO</SimpleData>
            <SimpleData name="Titular_se">NO</SimpleData>
            <SimpleData name="SituaciÛn">NO</SimpleData>
            <SimpleData name="Comunidad">Ind?gena</SimpleData>
            <SimpleData name="Modelo_imp">Modelo 4</SimpleData>
            <SimpleData name="Departamen">CANINDEYU</SimpleData>
            <SimpleData name="Distrito">VILLA YGATIM?</SimpleData>
            <SimpleData name="Localidad">COM INDIG CHUPA POU</SimpleData>
            <SimpleData name="TelÈfono">0985223081</SimpleData>
            <SimpleData name="Vivienda_L">-24.22229600000</SimpleData>
            <SimpleData name="Vivienda_1">-55.71191840000</SimpleData>
            <SimpleData name="Superficie">0.70000000000</SimpleData>
            <SimpleData name="Situaci_1">Pol?gono</SimpleData>
            <SimpleData name="Plantado">Si</SimpleData>
            <SimpleData name="Parcela_La">-55.71099713000</SimpleData>
            <SimpleData name="Parcela_Lo">-24.22036306000</SimpleData>
            <SimpleData name="Grupo_Impl">G2</SimpleData>
            <SimpleData name="Grupo_de_P">H-P1-P4P4-XX-XX</SimpleData>
            <SimpleData name="Jornales">4.00000000000</SimpleData>
            <SimpleData name="Monto">446008.00000000000</SimpleData>
            <SimpleData name="ETAPA_FAO">Mantenimiento A?o 1.2</SimpleData>
            <SimpleData name="Estado_del">Activo</SimpleData>
            <SimpleData name="Adjudicado">SI</SimpleData>
            <SimpleData name="Empresa">Hyh Consultores SRL</SimpleData>
            <SimpleData name="Lote">H</SimpleData>
            <SimpleData name="Monitorear">No</SimpleData>
            <SimpleData name="Fecha_de_M">-</SimpleData>
            <SimpleData name="F__de_pren">-</SimpleData>
            <SimpleData name="Estado_FAO">Monitorear</SimpleData>
            <SimpleData name="Etapa_de_i">Mantenimiento A?o 1.2</SimpleData>
            <SimpleData name="Fecha_visi">2026/08/19</SimpleData>
            <SimpleData name="Cumple_sup">Si</SimpleData>
            <SimpleData name="Estado_mon">-</SimpleData>
            <SimpleData name="Situaci_12">-</SimpleData>
            <SimpleData name="Observaci">-</SimpleData>
            <SimpleData name="Dias_trans">11.22964120370</SimpleData>
            <SimpleData name="Prioridad">ALTA</SimpleData>
            <SimpleData name="OBJECTID_1">29</SimpleData>
          </SchemaData>
        </ExtendedData>
        <Point>
          <coordinates>
            -55.7109971308623,-24.2203630580843,0
          </coordinates>
        </Point>
      </Placemark>
      <Placemark id="Distrito_VILLA_YGATIM__.25">
        <ExtendedData>
          <SchemaData schemaUrl="#Distrito_VILLA_YGATIM__.schema">
            <SimpleData name="CÈdula">4173709.00000000000</SimpleData>
            <SimpleData name="cedula">4173709</SimpleData>
            <SimpleData name="Nombres_y_">ENRRIQUE TYCUARANGI</SimpleData>
            <SimpleData name="Sexo">Hombre</SimpleData>
            <SimpleData name="Cambio_de_">NO</SimpleData>
            <SimpleData name="Titular_se">NO</SimpleData>
            <SimpleData name="SituaciÛn">NO</SimpleData>
            <SimpleData name="Comunidad">Ind?gena</SimpleData>
            <SimpleData name="Modelo_imp">Modelo 1</SimpleData>
            <SimpleData name="Departamen">CANINDEYU</SimpleData>
            <SimpleData name="Distrito">VILLA YGATIM?</SimpleData>
            <SimpleData name="Localidad">COM INDIG CHUPA POU</SimpleData>
            <SimpleData name="TelÈfono">0985234506</SimpleData>
            <SimpleData name="Vivienda_L">-24.21412410000</SimpleData>
            <SimpleData name="Vivienda_1">-55.66849940000</SimpleData>
            <SimpleData name="Superficie">0.80000000000</SimpleData>
            <SimpleData name="Situaci_1">Pol?gono</SimpleData>
            <SimpleData name="Plantado">Si</SimpleData>
            <SimpleData name="Parcela_La">-55.66935575000</SimpleData>
            <SimpleData name="Parcela_Lo">-24.21452488000</SimpleData>
            <SimpleData name="Grupo_Impl">G2</SimpleData>
            <SimpleData name="Grupo_de_P">H-P2-P10P10-XX-XX</SimpleData>
            <SimpleData name="Jornales">4.00000000000</SimpleData>
            <SimpleData name="Monto">446008.00000000000</SimpleData>
            <SimpleData name="ETAPA_FAO">Mantenimiento A?o 1.2</SimpleData>
            <SimpleData name="Estado_del">Activo</SimpleData>
            <SimpleData name="Adjudicado">SI</SimpleData>
            <SimpleData name="Empresa">Hyh Consultores SRL</SimpleData>
            <SimpleData name="Lote">H</SimpleData>
            <SimpleData name="Monitorear">No</SimpleData>
            <SimpleData name="Fecha_de_M">-</SimpleData>
            <SimpleData name="F__de_pren">-</SimpleData>
            <SimpleData name="Estado_FAO">Monitorear</SimpleData>
            <SimpleData name="Etapa_de_i">Mantenimiento A?o 1.2</SimpleData>
            <SimpleData name="Fecha_visi">2026/08/28</SimpleData>
            <SimpleData name="Cumple_sup">Si</SimpleData>
            <SimpleData name="Estado_mon">-</SimpleData>
            <SimpleData name="Situaci_12">-</SimpleData>
            <SimpleData name="Observaci">-</SimpleData>
            <SimpleData name="Dias_trans">2.25645833334</SimpleData>
            <SimpleData name="Prioridad">ALTA</SimpleData>
            <SimpleData name="OBJECTID_1">49</SimpleData>
          </SchemaData>
        </ExtendedData>
        <Point>
          <coordinates>
            -55.66935575225,-24.2145248793255,0
          </coordinates>
        </Point>
      </Placemark>
      <Placemark id="Distrito_VILLA_YGATIM__.26">
        <ExtendedData>
          <SchemaData schemaUrl="#Distrito_VILLA_YGATIM__.schema">
            <SimpleData name="CÈdula">7297215.00000000000</SimpleData>
            <SimpleData name="cedula">7297215</SimpleData>
            <SimpleData name="Nombres_y_">ROGELIA CARDOZO GARCIA</SimpleData>
            <SimpleData name="Sexo">Mujer</SimpleData>
            <SimpleData name="Cambio_de_">NO</SimpleData>
            <SimpleData name="Titular_se">NO</SimpleData>
            <SimpleData name="SituaciÛn">NO</SimpleData>
            <SimpleData name="Comunidad">Ind?gena</SimpleData>
            <SimpleData name="Modelo_imp">Modelo 4</SimpleData>
            <SimpleData name="Departamen">CANINDEYU</SimpleData>
            <SimpleData name="Distrito">VILLA YGATIM?</SimpleData>
            <SimpleData name="Localidad">COM INDIG CHUPA POU</SimpleData>
            <SimpleData name="TelÈfono">0986308660</SimpleData>
            <SimpleData name="Vivienda_L">-24.20859330000</SimpleData>
            <SimpleData name="Vivienda_1">-55.67502830000</SimpleData>
            <SimpleData name="Superficie">0.70000000000</SimpleData>
            <SimpleData name="Situaci_1">Pol?gono</SimpleData>
            <SimpleData name="Plantado">Si</SimpleData>
            <SimpleData name="Parcela_La">-55.71179647000</SimpleData>
            <SimpleData name="Parcela_Lo">-24.22006179000</SimpleData>
            <SimpleData name="Grupo_Impl">G2</SimpleData>
            <SimpleData name="Grupo_de_P">H-P2-P10P10-XX-XX</SimpleData>
            <SimpleData name="Jornales">4.00000000000</SimpleData>
            <SimpleData name="Monto">446008.00000000000</SimpleData>
            <SimpleData name="ETAPA_FAO">Mantenimiento A?o 1.2</SimpleData>
            <SimpleData name="Estado_del">Activo</SimpleData>
            <SimpleData name="Adjudicado">SI</SimpleData>
            <SimpleData name="Empresa">Hyh Consultores SRL</SimpleData>
            <SimpleData name="Lote">H</SimpleData>
            <SimpleData name="Monitorear">No</SimpleData>
            <SimpleData name="Fecha_de_M">-</SimpleData>
            <SimpleData name="F__de_pren">-</SimpleData>
            <SimpleData name="Estado_FAO">Monitorear</SimpleData>
            <SimpleData name="Etapa_de_i">Mantenimiento A?o 1.2</SimpleData>
            <SimpleData name="Fecha_visi">2026/08/19</SimpleData>
            <SimpleData name="Cumple_sup">Si</SimpleData>
            <SimpleData name="Estado_mon">-</SimpleData>
            <SimpleData name="Situaci_12">-</SimpleData>
            <SimpleData name="Observaci">-</SimpleData>
            <SimpleData name="Dias_trans">11.39545138890</SimpleData>
            <SimpleData name="Prioridad">ALTA</SimpleData>
            <SimpleData name="OBJECTID_1">35</SimpleData>
          </SchemaData>
        </ExtendedData>
        <Point>
          <coordinates>
            -55.711796472596,-24.2200617878779,0
          </coordinates>
        </Point>
      </Placemark>
      <Placemark id="Distrito_VILLA_YGATIM__.27">
        <ExtendedData>
          <SchemaData schemaUrl="#Distrito_VILLA_YGATIM__.schema">
            <SimpleData name="CÈdula">6314557.00000000000</SimpleData>
            <SimpleData name="cedula">6314557</SimpleData>
            <SimpleData name="Nombres_y_">DORKA KREMBEGI TAKUANGI MBYVANGI</SimpleData>
            <SimpleData name="Sexo">Mujer</SimpleData>
            <SimpleData name="Cambio_de_">NO</SimpleData>
            <SimpleData name="Titular_se">NO</SimpleData>
            <SimpleData name="SituaciÛn">NO</SimpleData>
            <SimpleData name="Comunidad">Ind?gena</SimpleData>
            <SimpleData name="Modelo_imp">Modelo 4</SimpleData>
            <SimpleData name="Departamen">CANINDEYU</SimpleData>
            <SimpleData name="Distrito">VILLA YGATIM?</SimpleData>
            <SimpleData name="Localidad">COM INDIG CHUPA POU</SimpleData>
            <SimpleData name="TelÈfono">0983753324</SimpleData>
            <SimpleData name="Vivienda_L">-24.20915390000</SimpleData>
            <SimpleData name="Vivienda_1">-55.67881700000</SimpleData>
            <SimpleData name="Superficie">0.70000000000</SimpleData>
            <SimpleData name="Situaci_1">Pol?gono</SimpleData>
            <SimpleData name="Plantado">Si</SimpleData>
            <SimpleData name="Parcela_La">-55.67932934000</SimpleData>
            <SimpleData name="Parcela_Lo">-24.21024331000</SimpleData>
            <SimpleData name="Grupo_Impl">G2</SimpleData>
            <SimpleData name="Grupo_de_P">H-P2-P10P10-XX-XX</SimpleData>
            <SimpleData name="Jornales">4.00000000000</SimpleData>
            <SimpleData name="Monto">446008.00000000000</SimpleData>
            <SimpleData name="ETAPA_FAO">Mantenimiento A?o 1.2</SimpleData>
            <SimpleData name="Estado_del">Activo</SimpleData>
            <SimpleData name="Adjudicado">SI</SimpleData>
            <SimpleData name="Empresa">Hyh Consultores SRL</SimpleData>
            <SimpleData name="Lote">H</SimpleData>
            <SimpleData name="Monitorear">No</SimpleData>
            <SimpleData name="Fecha_de_M">-</SimpleData>
            <SimpleData name="F__de_pren">-</SimpleData>
            <SimpleData name="Estado_FAO">Monitorear</SimpleData>
            <SimpleData name="Etapa_de_i">Mantenimiento A?o 1.2</SimpleData>
            <SimpleData name="Fecha_visi">2026/08/06</SimpleData>
            <SimpleData name="Cumple_sup">Si</SimpleData>
            <SimpleData name="Estado_mon">-</SimpleData>
            <SimpleData name="Situaci_12">-</SimpleData>
            <SimpleData name="Observaci">-</SimpleData>
            <SimpleData name="Dias_trans">24.22151620370</SimpleData>
            <SimpleData name="Prioridad">ALTA</SimpleData>
            <SimpleData name="OBJECTID_1">34</SimpleData>
          </SchemaData>
        </ExtendedData>
        <Point>
          <coordinates>
            -55.6793293381534,-24.210243312137,0
          </coordinates>
        </Point>
      </Placemark>
      <Placemark id="Distrito_VILLA_YGATIM__.28">
        <ExtendedData>
          <SchemaData schemaUrl="#Distrito_VILLA_YGATIM__.schema">
            <SimpleData name="CÈdula">8052985.00000000000</SimpleData>
            <SimpleData name="cedula">8052985</SimpleData>
            <SimpleData name="Nombres_y_">NELLIDA FAGI CHEVUGI FAGI</SimpleData>
            <SimpleData name="Sexo">Hombre</SimpleData>
            <SimpleData name="Cambio_de_">NO</SimpleData>
            <SimpleData name="Titular_se">NO</SimpleData>
            <SimpleData name="SituaciÛn">NO</SimpleData>
            <SimpleData name="Comunidad">Ind?gena</SimpleData>
            <SimpleData name="Modelo_imp">Modelo 4</SimpleData>
            <SimpleData name="Departamen">CANINDEYU</SimpleData>
            <SimpleData name="Distrito">VILLA YGATIM?</SimpleData>
            <SimpleData name="Localidad">COM INDIG CHUPA POU</SimpleData>
            <SimpleData name="TelÈfono">No tiene</SimpleData>
            <SimpleData name="Vivienda_L">-24.21177650000</SimpleData>
            <SimpleData name="Vivienda_1">-55.67122220000</SimpleData>
            <SimpleData name="Superficie">0.70000000000</SimpleData>
            <SimpleData name="Situaci_1">Pol?gono</SimpleData>
            <SimpleData name="Plantado">Si</SimpleData>
            <SimpleData name="Parcela_La">-55.70754129000</SimpleData>
            <SimpleData name="Parcela_Lo">-24.22271205000</SimpleData>
            <SimpleData name="Grupo_Impl">G2</SimpleData>
            <SimpleData name="Grupo_de_P">H-P2-P10P10-XX-XX</SimpleData>
            <SimpleData name="Jornales">4.00000000000</SimpleData>
            <SimpleData name="Monto">446008.00000000000</SimpleData>
            <SimpleData name="ETAPA_FAO">Mantenimiento A?o 1.2</SimpleData>
            <SimpleData name="Estado_del">Activo</SimpleData>
            <SimpleData name="Adjudicado">SI</SimpleData>
            <SimpleData name="Empresa">Hyh Consultores SRL</SimpleData>
            <SimpleData name="Lote">H</SimpleData>
            <SimpleData name="Monitorear">No</SimpleData>
            <SimpleData name="Fecha_de_M">-</SimpleData>
            <SimpleData name="F__de_pren">-</SimpleData>
            <SimpleData name="Estado_FAO">Monitorear</SimpleData>
            <SimpleData name="Etapa_de_i">Mantenimiento A?o 1.2</SimpleData>
            <SimpleData name="Fecha_visi">2026/08/20</SimpleData>
            <SimpleData name="Cumple_sup">Si</SimpleData>
            <SimpleData name="Estado_mon">-</SimpleData>
            <SimpleData name="Situaci_12">-</SimpleData>
            <SimpleData name="Observaci">-</SimpleData>
            <SimpleData name="Dias_trans">10.39278935180</SimpleData>
            <SimpleData name="Prioridad">ALTA</SimpleData>
            <SimpleData name="OBJECTID_1">37</SimpleData>
          </SchemaData>
        </ExtendedData>
        <Point>
          <coordinates>
            -55.7075412892454,-24.2227120496752,0
          </coordinates>
        </Point>
      </Placemark>
      <Placemark id="Distrito_VILLA_YGATIM__.29">
        <ExtendedData>
          <SchemaData schemaUrl="#Distrito_VILLA_YGATIM__.schema">
            <SimpleData name="CÈdula">3769563.00000000000</SimpleData>
            <SimpleData name="cedula">3769563</SimpleData>
            <SimpleData name="Nombres_y_">VICTORINA MOREL VILLALBA</SimpleData>
            <SimpleData name="Sexo">Mujer</SimpleData>
            <SimpleData name="Cambio_de_">NO</SimpleData>
            <SimpleData name="Titular_se">NO</SimpleData>
            <SimpleData name="SituaciÛn">NO</SimpleData>
            <SimpleData name="Comunidad">Ind?gena</SimpleData>
            <SimpleData name="Modelo_imp">Modelo 1</SimpleData>
            <SimpleData name="Departamen">CANINDEYU</SimpleData>
            <SimpleData name="Distrito">VILLA YGATIM?</SimpleData>
            <SimpleData name="Localidad">COM INDIG CHUPA POU</SimpleData>
            <SimpleData name="TelÈfono">0986557613</SimpleData>
            <SimpleData name="Vivienda_L">-24.21337820000</SimpleData>
            <SimpleData name="Vivienda_1">-55.66958970000</SimpleData>
            <SimpleData name="Superficie">0.80000000000</SimpleData>
            <SimpleData name="Situaci_1">Pol?gono</SimpleData>
            <SimpleData name="Plantado">Si</SimpleData>
            <SimpleData name="Parcela_La">-55.66383051000</SimpleData>
            <SimpleData name="Parcela_Lo">-24.21871454000</SimpleData>
            <SimpleData name="Grupo_Impl">G2</SimpleData>
            <SimpleData name="Grupo_de_P">H-P2-P10P10-XX-XX</SimpleData>
            <SimpleData name="Jornales">4.00000000000</SimpleData>
            <SimpleData name="Monto">446008.00000000000</SimpleData>
            <SimpleData name="ETAPA_FAO">Mantenimiento A?o 1.2</SimpleData>
            <SimpleData name="Estado_del">Activo</SimpleData>
            <SimpleData name="Adjudicado">SI</SimpleData>
            <SimpleData name="Empresa">Hyh Consultores SRL</SimpleData>
            <SimpleData name="Lote">H</SimpleData>
            <SimpleData name="Monitorear">No</SimpleData>
            <SimpleData name="Fecha_de_M">30/6/2026</SimpleData>
            <SimpleData name="F__de_pren">80</SimpleData>
            <SimpleData name="Estado_FAO">Monitorear- Reposicion</SimpleData>
            <SimpleData name="Etapa_de_i">Mantenimiento A?o 1.2</SimpleData>
            <SimpleData name="Fecha_visi">2026/08/26</SimpleData>
            <SimpleData name="Estado_mon">?????? NO CUMPLE ??????</SimpleData>
            <SimpleData name="Situaci_12">Al momento del monitoreo de mantenimiento y asistencia t?cnica se observa que la parcela no cumple con las especificaciones t?cnicas establecidas. Se visualiza faltante de especies forestales nativas y eucalipto.  No se ha realizado en forma la reposic</SimpleData>
            <SimpleData name="Dias_trans">4.30281435185</SimpleData>
            <SimpleData name="Prioridad">ALTA</SimpleData>
            <SimpleData name="OBJECTID_1">353</SimpleData>
          </SchemaData>
        </ExtendedData>
        <Point>
          <coordinates>
            -55.6638305062765,-24.2187145363292,0
          </coordinates>
        </Point>
      </Placemark>
      <Placemark id="Distrito_VILLA_YGATIM__.30">
        <ExtendedData>
          <SchemaData schemaUrl="#Distrito_VILLA_YGATIM__.schema">
            <SimpleData name="CÈdula">6349364.00000000000</SimpleData>
            <SimpleData name="cedula">6349364</SimpleData>
            <SimpleData name="Nombres_y_">CORNELIA MBEPEGI KRACHOGI MBEPURANGI</SimpleData>
            <SimpleData name="Sexo">Mujer</SimpleData>
            <SimpleData name="Cambio_de_">NO</SimpleData>
            <SimpleData name="Titular_se">NO</SimpleData>
            <SimpleData name="SituaciÛn">NO</SimpleData>
            <SimpleData name="Comunidad">Ind?gena</SimpleData>
            <SimpleData name="Modelo_imp">Modelo 1</SimpleData>
            <SimpleData name="Departamen">CANINDEYU</SimpleData>
            <SimpleData name="Distrito">VILLA YGATIM?</SimpleData>
            <SimpleData name="Localidad">COM INDIG CHUPA POU</SimpleData>
            <SimpleData name="TelÈfono">0986555289</SimpleData>
            <SimpleData name="Vivienda_L">-24.20880670000</SimpleData>
            <SimpleData name="Vivienda_1">-55.67963170000</SimpleData>
            <SimpleData name="Superficie">0.80000000000</SimpleData>
            <SimpleData name="Situaci_1">Pol?gono</SimpleData>
            <SimpleData name="Plantado">Si</SimpleData>
            <SimpleData name="Parcela_La">-55.68176613000</SimpleData>
            <SimpleData name="Parcela_Lo">-24.20351122000</SimpleData>
            <SimpleData name="Grupo_Impl">G2</SimpleData>
            <SimpleData name="Grupo_de_P">H-P2-P10P10-XX-XX</SimpleData>
            <SimpleData name="Jornales">4.00000000000</SimpleData>
            <SimpleData name="Monto">446008.00000000000</SimpleData>
            <SimpleData name="ETAPA_FAO">Mantenimiento A?o 1.2</SimpleData>
            <SimpleData name="Estado_del">Activo</SimpleData>
            <SimpleData name="Adjudicado">SI</SimpleData>
            <SimpleData name="Empresa">Hyh Consultores SRL</SimpleData>
            <SimpleData name="Lote">H</SimpleData>
            <SimpleData name="Monitorear">No</SimpleData>
            <SimpleData name="Fecha_de_M">-</SimpleData>
            <SimpleData name="F__de_pren">-</SimpleData>
            <SimpleData name="Estado_FAO">Monitorear</SimpleData>
            <SimpleData name="Etapa_de_i">Mantenimiento A?o 1.2</SimpleData>
            <SimpleData name="Fecha_visi">2026/08/29</SimpleData>
            <SimpleData name="Cumple_sup">Si</SimpleData>
            <SimpleData name="Estado_mon">-</SimpleData>
            <SimpleData name="Situaci_12">-</SimpleData>
            <SimpleData name="Observaci">-</SimpleData>
            <SimpleData name="Dias_trans">1.42844907408</SimpleData>
            <SimpleData name="Prioridad">ALTA</SimpleData>
            <SimpleData name="OBJECTID_1">25</SimpleData>
          </SchemaData>
        </ExtendedData>
        <Point>
          <coordinates>
            -55.6817661259935,-24.2035112236266,0
          </coordinates>
        </Point>
      </Placemark>
      <Placemark id="Distrito_VILLA_YGATIM__.31">
        <ExtendedData>
          <SchemaData schemaUrl="#Distrito_VILLA_YGATIM__.schema">
            <SimpleData name="CÈdula">6760723.00000000000</SimpleData>
            <SimpleData name="cedula">6760723</SimpleData>
            <SimpleData name="Nombres_y_">AGUSTIN RUIZ DIAZ MARTINEZ</SimpleData>
            <SimpleData name="Sexo">Hombre</SimpleData>
            <SimpleData name="Cambio_de_">NO</SimpleData>
            <SimpleData name="Titular_se">NO</SimpleData>
            <SimpleData name="SituaciÛn">NO</SimpleData>
            <SimpleData name="Comunidad">Ind?gena</SimpleData>
            <SimpleData name="Modelo_imp">Modelo 1</SimpleData>
            <SimpleData name="Departamen">CANINDEYU</SimpleData>
            <SimpleData name="Distrito">VILLA YGATIM?</SimpleData>
            <SimpleData name="Localidad">COM INDIG CHUPA POU</SimpleData>
            <SimpleData name="TelÈfono">0982051940</SimpleData>
            <SimpleData name="Vivienda_L">-24.21679240000</SimpleData>
            <SimpleData name="Vivienda_1">-55.66459040000</SimpleData>
            <SimpleData name="Superficie">0.80000000000</SimpleData>
            <SimpleData name="Situaci_1">Pol?gono</SimpleData>
            <SimpleData name="Plantado">Si</SimpleData>
            <SimpleData name="Parcela_La">-55.66543113000</SimpleData>
            <SimpleData name="Parcela_Lo">-24.21419666000</SimpleData>
            <SimpleData name="Grupo_Impl">G2</SimpleData>
            <SimpleData name="Grupo_de_P">H-P2-P10P10-XX-XX</SimpleData>
            <SimpleData name="Jornales">4.00000000000</SimpleData>
            <SimpleData name="Monto">446008.00000000000</SimpleData>
            <SimpleData name="ETAPA_FAO">Mantenimiento A?o 1.2</SimpleData>
            <SimpleData name="Estado_del">Activo</SimpleData>
            <SimpleData name="Adjudicado">SI</SimpleData>
            <SimpleData name="Empresa">Hyh Consultores SRL</SimpleData>
            <SimpleData name="Lote">H</SimpleData>
            <SimpleData name="Monitorear">No</SimpleData>
            <SimpleData name="Fecha_de_M">-</SimpleData>
            <SimpleData name="F__de_pren">-</SimpleData>
            <SimpleData name="Estado_FAO">Monitorear</SimpleData>
            <SimpleData name="Etapa_de_i">Mantenimiento A?o 1.2</SimpleData>
            <SimpleData name="Fecha_visi">2026/08/28</SimpleData>
            <SimpleData name="Cumple_sup">Si</SimpleData>
            <SimpleData name="Estado_mon">-</SimpleData>
            <SimpleData name="Situaci_12">-</SimpleData>
            <SimpleData name="Observaci">-</SimpleData>
            <SimpleData name="Dias_trans">2.49357638889</SimpleData>
            <SimpleData name="Prioridad">ALTA</SimpleData>
            <SimpleData name="OBJECTID_1">48</SimpleData>
          </SchemaData>
        </ExtendedData>
        <Point>
          <coordinates>
            -55.6654311343597,-24.2141966649389,0
          </coordinates>
        </Point>
      </Placemark>
      <Placemark id="Distrito_VILLA_YGATIM__.32">
        <ExtendedData>
          <SchemaData schemaUrl="#Distrito_VILLA_YGATIM__.schema">
            <SimpleData name="CÈdula">6349091.00000000000</SimpleData>
            <SimpleData name="cedula">6349091</SimpleData>
            <SimpleData name="Nombres_y_">ELODIA KRURUGI CHACHUGI JAMONGI</SimpleData>
            <SimpleData name="Sexo">Mujer</SimpleData>
            <SimpleData name="Cambio_de_">NO</SimpleData>
            <SimpleData name="Titular_se">NO</SimpleData>
            <SimpleData name="SituaciÛn">NO</SimpleData>
            <SimpleData name="Comunidad">Ind?gena</SimpleData>
            <SimpleData name="Modelo_imp">Modelo 1</SimpleData>
            <SimpleData name="Departamen">CANINDEYU</SimpleData>
            <SimpleData name="Distrito">VILLA YGATIM?</SimpleData>
            <SimpleData name="Localidad">COM INDIG CHUPA POU</SimpleData>
            <SimpleData name="TelÈfono">0986553777</SimpleData>
            <SimpleData name="Vivienda_L">-24.20915270000</SimpleData>
            <SimpleData name="Vivienda_1">-55.67564600000</SimpleData>
            <SimpleData name="Superficie">0.80000000000</SimpleData>
            <SimpleData name="Situaci_1">Pol?gono</SimpleData>
            <SimpleData name="Plantado">Si</SimpleData>
            <SimpleData name="Parcela_La">-55.66640677000</SimpleData>
            <SimpleData name="Parcela_Lo">-24.19877670000</SimpleData>
            <SimpleData name="Grupo_Impl">G2</SimpleData>
            <SimpleData name="Grupo_de_P">H-P2-P10P10-XX-XX</SimpleData>
            <SimpleData name="Jornales">4.00000000000</SimpleData>
            <SimpleData name="Monto">446008.00000000000</SimpleData>
            <SimpleData name="ETAPA_FAO">Mantenimiento A?o 1.2</SimpleData>
            <SimpleData name="Estado_del">Activo</SimpleData>
            <SimpleData name="Adjudicado">SI</SimpleData>
            <SimpleData name="Empresa">Hyh Consultores SRL</SimpleData>
            <SimpleData name="Lote">H</SimpleData>
            <SimpleData name="Monitorear">No</SimpleData>
            <SimpleData name="Fecha_de_M">-</SimpleData>
            <SimpleData name="F__de_pren">-</SimpleData>
            <SimpleData name="Estado_FAO">Monitorear</SimpleData>
            <SimpleData name="Etapa_de_i">Mantenimiento A?o 1.2</SimpleData>
            <SimpleData name="Fecha_visi">2026/08/30</SimpleData>
            <SimpleData name="Cumple_sup">Si</SimpleData>
            <SimpleData name="Estado_mon">-</SimpleData>
            <SimpleData name="Situaci_12">-</SimpleData>
            <SimpleData name="Observaci">-</SimpleData>
            <SimpleData name="Dias_trans">0.45932870371</SimpleData>
            <SimpleData name="Prioridad">ALTA</SimpleData>
            <SimpleData name="OBJECTID_1">26</SimpleData>
          </SchemaData>
        </ExtendedData>
        <Point>
          <coordinates>
            -55.6664067685344,-24.1987767005669,0
          </coordinates>
        </Point>
      </Placemark>
      <Placemark id="Distrito_VILLA_YGATIM__.33">
        <ExtendedData>
          <SchemaData schemaUrl="#Distrito_VILLA_YGATIM__.schema">
            <SimpleData name="CÈdula">3534955.00000000000</SimpleData>
            <SimpleData name="cedula">3534955</SimpleData>
            <SimpleData name="Nombres_y_">JOAQUIN ACHIPURANGI</SimpleData>
            <SimpleData name="Sexo">Hombre</SimpleData>
            <SimpleData name="Cambio_de_">NO</SimpleData>
            <SimpleData name="Titular_se">NO</SimpleData>
            <SimpleData name="SituaciÛn">NO</SimpleData>
            <SimpleData name="Comunidad">Ind?gena</SimpleData>
            <SimpleData name="Modelo_imp">Modelo 4</SimpleData>
            <SimpleData name="Departamen">CANINDEYU</SimpleData>
            <SimpleData name="Distrito">VILLA YGATIM?</SimpleData>
            <SimpleData name="Localidad">COM INDIG CHUPA POU</SimpleData>
            <SimpleData name="TelÈfono">0984156203</SimpleData>
            <SimpleData name="Vivienda_L">-24.21286910000</SimpleData>
            <SimpleData name="Vivienda_1">-55.67015280000</SimpleData>
            <SimpleData name="Superficie">0.70000000000</SimpleData>
            <SimpleData name="Situaci_1">Pol?gono</SimpleData>
            <SimpleData name="Plantado">Si</SimpleData>
            <SimpleData name="Parcela_La">-55.70724073000</SimpleData>
            <SimpleData name="Parcela_Lo">-24.21920349000</SimpleData>
            <SimpleData name="Grupo_Impl">G2</SimpleData>
            <SimpleData name="Grupo_de_P">H-P2-P10P10-XX-XX</SimpleData>
            <SimpleData name="Jornales">4.00000000000</SimpleData>
            <SimpleData name="Monto">446008.00000000000</SimpleData>
            <SimpleData name="ETAPA_FAO">Mantenimiento A?o 1.2</SimpleData>
            <SimpleData name="Estado_del">Activo</SimpleData>
            <SimpleData name="Adjudicado">SI</SimpleData>
            <SimpleData name="Empresa">Hyh Consultores SRL</SimpleData>
            <SimpleData name="Lote">H</SimpleData>
            <SimpleData name="Monitorear">No</SimpleData>
            <SimpleData name="Fecha_de_M">-</SimpleData>
            <SimpleData name="F__de_pren">-</SimpleData>
            <SimpleData name="Estado_FAO">Monitorear</SimpleData>
            <SimpleData name="Etapa_de_i">Mantenimiento A?o 1.2</SimpleData>
            <SimpleData name="Fecha_visi">2026/07/08</SimpleData>
            <SimpleData name="Cumple_sup">Si</SimpleData>
            <SimpleData name="Estado_mon">-</SimpleData>
            <SimpleData name="Situaci_12">-</SimpleData>
            <SimpleData name="Observaci">-</SimpleData>
            <SimpleData name="Dias_trans">53.59968750000</SimpleData>
            <SimpleData name="Prioridad">ALTA</SimpleData>
            <SimpleData name="OBJECTID_1">43</SimpleData>
          </SchemaData>
        </ExtendedData>
        <Point>
          <coordinates>
            -55.7072407272551,-24.2192034882722,0
          </coordinates>
        </Point>
      </Placemark>
      <Placemark id="Distrito_VILLA_YGATIM__.34">
        <ExtendedData>
          <SchemaData schemaUrl="#Distrito_VILLA_YGATIM__.schema">
            <SimpleData name="CÈdula">4971407.00000000000</SimpleData>
            <SimpleData name="cedula">4971407</SimpleData>
            <SimpleData name="Nombres_y_">SERGIO LUIS FRANCO VELAZQUEZ</SimpleData>
            <SimpleData name="Sexo">Hombre</SimpleData>
            <SimpleData name="Cambio_de_">NO</SimpleData>
            <SimpleData name="Titular_se">NO</SimpleData>
            <SimpleData name="SituaciÛn">NO</SimpleData>
            <SimpleData name="Comunidad">Ind?gena</SimpleData>
            <SimpleData name="Modelo_imp">Modelo 4</SimpleData>
            <SimpleData name="Departamen">CANINDEYU</SimpleData>
            <SimpleData name="Distrito">VILLA YGATIM?</SimpleData>
            <SimpleData name="Localidad">COM INDIG CHUPA POU</SimpleData>
            <SimpleData name="TelÈfono">0986552981</SimpleData>
            <SimpleData name="Vivienda_L">-24.20870110000</SimpleData>
            <SimpleData name="Vivienda_1">-55.67754440000</SimpleData>
            <SimpleData name="Superficie">0.70000000000</SimpleData>
            <SimpleData name="Situaci_1">Pol?gono</SimpleData>
            <SimpleData name="Plantado">Si</SimpleData>
            <SimpleData name="Parcela_La">-55.70975611000</SimpleData>
            <SimpleData name="Parcela_Lo">-24.22372967000</SimpleData>
            <SimpleData name="Grupo_Impl">G2</SimpleData>
            <SimpleData name="Grupo_de_P">H-P2-P10P10-XX-XX</SimpleData>
            <SimpleData name="Jornales">4.00000000000</SimpleData>
            <SimpleData name="Monto">446008.00000000000</SimpleData>
            <SimpleData name="ETAPA_FAO">Mantenimiento A?o 1.2</SimpleData>
            <SimpleData name="Estado_del">Activo</SimpleData>
            <SimpleData name="Adjudicado">SI</SimpleData>
            <SimpleData name="Empresa">Hyh Consultores SRL</SimpleData>
            <SimpleData name="Lote">H</SimpleData>
            <SimpleData name="Monitorear">No</SimpleData>
            <SimpleData name="Fecha_de_M">-</SimpleData>
            <SimpleData name="F__de_pren">-</SimpleData>
            <SimpleData name="Estado_FAO">Monitorear</SimpleData>
            <SimpleData name="Etapa_de_i">Mantenimiento A?o 1.2</SimpleData>
            <SimpleData name="Fecha_visi">2026/08/19</SimpleData>
            <SimpleData name="Cumple_sup">Si</SimpleData>
            <SimpleData name="Estado_mon">-</SimpleData>
            <SimpleData name="Situaci_12">-</SimpleData>
            <SimpleData name="Observaci">-</SimpleData>
            <SimpleData name="Dias_trans">11.29013888890</SimpleData>
            <SimpleData name="Prioridad">ALTA</SimpleData>
            <SimpleData name="OBJECTID_1">41</SimpleData>
          </SchemaData>
        </ExtendedData>
        <Point>
          <coordinates>
            -55.7097561097682,-24.2237296685356,0
          </coordinates>
        </Point>
      </Placemark>
      <Placemark id="Distrito_VILLA_YGATIM__.35">
        <ExtendedData>
          <SchemaData schemaUrl="#Distrito_VILLA_YGATIM__.schema">
            <SimpleData name="CÈdula">6349169.00000000000</SimpleData>
            <SimpleData name="cedula">6349169</SimpleData>
            <SimpleData name="Nombres_y_">ALEJANDRA KUCHINGI</SimpleData>
            <SimpleData name="Sexo">Mujer</SimpleData>
            <SimpleData name="Cambio_de_">NO</SimpleData>
            <SimpleData name="Titular_se">NO</SimpleData>
            <SimpleData name="SituaciÛn">NO</SimpleData>
            <SimpleData name="Comunidad">Ind?gena</SimpleData>
            <SimpleData name="Modelo_imp">Modelo 4</SimpleData>
            <SimpleData name="Departamen">CANINDEYU</SimpleData>
            <SimpleData name="Distrito">VILLA YGATIM?</SimpleData>
            <SimpleData name="Localidad">COM INDIG CHUPA POU</SimpleData>
            <SimpleData name="TelÈfono">0984086688</SimpleData>
            <SimpleData name="Vivienda_L">-24.21629650000</SimpleData>
            <SimpleData name="Vivienda_1">-55.66549640000</SimpleData>
            <SimpleData name="Superficie">0.70000000000</SimpleData>
            <SimpleData name="Situaci_1">Pol?gono</SimpleData>
            <SimpleData name="Plantado">Si</SimpleData>
            <SimpleData name="Parcela_La">-55.70775136000</SimpleData>
            <SimpleData name="Parcela_Lo">-24.22122239000</SimpleData>
            <SimpleData name="Grupo_Impl">G2</SimpleData>
            <SimpleData name="Grupo_de_P">H-P2-P10P10-XX-XX</SimpleData>
            <SimpleData name="Jornales">4.00000000000</SimpleData>
            <SimpleData name="Monto">446008.00000000000</SimpleData>
            <SimpleData name="ETAPA_FAO">Mantenimiento A?o 1.2</SimpleData>
            <SimpleData name="Estado_del">Activo</SimpleData>
            <SimpleData name="Adjudicado">SI</SimpleData>
            <SimpleData name="Empresa">Hyh Consultores SRL</SimpleData>
            <SimpleData name="Lote">H</SimpleData>
            <SimpleData name="Monitorear">No</SimpleData>
            <SimpleData name="Fecha_de_M">-</SimpleData>
            <SimpleData name="F__de_pren">-</SimpleData>
            <SimpleData name="Estado_FAO">Monitorear</SimpleData>
            <SimpleData name="Etapa_de_i">Mantenimiento A?o 1.2</SimpleData>
            <SimpleData name="Fecha_visi">2026/08/21</SimpleData>
            <SimpleData name="Cumple_sup">Si</SimpleData>
            <SimpleData name="Estado_mon">-</SimpleData>
            <SimpleData name="Situaci_12">-</SimpleData>
            <SimpleData name="Observaci">-</SimpleData>
            <SimpleData name="Dias_trans">9.23608796296</SimpleData>
            <SimpleData name="Prioridad">ALTA</SimpleData>
            <SimpleData name="OBJECTID_1">47</SimpleData>
          </SchemaData>
        </ExtendedData>
        <Point>
          <coordinates>
            -55.7077513562836,-24.2212223882587,0
          </coordinates>
        </Point>
      </Placemark>
      <Placemark id="Distrito_VILLA_YGATIM__.36">
        <ExtendedData>
          <SchemaData schemaUrl="#Distrito_VILLA_YGATIM__.schema">
            <SimpleData name="CÈdula">6773422.00000000000</SimpleData>
            <SimpleData name="cedula">6773422</SimpleData>
            <SimpleData name="Nombres_y_">ELOIDA DENIS VERA</SimpleData>
            <SimpleData name="Sexo">Mujer</SimpleData>
            <SimpleData name="Cambio_de_">NO</SimpleData>
            <SimpleData name="Titular_se">NO</SimpleData>
            <SimpleData name="Comunidad">Ind?gena</SimpleData>
            <SimpleData name="Modelo_imp">Modelo 1</SimpleData>
            <SimpleData name="Departamen">CANINDEYU</SimpleData>
            <SimpleData name="Distrito">VILLA YGATIM?</SimpleData>
            <SimpleData name="Localidad">COM INDIG MBOI JAGUA - CA ADITA</SimpleData>
            <SimpleData name="Vivienda_L">-24.11417500000</SimpleData>
            <SimpleData name="Vivienda_1">-55.56133170000</SimpleData>
            <SimpleData name="Superficie">0.80000000000</SimpleData>
            <SimpleData name="Situaci_1">Parametro</SimpleData>
            <SimpleData name="Plantado">Si</SimpleData>
            <SimpleData name="Parcela_La">-55.55392431000</SimpleData>
            <SimpleData name="Parcela_Lo">-24.11816109000</SimpleData>
            <SimpleData name="Grupo_Impl">G2</SimpleData>
            <SimpleData name="Grupo_de_P">H-P14-XX-XX-XX</SimpleData>
            <SimpleData name="Jornales">0.00000000000</SimpleData>
            <SimpleData name="Monto">0.00000000000</SimpleData>
            <SimpleData name="ETAPA_FAO">Mantenimiento A?o 1.1</SimpleData>
            <SimpleData name="Estado_del">Activo</SimpleData>
            <SimpleData name="Adjudicado">SI</SimpleData>
            <SimpleData name="Empresa">Hyh Consultores SRL</SimpleData>
            <SimpleData name="Lote">H</SimpleData>
            <SimpleData name="Monitorear">No</SimpleData>
            <SimpleData name="Fecha_de_M">-</SimpleData>
            <SimpleData name="F__de_pren">-</SimpleData>
            <SimpleData name="Estado_FAO">Monitorear</SimpleData>
            <SimpleData name="Etapa_de_i">Mantenimiento A?o 1.1</SimpleData>
            <SimpleData name="Fecha_visi">2026/08/27</SimpleData>
            <SimpleData name="Cumple_sup">Si</SimpleData>
            <SimpleData name="Estado_mon">-</SimpleData>
            <SimpleData name="Situaci_12">-</SimpleData>
            <SimpleData name="Observaci">-</SimpleData>
            <SimpleData name="Dias_trans">3.36550925926</SimpleData>
            <SimpleData name="Prioridad">ALTA</SimpleData>
            <SimpleData name="OBJECTID_1">321</SimpleData>
          </SchemaData>
        </ExtendedData>
        <Point>
          <coordinates>
            -55.5539243105994,-24.1181610926086,0
          </coordinates>
        </Point>
      </Placemark>
      <Placemark id="Distrito_VILLA_YGATIM__.37">
        <ExtendedData>
          <SchemaData schemaUrl="#Distrito_VILLA_YGATIM__.schema">
            <SimpleData name="CÈdula">3892441.00000000000</SimpleData>
            <SimpleData name="cedula">3892441</SimpleData>
            <SimpleData name="Nombres_y_">CRISTINA VERA</SimpleData>
            <SimpleData name="Sexo">Mujer</SimpleData>
            <SimpleData name="Cambio_de_">NO</SimpleData>
            <SimpleData name="Titular_se">NO</SimpleData>
            <SimpleData name="SituaciÛn">NO</SimpleData>
            <SimpleData name="Comunidad">Ind?gena</SimpleData>
            <SimpleData name="Modelo_imp">Modelo 2</SimpleData>
            <SimpleData name="Departamen">CANINDEYU</SimpleData>
            <SimpleData name="Distrito">VILLA YGATIM?</SimpleData>
            <SimpleData name="Localidad">COM INDIG ITANARAMI CENTRO</SimpleData>
            <SimpleData name="TelÈfono">No tiene</SimpleData>
            <SimpleData name="Vivienda_L">-24.10728200000</SimpleData>
            <SimpleData name="Vivienda_1">-55.69283820000</SimpleData>
            <SimpleData name="Superficie">0.80000000000</SimpleData>
            <SimpleData name="Situaci_1">Par?metro</SimpleData>
            <SimpleData name="Plantado">Si</SimpleData>
            <SimpleData name="Parcela_La">-55.69133190000</SimpleData>
            <SimpleData name="Parcela_Lo">-24.10251588000</SimpleData>
            <SimpleData name="Grupo_Impl">G2</SimpleData>
            <SimpleData name="Grupo_de_P">H-P14-XX-XX-XX</SimpleData>
            <SimpleData name="Jornales">0.00000000000</SimpleData>
            <SimpleData name="Monto">0.00000000000</SimpleData>
            <SimpleData name="ETAPA_FAO">Mantenimiento A?o 1.1</SimpleData>
            <SimpleData name="Estado_del">Activo</SimpleData>
            <SimpleData name="Adjudicado">SI</SimpleData>
            <SimpleData name="Empresa">Hyh Consultores SRL</SimpleData>
            <SimpleData name="Lote">H</SimpleData>
            <SimpleData name="Monitorear">No</SimpleData>
            <SimpleData name="Fecha_de_M">-</SimpleData>
            <SimpleData name="F__de_pren">-</SimpleData>
            <SimpleData name="Estado_FAO">Verificar posible desercion</SimpleData>
            <SimpleData name="Etapa_de_i">Mantenimiento A?o 1.1</SimpleData>
            <SimpleData name="Fecha_visi">2026/08/26</SimpleData>
            <SimpleData name="Cumple_sup">-</SimpleData>
            <SimpleData name="Estado_mon">-</SimpleData>
            <SimpleData name="Situaci_12">-</SimpleData>
            <SimpleData name="Observaci">No hay inter?s</SimpleData>
            <SimpleData name="Dias_trans">4.56192671297</SimpleData>
            <SimpleData name="Prioridad">ALTA</SimpleData>
            <SimpleData name="OBJECTID_1">39</SimpleData>
          </SchemaData>
        </ExtendedData>
        <Point>
          <coordinates>
            -55.6910908123853,-24.1024304510434,0
          </coordinates>
        </Point>
      </Placemark>
      <Placemark id="Distrito_VILLA_YGATIM__.38">
        <ExtendedData>
          <SchemaData schemaUrl="#Distrito_VILLA_YGATIM__.schema">
            <SimpleData name="CÈdula">6349365.00000000000</SimpleData>
            <SimpleData name="cedula">6349365</SimpleData>
            <SimpleData name="Nombres_y_"><![CDATA[RAFAELA KRY'YPURANGI]]></SimpleData>
            <SimpleData name="Sexo">Mujer</SimpleData>
            <SimpleData name="Cambio_de_">NO</SimpleData>
            <SimpleData name="Titular_se">NO</SimpleData>
            <SimpleData name="SituaciÛn">NO</SimpleData>
            <SimpleData name="Comunidad">Ind?gena</SimpleData>
            <SimpleData name="Modelo_imp">Modelo 4</SimpleData>
            <SimpleData name="Departamen">CANINDEYU</SimpleData>
            <SimpleData name="Distrito">VILLA YGATIM?</SimpleData>
            <SimpleData name="Localidad">COM INDIG CHUPA POU</SimpleData>
            <SimpleData name="TelÈfono">0985942900</SimpleData>
            <SimpleData name="Vivienda_L">-24.21042980000</SimpleData>
            <SimpleData name="Vivienda_1">-55.67354820000</SimpleData>
            <SimpleData name="Superficie">0.70000000000</SimpleData>
            <SimpleData name="Situaci_1">Pol?gono</SimpleData>
            <SimpleData name="Plantado">Si</SimpleData>
            <SimpleData name="Parcela_La">-55.71217638000</SimpleData>
            <SimpleData name="Parcela_Lo">-24.22072224000</SimpleData>
            <SimpleData name="Grupo_Impl">G2</SimpleData>
            <SimpleData name="Grupo_de_P">H-P2-P10P10-XX-XX</SimpleData>
            <SimpleData name="Jornales">4.00000000000</SimpleData>
            <SimpleData name="Monto">446008.00000000000</SimpleData>
            <SimpleData name="ETAPA_FAO">Mantenimiento A?o 1.2</SimpleData>
            <SimpleData name="Estado_del">Activo</SimpleData>
            <SimpleData name="Adjudicado">SI</SimpleData>
            <SimpleData name="Empresa">Hyh Consultores SRL</SimpleData>
            <SimpleData name="Lote">H</SimpleData>
            <SimpleData name="Monitorear">No</SimpleData>
            <SimpleData name="Fecha_de_M">-</SimpleData>
            <SimpleData name="F__de_pren">-</SimpleData>
            <SimpleData name="Estado_FAO">Monitorear</SimpleData>
            <SimpleData name="Etapa_de_i">Mantenimiento A?o 1.2</SimpleData>
            <SimpleData name="Fecha_visi">2026/08/19</SimpleData>
            <SimpleData name="Cumple_sup">Si</SimpleData>
            <SimpleData name="Estado_mon">-</SimpleData>
            <SimpleData name="Situaci_12">-</SimpleData>
            <SimpleData name="Observaci">-</SimpleData>
            <SimpleData name="Dias_trans">11.39688657410</SimpleData>
            <SimpleData name="Prioridad">ALTA</SimpleData>
            <SimpleData name="OBJECTID_1">44</SimpleData>
          </SchemaData>
        </ExtendedData>
        <Point>
          <coordinates>
            -55.7121763766683,-24.2207222406005,0
          </coordinates>
        </Point>
      </Placemark>
      <Placemark id="Distrito_VILLA_YGATIM__.39">
        <ExtendedData>
          <SchemaData schemaUrl="#Distrito_VILLA_YGATIM__.schema">
            <SimpleData name="CÈdula">7758241.00000000000</SimpleData>
            <SimpleData name="cedula">7758241</SimpleData>
            <SimpleData name="Nombres_y_">CERAFINA  TATUGI</SimpleData>
            <SimpleData name="Sexo">Mujer</SimpleData>
            <SimpleData name="Cambio_de_">NO</SimpleData>
            <SimpleData name="Titular_se">NO</SimpleData>
            <SimpleData name="SituaciÛn">NO</SimpleData>
            <SimpleData name="Comunidad">Ind?gena</SimpleData>
            <SimpleData name="Modelo_imp">Modelo 4</SimpleData>
            <SimpleData name="Departamen">CANINDEYU</SimpleData>
            <SimpleData name="Distrito">VILLA YGATIM?</SimpleData>
            <SimpleData name="Localidad">COM INDIG CHUPA POU</SimpleData>
            <SimpleData name="TelÈfono">1234567890</SimpleData>
            <SimpleData name="Vivienda_L">-24.20869830000</SimpleData>
            <SimpleData name="Vivienda_1">-55.67762330000</SimpleData>
            <SimpleData name="Superficie">0.70000000000</SimpleData>
            <SimpleData name="Situaci_1">Pol?gono</SimpleData>
            <SimpleData name="Plantado">Si</SimpleData>
            <SimpleData name="Parcela_La">-55.70903585000</SimpleData>
            <SimpleData name="Parcela_Lo">-24.21935191000</SimpleData>
            <SimpleData name="Grupo_Impl">G2</SimpleData>
            <SimpleData name="Grupo_de_P">H-P3-P10P10-XX-XX</SimpleData>
            <SimpleData name="Jornales">4.00000000000</SimpleData>
            <SimpleData name="Monto">446008.00000000000</SimpleData>
            <SimpleData name="ETAPA_FAO">Mantenimiento A?o 1.2</SimpleData>
            <SimpleData name="Estado_del">Activo</SimpleData>
            <SimpleData name="Adjudicado">Si</SimpleData>
            <SimpleData name="Empresa">Hyh Consultores SRL</SimpleData>
            <SimpleData name="Lote">H</SimpleData>
            <SimpleData name="Monitorear">No</SimpleData>
            <SimpleData name="Fecha_de_M">-</SimpleData>
            <SimpleData name="F__de_pren">-</SimpleData>
            <SimpleData name="Estado_FAO">Monitorear</SimpleData>
            <SimpleData name="Etapa_de_i">Mantenimiento A?o 1.2</SimpleData>
            <SimpleData name="Fecha_visi">2026/07/08</SimpleData>
            <SimpleData name="Cumple_sup">Si</SimpleData>
            <SimpleData name="Estado_mon">-</SimpleData>
            <SimpleData name="Situaci_12">-</SimpleData>
            <SimpleData name="Observaci">-</SimpleData>
            <SimpleData name="Dias_trans">53.59479166670</SimpleData>
            <SimpleData name="Prioridad">ALTA</SimpleData>
            <SimpleData name="OBJECTID_1">293</SimpleData>
          </SchemaData>
        </ExtendedData>
        <Point>
          <coordinates>
            -55.7090358470288,-24.2193519081127,0
          </coordinates>
        </Point>
      </Placemark>
    </Document>
  </Document>
</kml>
