<?xml version="1.0" encoding="UTF-8"?>
<kml xmlns="http://www.opengis.net/kml/2.2">
  <Document id="root_doc">
    <Schema id="Distrito_YPEJH__.schema">
      <SimpleField name="Cédula" type="double"/>
      <SimpleField name="cedula" type="string"/>
      <SimpleField name="Nombres_y_" type="string"/>
      <SimpleField name="Sexo" type="string"/>
      <SimpleField name="Cambio_de_" type="string"/>
      <SimpleField name="Titular_se" type="string"/>
      <SimpleField name="Cédula_Ti" type="string"/>
      <SimpleField name="Situación" type="string"/>
      <SimpleField name="Comunidad" type="string"/>
      <SimpleField name="Modelo_sel" type="string"/>
      <SimpleField name="Modelo_imp" type="string"/>
      <SimpleField name="Departamen" type="string"/>
      <SimpleField name="Distrito" type="string"/>
      <SimpleField name="Localidad" type="string"/>
      <SimpleField name="Teléfono" type="string"/>
      <SimpleField name="Vivienda_L" type="double"/>
      <SimpleField name="Vivienda_1" type="double"/>
      <SimpleField name="Superficie" type="double"/>
      <SimpleField name="Situaci_1" type="string"/>
      <SimpleField name="Plantado" type="string"/>
      <SimpleField name="Parcela_La" type="double"/>
      <SimpleField name="Parcela_Lo" type="double"/>
      <SimpleField name="Grupo_Impl" type="string"/>
      <SimpleField name="Grupo_de_P" type="string"/>
      <SimpleField name="Jornales" type="double"/>
      <SimpleField name="Monto" type="double"/>
      <SimpleField name="ETAPA_FAO" type="string"/>
      <SimpleField name="Estado_del" type="string"/>
      <SimpleField name="Adjudicado" type="string"/>
      <SimpleField name="Empresa" type="string"/>
      <SimpleField name="Lote" type="string"/>
      <SimpleField name="Monitorear" type="string"/>
      <SimpleField name="Fecha_de_M" type="string"/>
      <SimpleField name="F__de_pren" type="string"/>
      <SimpleField name="Estado_FAO" type="string"/>
      <SimpleField name="Etapa_de_i" type="string"/>
      <SimpleField name="Fecha_visi" type="string"/>
      <SimpleField name="Cumple_sup" type="string"/>
      <SimpleField name="Estado_mon" type="string"/>
      <SimpleField name="Situaci_12" type="string"/>
      <SimpleField name="Observaci" type="string"/>
      <SimpleField name="Dias_trans" type="double"/>
      <SimpleField name="Prioridad" type="string"/>
      <SimpleField name="OBJECTID_1" type="int"/>
    </Schema>
    <Document id="Distrito_YPEJH__">
      <name>Distrito_YPEJHÃš</name>
      <Placemark id="Distrito_YPEJH__.1">
        <ExtendedData>
          <SchemaData schemaUrl="#Distrito_YPEJH__.schema">
            <SimpleData name="Cédula">6092541.00000000000</SimpleData>
            <SimpleData name="cedula">6092541</SimpleData>
            <SimpleData name="Nombres_y_">LIDIA ANGELICA AG?ERO MOLAS</SimpleData>
            <SimpleData name="Sexo">Mujer</SimpleData>
            <SimpleData name="Cambio_de_">NO</SimpleData>
            <SimpleData name="Titular_se">NO</SimpleData>
            <SimpleData name="Situación">NO</SimpleData>
            <SimpleData name="Comunidad">Campesina</SimpleData>
            <SimpleData name="Modelo_imp">Modelo 4</SimpleData>
            <SimpleData name="Departamen">CANINDEYU</SimpleData>
            <SimpleData name="Distrito">YPEJH?</SimpleData>
            <SimpleData name="Localidad">ASENT. CRESCENCIO GONZALEZ</SimpleData>
            <SimpleData name="Teléfono">0984340023</SimpleData>
            <SimpleData name="Vivienda_L">-23.82928000000</SimpleData>
            <SimpleData name="Vivienda_1">-55.89911670000</SimpleData>
            <SimpleData name="Superficie">0.70000000000</SimpleData>
            <SimpleData name="Situaci_1">Pol?gono</SimpleData>
            <SimpleData name="Plantado">Si</SimpleData>
            <SimpleData name="Parcela_La">-55.89933560000</SimpleData>
            <SimpleData name="Parcela_Lo">-23.82387024000</SimpleData>
            <SimpleData name="Grupo_Impl">G2</SimpleData>
            <SimpleData name="Grupo_de_P">H-P6-XX-XX-XX</SimpleData>
            <SimpleData name="Jornales">0.00000000000</SimpleData>
            <SimpleData name="Monto">0.00000000000</SimpleData>
            <SimpleData name="ETAPA_FAO">Mantenimiento A?o 1.1</SimpleData>
            <SimpleData name="Estado_del">Activo</SimpleData>
            <SimpleData name="Adjudicado">SI</SimpleData>
            <SimpleData name="Empresa">Hyh Consultores SRL</SimpleData>
            <SimpleData name="Lote">H</SimpleData>
            <SimpleData name="Monitorear">Si</SimpleData>
            <SimpleData name="Fecha_de_M">-</SimpleData>
            <SimpleData name="F__de_pren">-</SimpleData>
            <SimpleData name="Estado_FAO">Monitorear</SimpleData>
            <SimpleData name="Etapa_de_i">Mantenimiento A?o 1.1</SimpleData>
            <SimpleData name="Fecha_visi">2026/08/12</SimpleData>
            <SimpleData name="Cumple_sup">Si</SimpleData>
            <SimpleData name="Estado_mon">-</SimpleData>
            <SimpleData name="Situaci_12">-</SimpleData>
            <SimpleData name="Observaci">-</SimpleData>
            <SimpleData name="Dias_trans">18.43906250000</SimpleData>
            <SimpleData name="Prioridad">ALTA</SimpleData>
            <SimpleData name="OBJECTID_1">51</SimpleData>
          </SchemaData>
        </ExtendedData>
        <Point>
          <coordinates>
            -55.8993356001393,-23.8238702389327,0
          </coordinates>
        </Point>
      </Placemark>
      <Placemark id="Distrito_YPEJH__.2">
        <ExtendedData>
          <SchemaData schemaUrl="#Distrito_YPEJH__.schema">
            <SimpleData name="Cédula">5426599.00000000000</SimpleData>
            <SimpleData name="cedula">5426599</SimpleData>
            <SimpleData name="Nombres_y_">VALERIANA BENITEZ GONZALEZ</SimpleData>
            <SimpleData name="Sexo">Mujer</SimpleData>
            <SimpleData name="Cambio_de_">NO</SimpleData>
            <SimpleData name="Titular_se">NO</SimpleData>
            <SimpleData name="Situación">NO</SimpleData>
            <SimpleData name="Comunidad">Ind?gena</SimpleData>
            <SimpleData name="Modelo_imp">Modelo 1</SimpleData>
            <SimpleData name="Departamen">CANINDEYU</SimpleData>
            <SimpleData name="Distrito">YPEJH?</SimpleData>
            <SimpleData name="Localidad">COM INDIG PYPUCU</SimpleData>
            <SimpleData name="Teléfono">0983836438</SimpleData>
            <SimpleData name="Vivienda_L">-23.90103430000</SimpleData>
            <SimpleData name="Vivienda_1">-55.66772110000</SimpleData>
            <SimpleData name="Superficie">0.80000000000</SimpleData>
            <SimpleData name="Situaci_1">Par?metro</SimpleData>
            <SimpleData name="Plantado">Si</SimpleData>
            <SimpleData name="Parcela_La">-55.67023112000</SimpleData>
            <SimpleData name="Parcela_Lo">-23.90127107000</SimpleData>
            <SimpleData name="Grupo_Impl">G2</SimpleData>
            <SimpleData name="Grupo_de_P">H-P8-XX-XX-XX</SimpleData>
            <SimpleData name="Jornales">0.00000000000</SimpleData>
            <SimpleData name="Monto">0.00000000000</SimpleData>
            <SimpleData name="ETAPA_FAO">Mantenimiento A?o 1.1</SimpleData>
            <SimpleData name="Estado_del">Activo</SimpleData>
            <SimpleData name="Adjudicado">SI</SimpleData>
            <SimpleData name="Empresa">Hyh Consultores SRL</SimpleData>
            <SimpleData name="Lote">H</SimpleData>
            <SimpleData name="Monitorear">Si</SimpleData>
            <SimpleData name="Fecha_de_M">-</SimpleData>
            <SimpleData name="F__de_pren">-</SimpleData>
            <SimpleData name="Estado_FAO">Monitorear</SimpleData>
            <SimpleData name="Etapa_de_i">Mantenimiento A?o 1.1</SimpleData>
            <SimpleData name="Fecha_visi">2026/08/24</SimpleData>
            <SimpleData name="Cumple_sup">Si</SimpleData>
            <SimpleData name="Estado_mon">-</SimpleData>
            <SimpleData name="Situaci_12">-</SimpleData>
            <SimpleData name="Observaci">-</SimpleData>
            <SimpleData name="Dias_trans">6.42888888889</SimpleData>
            <SimpleData name="Prioridad">ALTA</SimpleData>
            <SimpleData name="OBJECTID_1">95</SimpleData>
          </SchemaData>
        </ExtendedData>
        <Point>
          <coordinates>
            -55.6702311181642,-23.9012710729033,0
          </coordinates>
        </Point>
      </Placemark>
      <Placemark id="Distrito_YPEJH__.3">
        <ExtendedData>
          <SchemaData schemaUrl="#Distrito_YPEJH__.schema">
            <SimpleData name="Cédula">6628567.00000000000</SimpleData>
            <SimpleData name="cedula">6628567</SimpleData>
            <SimpleData name="Nombres_y_">VIVIANA GODOY BENITEZ</SimpleData>
            <SimpleData name="Sexo">Mujer</SimpleData>
            <SimpleData name="Cambio_de_">NO</SimpleData>
            <SimpleData name="Titular_se">NO</SimpleData>
            <SimpleData name="Situación">NO</SimpleData>
            <SimpleData name="Comunidad">Campesina</SimpleData>
            <SimpleData name="Modelo_imp">Modelo 2</SimpleData>
            <SimpleData name="Departamen">CANINDEYU</SimpleData>
            <SimpleData name="Distrito">YPEJH?</SimpleData>
            <SimpleData name="Localidad">ASENT. CRESCENCIO GONZALEZ</SimpleData>
            <SimpleData name="Teléfono">0984639650</SimpleData>
            <SimpleData name="Vivienda_L">-23.86559400000</SimpleData>
            <SimpleData name="Vivienda_1">-55.92682610000</SimpleData>
            <SimpleData name="Superficie">0.80000000000</SimpleData>
            <SimpleData name="Situaci_1">Par?metro</SimpleData>
            <SimpleData name="Plantado">Si</SimpleData>
            <SimpleData name="Parcela_La">-55.92763172000</SimpleData>
            <SimpleData name="Parcela_Lo">-23.86424678000</SimpleData>
            <SimpleData name="Grupo_Impl">G2</SimpleData>
            <SimpleData name="Grupo_de_P">H-P12-XX-XX-XX</SimpleData>
            <SimpleData name="Jornales">0.00000000000</SimpleData>
            <SimpleData name="Monto">0.00000000000</SimpleData>
            <SimpleData name="ETAPA_FAO">Mantenimiento A?o 1.1</SimpleData>
            <SimpleData name="Estado_del">Activo</SimpleData>
            <SimpleData name="Adjudicado">SI</SimpleData>
            <SimpleData name="Empresa">Hyh Consultores SRL</SimpleData>
            <SimpleData name="Lote">H</SimpleData>
            <SimpleData name="Monitorear">No</SimpleData>
            <SimpleData name="Fecha_de_M">-</SimpleData>
            <SimpleData name="F__de_pren">-</SimpleData>
            <SimpleData name="Estado_FAO">Monitorear</SimpleData>
            <SimpleData name="Etapa_de_i">Mantenimiento A?o 1.1</SimpleData>
            <SimpleData name="Fecha_visi">2026/08/13</SimpleData>
            <SimpleData name="Cumple_sup">Si</SimpleData>
            <SimpleData name="Estado_mon">-</SimpleData>
            <SimpleData name="Situaci_12">-</SimpleData>
            <SimpleData name="Observaci">-</SimpleData>
            <SimpleData name="Dias_trans">17.30581018520</SimpleData>
            <SimpleData name="Prioridad">ALTA</SimpleData>
            <SimpleData name="OBJECTID_1">54</SimpleData>
          </SchemaData>
        </ExtendedData>
        <Point>
          <coordinates>
            -55.9276317237654,-23.8642467776024,0
          </coordinates>
        </Point>
      </Placemark>
      <Placemark id="Distrito_YPEJH__.4">
        <ExtendedData>
          <SchemaData schemaUrl="#Distrito_YPEJH__.schema">
            <SimpleData name="Cédula">6326900.00000000000</SimpleData>
            <SimpleData name="cedula">6326900</SimpleData>
            <SimpleData name="Nombres_y_">ROSA ISABEL MONTIEL</SimpleData>
            <SimpleData name="Sexo">Mujer</SimpleData>
            <SimpleData name="Cambio_de_">NO</SimpleData>
            <SimpleData name="Titular_se">NO</SimpleData>
            <SimpleData name="Situación">NO</SimpleData>
            <SimpleData name="Comunidad">Campesina</SimpleData>
            <SimpleData name="Modelo_imp">Modelo 1</SimpleData>
            <SimpleData name="Departamen">CANINDEYU</SimpleData>
            <SimpleData name="Distrito">YPEJH?</SimpleData>
            <SimpleData name="Localidad">ASENT. CRESCENCIO GONZALEZ</SimpleData>
            <SimpleData name="Teléfono">0982895607</SimpleData>
            <SimpleData name="Vivienda_L">-23.88126320000</SimpleData>
            <SimpleData name="Vivienda_1">-55.94580360000</SimpleData>
            <SimpleData name="Superficie">0.80000000000</SimpleData>
            <SimpleData name="Situaci_1">Par?metro</SimpleData>
            <SimpleData name="Plantado">Si</SimpleData>
            <SimpleData name="Parcela_La">-55.94074148000</SimpleData>
            <SimpleData name="Parcela_Lo">-23.87875372000</SimpleData>
            <SimpleData name="Grupo_Impl">G2</SimpleData>
            <SimpleData name="Grupo_de_P">H-P14-XX-XX-XX</SimpleData>
            <SimpleData name="Jornales">0.00000000000</SimpleData>
            <SimpleData name="Monto">0.00000000000</SimpleData>
            <SimpleData name="ETAPA_FAO">Mantenimiento A?o 1.1</SimpleData>
            <SimpleData name="Estado_del">Activo</SimpleData>
            <SimpleData name="Adjudicado">SI</SimpleData>
            <SimpleData name="Empresa">Hyh Consultores SRL</SimpleData>
            <SimpleData name="Lote">H</SimpleData>
            <SimpleData name="Monitorear">Si</SimpleData>
            <SimpleData name="Fecha_de_M">-</SimpleData>
            <SimpleData name="F__de_pren">-</SimpleData>
            <SimpleData name="Estado_FAO">Monitorear</SimpleData>
            <SimpleData name="Etapa_de_i">Mantenimiento A?o 1.1</SimpleData>
            <SimpleData name="Fecha_visi">2026/08/17</SimpleData>
            <SimpleData name="Cumple_sup">Si</SimpleData>
            <SimpleData name="Estado_mon">-</SimpleData>
            <SimpleData name="Situaci_12">-</SimpleData>
            <SimpleData name="Observaci">-</SimpleData>
            <SimpleData name="Dias_trans">13.45347222220</SimpleData>
            <SimpleData name="Prioridad">ALTA</SimpleData>
            <SimpleData name="OBJECTID_1">310</SimpleData>
          </SchemaData>
        </ExtendedData>
        <Point>
          <coordinates>
            -55.9407414759325,-23.8787537214166,0
          </coordinates>
        </Point>
      </Placemark>
      <Placemark id="Distrito_YPEJH__.5">
        <ExtendedData>
          <SchemaData schemaUrl="#Distrito_YPEJH__.schema">
            <SimpleData name="Cédula">5885679.00000000000</SimpleData>
            <SimpleData name="cedula">5885679</SimpleData>
            <SimpleData name="Nombres_y_">CARME LOPEZ RODRIGUEZ</SimpleData>
            <SimpleData name="Sexo">Mujer</SimpleData>
            <SimpleData name="Cambio_de_">NO</SimpleData>
            <SimpleData name="Titular_se">NO</SimpleData>
            <SimpleData name="Situación">NO</SimpleData>
            <SimpleData name="Comunidad">Ind?gena</SimpleData>
            <SimpleData name="Modelo_imp">Modelo 1</SimpleData>
            <SimpleData name="Departamen">CANINDEYU</SimpleData>
            <SimpleData name="Distrito">YPEJH?</SimpleData>
            <SimpleData name="Localidad">COM INDIG ITANARA-PARIRI</SimpleData>
            <SimpleData name="Teléfono">ND</SimpleData>
            <SimpleData name="Vivienda_L">-23.82911030000</SimpleData>
            <SimpleData name="Vivienda_1">-55.68624950000</SimpleData>
            <SimpleData name="Superficie">0.80000000000</SimpleData>
            <SimpleData name="Situaci_1">Par?metro</SimpleData>
            <SimpleData name="Plantado">Si</SimpleData>
            <SimpleData name="Parcela_La">-55.68621318000</SimpleData>
            <SimpleData name="Parcela_Lo">-23.82822509000</SimpleData>
            <SimpleData name="Grupo_Impl">G2</SimpleData>
            <SimpleData name="Grupo_de_P">H-P8-XX-XX-XX</SimpleData>
            <SimpleData name="Jornales">0.00000000000</SimpleData>
            <SimpleData name="Monto">0.00000000000</SimpleData>
            <SimpleData name="ETAPA_FAO">Mantenimiento A?o 1.1</SimpleData>
            <SimpleData name="Estado_del">Activo</SimpleData>
            <SimpleData name="Adjudicado">SI</SimpleData>
            <SimpleData name="Empresa">Hyh Consultores SRL</SimpleData>
            <SimpleData name="Lote">H</SimpleData>
            <SimpleData name="Monitorear">No</SimpleData>
            <SimpleData name="Fecha_de_M">-</SimpleData>
            <SimpleData name="F__de_pren">-</SimpleData>
            <SimpleData name="Estado_FAO">Monitorear</SimpleData>
            <SimpleData name="Etapa_de_i">Mantenimiento A?o 1.1</SimpleData>
            <SimpleData name="Fecha_visi">2026/08/26</SimpleData>
            <SimpleData name="Cumple_sup">Si</SimpleData>
            <SimpleData name="Estado_mon">-</SimpleData>
            <SimpleData name="Situaci_12">-</SimpleData>
            <SimpleData name="Observaci">-</SimpleData>
            <SimpleData name="Dias_trans">4.05328703704</SimpleData>
            <SimpleData name="Prioridad">ALTA</SimpleData>
            <SimpleData name="OBJECTID_1">70</SimpleData>
          </SchemaData>
        </ExtendedData>
        <Point>
          <coordinates>
            -55.6862131794201,-23.8282250889172,0
          </coordinates>
        </Point>
      </Placemark>
      <Placemark id="Distrito_YPEJH__.6">
        <ExtendedData>
          <SchemaData schemaUrl="#Distrito_YPEJH__.schema">
            <SimpleData name="Cédula">5454006.00000000000</SimpleData>
            <SimpleData name="cedula">5454006</SimpleData>
            <SimpleData name="Nombres_y_">CLAUDIA VERGARA AQUINO</SimpleData>
            <SimpleData name="Sexo">Mujer</SimpleData>
            <SimpleData name="Cambio_de_">NO</SimpleData>
            <SimpleData name="Titular_se">NO</SimpleData>
            <SimpleData name="Situación">NO</SimpleData>
            <SimpleData name="Comunidad">Ind?gena</SimpleData>
            <SimpleData name="Modelo_imp">Modelo 1</SimpleData>
            <SimpleData name="Departamen">CANINDEYU</SimpleData>
            <SimpleData name="Distrito">YPEJH?</SimpleData>
            <SimpleData name="Localidad">COM INDIG PYPUCU</SimpleData>
            <SimpleData name="Teléfono">0983405406</SimpleData>
            <SimpleData name="Vivienda_L">-23.92174170000</SimpleData>
            <SimpleData name="Vivienda_1">-55.63973670000</SimpleData>
            <SimpleData name="Superficie">0.80000000000</SimpleData>
            <SimpleData name="Situaci_1">Par?metro</SimpleData>
            <SimpleData name="Plantado">Si</SimpleData>
            <SimpleData name="Parcela_La">-55.64044323000</SimpleData>
            <SimpleData name="Parcela_Lo">-23.92158658000</SimpleData>
            <SimpleData name="Grupo_Impl">G2</SimpleData>
            <SimpleData name="Grupo_de_P">H-P8-XX-XX-XX</SimpleData>
            <SimpleData name="Jornales">0.00000000000</SimpleData>
            <SimpleData name="Monto">0.00000000000</SimpleData>
            <SimpleData name="ETAPA_FAO">Mantenimiento A?o 1.1</SimpleData>
            <SimpleData name="Estado_del">Activo</SimpleData>
            <SimpleData name="Adjudicado">SI</SimpleData>
            <SimpleData name="Empresa">Hyh Consultores SRL</SimpleData>
            <SimpleData name="Lote">H</SimpleData>
            <SimpleData name="Monitorear">Si</SimpleData>
            <SimpleData name="Fecha_de_M">-</SimpleData>
            <SimpleData name="F__de_pren">-</SimpleData>
            <SimpleData name="Estado_FAO">Monitorear</SimpleData>
            <SimpleData name="Etapa_de_i">Mantenimiento A?o 1.1</SimpleData>
            <SimpleData name="Fecha_visi">2026/08/28</SimpleData>
            <SimpleData name="Cumple_sup">Si</SimpleData>
            <SimpleData name="Estado_mon">-</SimpleData>
            <SimpleData name="Situaci_12">-</SimpleData>
            <SimpleData name="Observaci">-</SimpleData>
            <SimpleData name="Dias_trans">2.15615740741</SimpleData>
            <SimpleData name="Prioridad">ALTA</SimpleData>
            <SimpleData name="OBJECTID_1">223</SimpleData>
          </SchemaData>
        </ExtendedData>
        <Point>
          <coordinates>
            -55.6404432273232,-23.9215865809143,0
          </coordinates>
        </Point>
      </Placemark>
      <Placemark id="Distrito_YPEJH__.7">
        <ExtendedData>
          <SchemaData schemaUrl="#Distrito_YPEJH__.schema">
            <SimpleData name="Cédula">8261160.00000000000</SimpleData>
            <SimpleData name="cedula">8261160</SimpleData>
            <SimpleData name="Nombres_y_">CESAR SALINAS MONTANIA</SimpleData>
            <SimpleData name="Sexo">Hombre</SimpleData>
            <SimpleData name="Cambio_de_">NO</SimpleData>
            <SimpleData name="Titular_se">NO</SimpleData>
            <SimpleData name="Situación">NO</SimpleData>
            <SimpleData name="Comunidad">Ind?gena</SimpleData>
            <SimpleData name="Modelo_imp">Modelo 1</SimpleData>
            <SimpleData name="Departamen">CANINDEYU</SimpleData>
            <SimpleData name="Distrito">YPEJH?</SimpleData>
            <SimpleData name="Localidad">COM INDIG YVY PAVE CA?ADA</SimpleData>
            <SimpleData name="Teléfono">0982917209</SimpleData>
            <SimpleData name="Vivienda_L">-23.95957330000</SimpleData>
            <SimpleData name="Vivienda_1">-55.90757500000</SimpleData>
            <SimpleData name="Superficie">0.80000000000</SimpleData>
            <SimpleData name="Situaci_1">Par?metro</SimpleData>
            <SimpleData name="Plantado">Si</SimpleData>
            <SimpleData name="Parcela_La">-55.91133096000</SimpleData>
            <SimpleData name="Parcela_Lo">-23.95960745000</SimpleData>
            <SimpleData name="Grupo_Impl">G2</SimpleData>
            <SimpleData name="Grupo_de_P">H-P9-XX-XX-XX</SimpleData>
            <SimpleData name="Jornales">0.00000000000</SimpleData>
            <SimpleData name="Monto">0.00000000000</SimpleData>
            <SimpleData name="ETAPA_FAO">Mantenimiento A?o 1.1</SimpleData>
            <SimpleData name="Estado_del">Activo</SimpleData>
            <SimpleData name="Adjudicado">SI</SimpleData>
            <SimpleData name="Empresa">Hyh Consultores SRL</SimpleData>
            <SimpleData name="Lote">H</SimpleData>
            <SimpleData name="Monitorear">No</SimpleData>
            <SimpleData name="Fecha_de_M">-</SimpleData>
            <SimpleData name="F__de_pren">-</SimpleData>
            <SimpleData name="Estado_FAO">Monitorear</SimpleData>
            <SimpleData name="Etapa_de_i">Mantenimiento A?o 1.1</SimpleData>
            <SimpleData name="Fecha_visi">2026/08/13</SimpleData>
            <SimpleData name="Cumple_sup">Si</SimpleData>
            <SimpleData name="Estado_mon">-</SimpleData>
            <SimpleData name="Situaci_12">-</SimpleData>
            <SimpleData name="Observaci">-</SimpleData>
            <SimpleData name="Dias_trans">17.35341435190</SimpleData>
            <SimpleData name="Prioridad">ALTA</SimpleData>
            <SimpleData name="OBJECTID_1">52</SimpleData>
          </SchemaData>
        </ExtendedData>
        <Point>
          <coordinates>
            -55.9113309598401,-23.9596074527004,0
          </coordinates>
        </Point>
      </Placemark>
      <Placemark id="Distrito_YPEJH__.8">
        <ExtendedData>
          <SchemaData schemaUrl="#Distrito_YPEJH__.schema">
            <SimpleData name="Cédula">5885683.00000000000</SimpleData>
            <SimpleData name="cedula">5885683</SimpleData>
            <SimpleData name="Nombres_y_">MARCIA LOPEZ BENITEZ</SimpleData>
            <SimpleData name="Sexo">Mujer</SimpleData>
            <SimpleData name="Cambio_de_">NO</SimpleData>
            <SimpleData name="Titular_se">NO</SimpleData>
            <SimpleData name="Situación">NO</SimpleData>
            <SimpleData name="Comunidad">Ind?gena</SimpleData>
            <SimpleData name="Modelo_imp">Modelo 1</SimpleData>
            <SimpleData name="Departamen">CANINDEYU</SimpleData>
            <SimpleData name="Distrito">YPEJH?</SimpleData>
            <SimpleData name="Localidad">COM INDIG ITANARA-PARIRI</SimpleData>
            <SimpleData name="Teléfono">0986705917</SimpleData>
            <SimpleData name="Vivienda_L">-23.83713350000</SimpleData>
            <SimpleData name="Vivienda_1">-55.68363320000</SimpleData>
            <SimpleData name="Superficie">0.80000000000</SimpleData>
            <SimpleData name="Situaci_1">Par?metro</SimpleData>
            <SimpleData name="Plantado">Si</SimpleData>
            <SimpleData name="Parcela_La">-55.68476313000</SimpleData>
            <SimpleData name="Parcela_Lo">-23.84187687000</SimpleData>
            <SimpleData name="Grupo_Impl">G2</SimpleData>
            <SimpleData name="Grupo_de_P">H-P9-XX-XX-XX</SimpleData>
            <SimpleData name="Jornales">0.00000000000</SimpleData>
            <SimpleData name="Monto">0.00000000000</SimpleData>
            <SimpleData name="ETAPA_FAO">Mantenimiento A?o 1.1</SimpleData>
            <SimpleData name="Estado_del">Activo</SimpleData>
            <SimpleData name="Adjudicado">SI</SimpleData>
            <SimpleData name="Empresa">Hyh Consultores SRL</SimpleData>
            <SimpleData name="Lote">H</SimpleData>
            <SimpleData name="Monitorear">Si</SimpleData>
            <SimpleData name="Fecha_de_M">-</SimpleData>
            <SimpleData name="F__de_pren">-</SimpleData>
            <SimpleData name="Estado_FAO">Monitorear</SimpleData>
            <SimpleData name="Etapa_de_i">Mantenimiento A?o 1.1</SimpleData>
            <SimpleData name="Fecha_visi">2026/08/18</SimpleData>
            <SimpleData name="Cumple_sup">Si</SimpleData>
            <SimpleData name="Estado_mon">-</SimpleData>
            <SimpleData name="Situaci_12">-</SimpleData>
            <SimpleData name="Observaci">-</SimpleData>
            <SimpleData name="Dias_trans">12.50369212960</SimpleData>
            <SimpleData name="Prioridad">ALTA</SimpleData>
            <SimpleData name="OBJECTID_1">57</SimpleData>
          </SchemaData>
        </ExtendedData>
        <Point>
          <coordinates>
            -55.6847631284326,-23.8418768717071,0
          </coordinates>
        </Point>
      </Placemark>
      <Placemark id="Distrito_YPEJH__.9">
        <ExtendedData>
          <SchemaData schemaUrl="#Distrito_YPEJH__.schema">
            <SimpleData name="Cédula">6740682.00000000000</SimpleData>
            <SimpleData name="cedula">6740682</SimpleData>
            <SimpleData name="Nombres_y_">NILSA ESPINOLA BENITEZ</SimpleData>
            <SimpleData name="Sexo">Mujer</SimpleData>
            <SimpleData name="Cambio_de_">NO</SimpleData>
            <SimpleData name="Titular_se">NO</SimpleData>
            <SimpleData name="Situación">NO</SimpleData>
            <SimpleData name="Comunidad">Ind?gena</SimpleData>
            <SimpleData name="Modelo_imp">Modelo 5</SimpleData>
            <SimpleData name="Departamen">CANINDEYU</SimpleData>
            <SimpleData name="Distrito">YPEJH?</SimpleData>
            <SimpleData name="Localidad"><![CDATA[COM INDIG KA'AGUYJU CANDADO]]></SimpleData>
            <SimpleData name="Teléfono">0984178293</SimpleData>
            <SimpleData name="Vivienda_L">-23.95471910000</SimpleData>
            <SimpleData name="Vivienda_1">-55.93265410000</SimpleData>
            <SimpleData name="Superficie">0.70000000000</SimpleData>
            <SimpleData name="Situaci_1">Par?metro</SimpleData>
            <SimpleData name="Plantado">Si</SimpleData>
            <SimpleData name="Parcela_La">-55.93294297000</SimpleData>
            <SimpleData name="Parcela_Lo">-23.95566056000</SimpleData>
            <SimpleData name="Grupo_Impl">G2</SimpleData>
            <SimpleData name="Grupo_de_P">H-P9-XX-XX-XX</SimpleData>
            <SimpleData name="Jornales">0.00000000000</SimpleData>
            <SimpleData name="Monto">0.00000000000</SimpleData>
            <SimpleData name="ETAPA_FAO">Mantenimiento A?o 1.1</SimpleData>
            <SimpleData name="Estado_del">Activo</SimpleData>
            <SimpleData name="Adjudicado">SI</SimpleData>
            <SimpleData name="Empresa">Hyh Consultores SRL</SimpleData>
            <SimpleData name="Lote">H</SimpleData>
            <SimpleData name="Monitorear">No</SimpleData>
            <SimpleData name="Fecha_de_M">-</SimpleData>
            <SimpleData name="F__de_pren">-</SimpleData>
            <SimpleData name="Estado_FAO">Monitorear</SimpleData>
            <SimpleData name="Etapa_de_i">Mantenimiento A?o 1.1</SimpleData>
            <SimpleData name="Fecha_visi">2026/08/27</SimpleData>
            <SimpleData name="Cumple_sup">Si</SimpleData>
            <SimpleData name="Estado_mon">-</SimpleData>
            <SimpleData name="Situaci_12">-</SimpleData>
            <SimpleData name="Observaci">-</SimpleData>
            <SimpleData name="Dias_trans">3.42842592593</SimpleData>
            <SimpleData name="Prioridad">ALTA</SimpleData>
            <SimpleData name="OBJECTID_1">90</SimpleData>
          </SchemaData>
        </ExtendedData>
        <MultiGeometry>
          <Point>
            <coordinates>
              -55.9329442953077,-23.9556616893095,0
            </coordinates>
          </Point>
          <Point>
            <coordinates>
              -55.9324822201559,-23.9552669535976,0
            </coordinates>
          </Point>
        </MultiGeometry>
      </Placemark>
      <Placemark id="Distrito_YPEJH__.10">
        <ExtendedData>
          <SchemaData schemaUrl="#Distrito_YPEJH__.schema">
            <SimpleData name="Cédula">6826752.00000000000</SimpleData>
            <SimpleData name="cedula">6826752</SimpleData>
            <SimpleData name="Nombres_y_">ELIANA RECALDE ISACIO</SimpleData>
            <SimpleData name="Sexo">Mujer</SimpleData>
            <SimpleData name="Cambio_de_">NO</SimpleData>
            <SimpleData name="Titular_se">NO</SimpleData>
            <SimpleData name="Situación">NO</SimpleData>
            <SimpleData name="Comunidad">Ind?gena</SimpleData>
            <SimpleData name="Modelo_imp">Modelo 5</SimpleData>
            <SimpleData name="Departamen">CANINDEYU</SimpleData>
            <SimpleData name="Distrito">YPEJH?</SimpleData>
            <SimpleData name="Localidad">COM INDIG ITANARA-PARIRI</SimpleData>
            <SimpleData name="Teléfono">ND</SimpleData>
            <SimpleData name="Vivienda_L">-23.87488730000</SimpleData>
            <SimpleData name="Vivienda_1">-55.70178990000</SimpleData>
            <SimpleData name="Superficie">0.70000000000</SimpleData>
            <SimpleData name="Situaci_1">Par?metro</SimpleData>
            <SimpleData name="Plantado">Si</SimpleData>
            <SimpleData name="Parcela_La">-55.70154261000</SimpleData>
            <SimpleData name="Parcela_Lo">-23.87448603000</SimpleData>
            <SimpleData name="Grupo_Impl">G2</SimpleData>
            <SimpleData name="Grupo_de_P">H-P9-XX-XX-XX</SimpleData>
            <SimpleData name="Jornales">0.00000000000</SimpleData>
            <SimpleData name="Monto">0.00000000000</SimpleData>
            <SimpleData name="ETAPA_FAO">Mantenimiento A?o 1.1</SimpleData>
            <SimpleData name="Estado_del">Activo</SimpleData>
            <SimpleData name="Adjudicado">SI</SimpleData>
            <SimpleData name="Empresa">Hyh Consultores SRL</SimpleData>
            <SimpleData name="Lote">H</SimpleData>
            <SimpleData name="Monitorear">Si</SimpleData>
            <SimpleData name="Fecha_de_M">-</SimpleData>
            <SimpleData name="F__de_pren">-</SimpleData>
            <SimpleData name="Estado_FAO">Monitorear</SimpleData>
            <SimpleData name="Etapa_de_i">Mantenimiento A?o 1.1</SimpleData>
            <SimpleData name="Fecha_visi">2026/08/25</SimpleData>
            <SimpleData name="Cumple_sup">Si</SimpleData>
            <SimpleData name="Estado_mon">-</SimpleData>
            <SimpleData name="Situaci_12">-</SimpleData>
            <SimpleData name="Observaci">-</SimpleData>
            <SimpleData name="Dias_trans">5.38261574074</SimpleData>
            <SimpleData name="Prioridad">ALTA</SimpleData>
            <SimpleData name="OBJECTID_1">81</SimpleData>
          </SchemaData>
        </ExtendedData>
        <MultiGeometry>
          <Point>
            <coordinates>
              -55.702090086455,-23.8744182274783,0
            </coordinates>
          </Point>
          <Point>
            <coordinates>
              -55.7012390684377,-23.8745236269647,0
            </coordinates>
          </Point>
        </MultiGeometry>
      </Placemark>
      <Placemark id="Distrito_YPEJH__.11">
        <ExtendedData>
          <SchemaData schemaUrl="#Distrito_YPEJH__.schema">
            <SimpleData name="Cédula">5372854.00000000000</SimpleData>
            <SimpleData name="cedula">5372854</SimpleData>
            <SimpleData name="Nombres_y_">MARILINA BENITEZ ROMERO</SimpleData>
            <SimpleData name="Sexo">Mujer</SimpleData>
            <SimpleData name="Cambio_de_">NO</SimpleData>
            <SimpleData name="Titular_se">NO</SimpleData>
            <SimpleData name="Situación">NO</SimpleData>
            <SimpleData name="Comunidad">Ind?gena</SimpleData>
            <SimpleData name="Modelo_imp">Modelo 5</SimpleData>
            <SimpleData name="Departamen">CANINDEYU</SimpleData>
            <SimpleData name="Distrito">YPEJH?</SimpleData>
            <SimpleData name="Localidad">COM INDIG YVY PAVE CA?ADA</SimpleData>
            <SimpleData name="Teléfono">0982917209</SimpleData>
            <SimpleData name="Vivienda_L">-23.95953830000</SimpleData>
            <SimpleData name="Vivienda_1">-55.90760680000</SimpleData>
            <SimpleData name="Superficie">0.70000000000</SimpleData>
            <SimpleData name="Situaci_1">Par?metro</SimpleData>
            <SimpleData name="Plantado">Si</SimpleData>
            <SimpleData name="Parcela_La">-55.91205861000</SimpleData>
            <SimpleData name="Parcela_Lo">-23.96031527000</SimpleData>
            <SimpleData name="Grupo_Impl">G2</SimpleData>
            <SimpleData name="Grupo_de_P">H-P9-XX-XX-XX</SimpleData>
            <SimpleData name="Jornales">0.00000000000</SimpleData>
            <SimpleData name="Monto">0.00000000000</SimpleData>
            <SimpleData name="ETAPA_FAO">Mantenimiento A?o 1.1</SimpleData>
            <SimpleData name="Estado_del">Activo</SimpleData>
            <SimpleData name="Adjudicado">SI</SimpleData>
            <SimpleData name="Empresa">Hyh Consultores SRL</SimpleData>
            <SimpleData name="Lote">H</SimpleData>
            <SimpleData name="Monitorear">No</SimpleData>
            <SimpleData name="Fecha_de_M">-</SimpleData>
            <SimpleData name="F__de_pren">-</SimpleData>
            <SimpleData name="Estado_FAO">Monitorear</SimpleData>
            <SimpleData name="Etapa_de_i">Mantenimiento A?o 1.1</SimpleData>
            <SimpleData name="Fecha_visi">2026/08/13</SimpleData>
            <SimpleData name="Cumple_sup">Si</SimpleData>
            <SimpleData name="Estado_mon">-</SimpleData>
            <SimpleData name="Situaci_12">-</SimpleData>
            <SimpleData name="Observaci">-</SimpleData>
            <SimpleData name="Dias_trans">17.35321759260</SimpleData>
            <SimpleData name="Prioridad">ALTA</SimpleData>
            <SimpleData name="OBJECTID_1">84</SimpleData>
          </SchemaData>
        </ExtendedData>
        <Point>
          <coordinates>
            -55.9120586074576,-23.9603152683222,0
          </coordinates>
        </Point>
      </Placemark>
      <Placemark id="Distrito_YPEJH__.12">
        <ExtendedData>
          <SchemaData schemaUrl="#Distrito_YPEJH__.schema">
            <SimpleData name="Cédula">7288574.00000000000</SimpleData>
            <SimpleData name="cedula">7288574</SimpleData>
            <SimpleData name="Nombres_y_">CLARA VERGARA BRITEZ</SimpleData>
            <SimpleData name="Sexo">Mujer</SimpleData>
            <SimpleData name="Cambio_de_">NO</SimpleData>
            <SimpleData name="Titular_se">NO</SimpleData>
            <SimpleData name="Situación">NO</SimpleData>
            <SimpleData name="Comunidad">Ind?gena</SimpleData>
            <SimpleData name="Modelo_imp">Modelo 1</SimpleData>
            <SimpleData name="Departamen">CANINDEYU</SimpleData>
            <SimpleData name="Distrito">YPEJH?</SimpleData>
            <SimpleData name="Localidad">COM INDIG ITANARA-PARIRI</SimpleData>
            <SimpleData name="Teléfono">ND</SimpleData>
            <SimpleData name="Vivienda_L">-23.87024530000</SimpleData>
            <SimpleData name="Vivienda_1">-55.68609690000</SimpleData>
            <SimpleData name="Superficie">0.80000000000</SimpleData>
            <SimpleData name="Situaci_1">Par?metro</SimpleData>
            <SimpleData name="Plantado">Si</SimpleData>
            <SimpleData name="Parcela_La">-55.69129020000</SimpleData>
            <SimpleData name="Parcela_Lo">-23.86978486000</SimpleData>
            <SimpleData name="Grupo_Impl">G2</SimpleData>
            <SimpleData name="Grupo_de_P">H-P8-XX-XX-XX</SimpleData>
            <SimpleData name="Jornales">0.00000000000</SimpleData>
            <SimpleData name="Monto">0.00000000000</SimpleData>
            <SimpleData name="ETAPA_FAO">Mantenimiento A?o 1.1</SimpleData>
            <SimpleData name="Estado_del">Activo</SimpleData>
            <SimpleData name="Adjudicado">SI</SimpleData>
            <SimpleData name="Empresa">Hyh Consultores SRL</SimpleData>
            <SimpleData name="Lote">H</SimpleData>
            <SimpleData name="Monitorear">No</SimpleData>
            <SimpleData name="Fecha_de_M">-</SimpleData>
            <SimpleData name="F__de_pren">-</SimpleData>
            <SimpleData name="Estado_FAO">Monitorear</SimpleData>
            <SimpleData name="Etapa_de_i">Mantenimiento A?o 1.1</SimpleData>
            <SimpleData name="Fecha_visi">2026/08/24</SimpleData>
            <SimpleData name="Cumple_sup">Si</SimpleData>
            <SimpleData name="Estado_mon">-</SimpleData>
            <SimpleData name="Situaci_12">-</SimpleData>
            <SimpleData name="Observaci">-</SimpleData>
            <SimpleData name="Dias_trans">6.28553240740</SimpleData>
            <SimpleData name="Prioridad">ALTA</SimpleData>
            <SimpleData name="OBJECTID_1">96</SimpleData>
          </SchemaData>
        </ExtendedData>
        <Point>
          <coordinates>
            -55.6912902039866,-23.8697848569632,0
          </coordinates>
        </Point>
      </Placemark>
      <Placemark id="Distrito_YPEJH__.13">
        <ExtendedData>
          <SchemaData schemaUrl="#Distrito_YPEJH__.schema">
            <SimpleData name="Cédula">8061297.00000000000</SimpleData>
            <SimpleData name="cedula">8061297</SimpleData>
            <SimpleData name="Nombres_y_">SEBASTIAN CACERES BENITEZ</SimpleData>
            <SimpleData name="Sexo">Hombre</SimpleData>
            <SimpleData name="Cambio_de_">NO</SimpleData>
            <SimpleData name="Titular_se">NO</SimpleData>
            <SimpleData name="Situación">NO</SimpleData>
            <SimpleData name="Comunidad">Ind?gena</SimpleData>
            <SimpleData name="Modelo_imp">Modelo 1</SimpleData>
            <SimpleData name="Departamen">CANINDEYU</SimpleData>
            <SimpleData name="Distrito">YPEJH?</SimpleData>
            <SimpleData name="Localidad"><![CDATA[COM INDIG KA'AGUY POTYRA]]></SimpleData>
            <SimpleData name="Teléfono">ND</SimpleData>
            <SimpleData name="Vivienda_L">-23.93054830000</SimpleData>
            <SimpleData name="Vivienda_1">-55.86960830000</SimpleData>
            <SimpleData name="Superficie">0.80000000000</SimpleData>
            <SimpleData name="Situaci_1">Pol?gono</SimpleData>
            <SimpleData name="Plantado">Si</SimpleData>
            <SimpleData name="Parcela_La">-55.86931984000</SimpleData>
            <SimpleData name="Parcela_Lo">-23.92971565000</SimpleData>
            <SimpleData name="Grupo_Impl">G2</SimpleData>
            <SimpleData name="Grupo_de_P">H-P8-XX-XX-XX</SimpleData>
            <SimpleData name="Jornales">0.00000000000</SimpleData>
            <SimpleData name="Monto">0.00000000000</SimpleData>
            <SimpleData name="ETAPA_FAO">Mantenimiento A?o 1.1</SimpleData>
            <SimpleData name="Estado_del">Activo</SimpleData>
            <SimpleData name="Adjudicado">SI</SimpleData>
            <SimpleData name="Empresa">Hyh Consultores SRL</SimpleData>
            <SimpleData name="Lote">H</SimpleData>
            <SimpleData name="Monitorear">No</SimpleData>
            <SimpleData name="Fecha_de_M">-</SimpleData>
            <SimpleData name="F__de_pren">-</SimpleData>
            <SimpleData name="Estado_FAO">Verificar posible desercion</SimpleData>
            <SimpleData name="Etapa_de_i">Mantenimiento A?o 1.1</SimpleData>
            <SimpleData name="Fecha_visi">2026/08/27</SimpleData>
            <SimpleData name="Cumple_sup">-</SimpleData>
            <SimpleData name="Estado_mon">-</SimpleData>
            <SimpleData name="Situaci_12">-</SimpleData>
            <SimpleData name="Observaci">Parcela abandonada</SimpleData>
            <SimpleData name="Dias_trans">3.43734204861</SimpleData>
            <SimpleData name="Prioridad">ALTA</SimpleData>
            <SimpleData name="OBJECTID_1">97</SimpleData>
          </SchemaData>
        </ExtendedData>
        <Point>
          <coordinates>
            -55.8693198423709,-23.9297156533685,0
          </coordinates>
        </Point>
      </Placemark>
      <Placemark id="Distrito_YPEJH__.14">
        <ExtendedData>
          <SchemaData schemaUrl="#Distrito_YPEJH__.schema">
            <SimpleData name="Cédula">6720871.00000000000</SimpleData>
            <SimpleData name="cedula">6720871</SimpleData>
            <SimpleData name="Nombres_y_">ELADIA ARCE BENITEZ</SimpleData>
            <SimpleData name="Sexo">Mujer</SimpleData>
            <SimpleData name="Cambio_de_">NO</SimpleData>
            <SimpleData name="Titular_se">NO</SimpleData>
            <SimpleData name="Situación">NO</SimpleData>
            <SimpleData name="Comunidad">Ind?gena</SimpleData>
            <SimpleData name="Modelo_imp">Modelo 4</SimpleData>
            <SimpleData name="Departamen">CANINDEYU</SimpleData>
            <SimpleData name="Distrito">YPEJH?</SimpleData>
            <SimpleData name="Localidad">COM INDIG KABAYU PASO</SimpleData>
            <SimpleData name="Teléfono">ND</SimpleData>
            <SimpleData name="Vivienda_L">-23.99499880000</SimpleData>
            <SimpleData name="Vivienda_1">-55.86817830000</SimpleData>
            <SimpleData name="Superficie">0.70000000000</SimpleData>
            <SimpleData name="Situaci_1">Pol?gono</SimpleData>
            <SimpleData name="Plantado">Si</SimpleData>
            <SimpleData name="Parcela_La">-55.86785138000</SimpleData>
            <SimpleData name="Parcela_Lo">-23.99557504000</SimpleData>
            <SimpleData name="Grupo_Impl">G2</SimpleData>
            <SimpleData name="Grupo_de_P">H-P3-XX-XX-XX</SimpleData>
            <SimpleData name="Jornales">0.00000000000</SimpleData>
            <SimpleData name="Monto">0.00000000000</SimpleData>
            <SimpleData name="ETAPA_FAO">Mantenimiento A?o 1.1</SimpleData>
            <SimpleData name="Estado_del">Activo</SimpleData>
            <SimpleData name="Adjudicado">SI</SimpleData>
            <SimpleData name="Empresa">Hyh Consultores SRL</SimpleData>
            <SimpleData name="Lote">H</SimpleData>
            <SimpleData name="Monitorear">No</SimpleData>
            <SimpleData name="Fecha_de_M">13/7/2026</SimpleData>
            <SimpleData name="F__de_pren">70</SimpleData>
            <SimpleData name="Estado_FAO">Monitorear- Reposicion</SimpleData>
            <SimpleData name="Etapa_de_i">Mantenimiento A?o 1.1</SimpleData>
            <SimpleData name="Fecha_visi">2026/08/29</SimpleData>
            <SimpleData name="Estado_mon">??????NO CUMPLE??????</SimpleData>
            <SimpleData name="Situaci_12">En el momento del monitoreo de la parcela no se visualiza la cantidad m?nima de plantines requerido por el modelo. Por estr?s hidrico.</SimpleData>
            <SimpleData name="Dias_trans">1.59872497685</SimpleData>
            <SimpleData name="Prioridad">ALTA</SimpleData>
            <SimpleData name="OBJECTID_1">354</SimpleData>
          </SchemaData>
        </ExtendedData>
        <Point>
          <coordinates>
            -55.8678513803188,-23.9955750449679,0
          </coordinates>
        </Point>
      </Placemark>
      <Placemark id="Distrito_YPEJH__.15">
        <ExtendedData>
          <SchemaData schemaUrl="#Distrito_YPEJH__.schema">
            <SimpleData name="Cédula">6829246.00000000000</SimpleData>
            <SimpleData name="cedula">6829246</SimpleData>
            <SimpleData name="Nombres_y_">REGINA LOPEZ BENITEZ</SimpleData>
            <SimpleData name="Sexo">Mujer</SimpleData>
            <SimpleData name="Cambio_de_">NO</SimpleData>
            <SimpleData name="Titular_se">NO</SimpleData>
            <SimpleData name="Situación">NO</SimpleData>
            <SimpleData name="Comunidad">Ind?gena</SimpleData>
            <SimpleData name="Modelo_imp">Modelo 2</SimpleData>
            <SimpleData name="Departamen">CANINDEYU</SimpleData>
            <SimpleData name="Distrito">YPEJH?</SimpleData>
            <SimpleData name="Localidad">COM INDIG ITANARA-PARIRI</SimpleData>
            <SimpleData name="Teléfono">ND</SimpleData>
            <SimpleData name="Vivienda_L">-23.83771170000</SimpleData>
            <SimpleData name="Vivienda_1">-55.68359200000</SimpleData>
            <SimpleData name="Superficie">0.80000000000</SimpleData>
            <SimpleData name="Situaci_1">Par?metro</SimpleData>
            <SimpleData name="Plantado">Si</SimpleData>
            <SimpleData name="Parcela_La">-55.68667178000</SimpleData>
            <SimpleData name="Parcela_Lo">-23.84075350000</SimpleData>
            <SimpleData name="Grupo_Impl">G2</SimpleData>
            <SimpleData name="Grupo_de_P">H-P9-XX-XX-XX</SimpleData>
            <SimpleData name="Jornales">0.00000000000</SimpleData>
            <SimpleData name="Monto">0.00000000000</SimpleData>
            <SimpleData name="ETAPA_FAO">Mantenimiento A?o 1.1</SimpleData>
            <SimpleData name="Estado_del">Activo</SimpleData>
            <SimpleData name="Adjudicado">SI</SimpleData>
            <SimpleData name="Empresa">Hyh Consultores SRL</SimpleData>
            <SimpleData name="Lote">H</SimpleData>
            <SimpleData name="Monitorear">Si</SimpleData>
            <SimpleData name="Fecha_de_M">-</SimpleData>
            <SimpleData name="F__de_pren">-</SimpleData>
            <SimpleData name="Estado_FAO">Monitorear</SimpleData>
            <SimpleData name="Etapa_de_i">Mantenimiento A?o 1.1</SimpleData>
            <SimpleData name="Fecha_visi">2026/08/18</SimpleData>
            <SimpleData name="Cumple_sup">Si</SimpleData>
            <SimpleData name="Estado_mon">-</SimpleData>
            <SimpleData name="Situaci_12">-</SimpleData>
            <SimpleData name="Observaci">-</SimpleData>
            <SimpleData name="Dias_trans">12.64386574070</SimpleData>
            <SimpleData name="Prioridad">ALTA</SimpleData>
            <SimpleData name="OBJECTID_1">63</SimpleData>
          </SchemaData>
        </ExtendedData>
        <Point>
          <coordinates>
            -55.6866717819835,-23.8407535023139,0
          </coordinates>
        </Point>
      </Placemark>
      <Placemark id="Distrito_YPEJH__.16">
        <ExtendedData>
          <SchemaData schemaUrl="#Distrito_YPEJH__.schema">
            <SimpleData name="Cédula">6638839.00000000000</SimpleData>
            <SimpleData name="cedula">6638839</SimpleData>
            <SimpleData name="Nombres_y_">NORMA MARTINEZ BENITEZ</SimpleData>
            <SimpleData name="Sexo">Mujer</SimpleData>
            <SimpleData name="Cambio_de_">NO</SimpleData>
            <SimpleData name="Titular_se">NO</SimpleData>
            <SimpleData name="Situación">NO</SimpleData>
            <SimpleData name="Comunidad">Ind?gena</SimpleData>
            <SimpleData name="Modelo_imp">Modelo 1</SimpleData>
            <SimpleData name="Departamen">CANINDEYU</SimpleData>
            <SimpleData name="Distrito">YPEJH?</SimpleData>
            <SimpleData name="Localidad">COM INDIG PYPUCU</SimpleData>
            <SimpleData name="Teléfono">0981074473</SimpleData>
            <SimpleData name="Vivienda_L">-23.90630090000</SimpleData>
            <SimpleData name="Vivienda_1">-55.67018730000</SimpleData>
            <SimpleData name="Superficie">0.80000000000</SimpleData>
            <SimpleData name="Situaci_1">Par?metro</SimpleData>
            <SimpleData name="Plantado">Si</SimpleData>
            <SimpleData name="Parcela_La">-55.67217992000</SimpleData>
            <SimpleData name="Parcela_Lo">-23.90543475000</SimpleData>
            <SimpleData name="Grupo_Impl">G2</SimpleData>
            <SimpleData name="Grupo_de_P">H-P6-XX-XX-XX</SimpleData>
            <SimpleData name="Jornales">0.00000000000</SimpleData>
            <SimpleData name="Monto">0.00000000000</SimpleData>
            <SimpleData name="ETAPA_FAO">Mantenimiento A?o 1.1</SimpleData>
            <SimpleData name="Estado_del">Activo</SimpleData>
            <SimpleData name="Adjudicado">SI</SimpleData>
            <SimpleData name="Empresa">Hyh Consultores SRL</SimpleData>
            <SimpleData name="Lote">H</SimpleData>
            <SimpleData name="Monitorear">Si</SimpleData>
            <SimpleData name="Fecha_de_M">-</SimpleData>
            <SimpleData name="F__de_pren">-</SimpleData>
            <SimpleData name="Estado_FAO">Monitorear</SimpleData>
            <SimpleData name="Etapa_de_i">Mantenimiento A?o 1.1</SimpleData>
            <SimpleData name="Fecha_visi">2026/08/28</SimpleData>
            <SimpleData name="Cumple_sup">Si</SimpleData>
            <SimpleData name="Estado_mon">-</SimpleData>
            <SimpleData name="Situaci_12">-</SimpleData>
            <SimpleData name="Observaci">-</SimpleData>
            <SimpleData name="Dias_trans">2.15611111111</SimpleData>
            <SimpleData name="Prioridad">ALTA</SimpleData>
            <SimpleData name="OBJECTID_1">66</SimpleData>
          </SchemaData>
        </ExtendedData>
        <Point>
          <coordinates>
            -55.6721799207708,-23.9054347457493,0
          </coordinates>
        </Point>
      </Placemark>
      <Placemark id="Distrito_YPEJH__.17">
        <ExtendedData>
          <SchemaData schemaUrl="#Distrito_YPEJH__.schema">
            <SimpleData name="Cédula">5829448.00000000000</SimpleData>
            <SimpleData name="cedula">5829448</SimpleData>
            <SimpleData name="Nombres_y_">NILSA VALIENTE GONZALEZ</SimpleData>
            <SimpleData name="Sexo">Mujer</SimpleData>
            <SimpleData name="Cambio_de_">NO</SimpleData>
            <SimpleData name="Titular_se">NO</SimpleData>
            <SimpleData name="Situación">NO</SimpleData>
            <SimpleData name="Comunidad">Ind?gena</SimpleData>
            <SimpleData name="Modelo_imp">Modelo 1</SimpleData>
            <SimpleData name="Departamen">CANINDEYU</SimpleData>
            <SimpleData name="Distrito">YPEJH?</SimpleData>
            <SimpleData name="Localidad">COM INDIG ITANARA-PARIRI</SimpleData>
            <SimpleData name="Teléfono">0982744976</SimpleData>
            <SimpleData name="Vivienda_L">-23.83634710000</SimpleData>
            <SimpleData name="Vivienda_1">-55.68310970000</SimpleData>
            <SimpleData name="Superficie">0.80000000000</SimpleData>
            <SimpleData name="Situaci_1">Par?metro</SimpleData>
            <SimpleData name="Plantado">Si</SimpleData>
            <SimpleData name="Parcela_La">-55.69127584000</SimpleData>
            <SimpleData name="Parcela_Lo">-23.84063915000</SimpleData>
            <SimpleData name="Grupo_Impl">G2</SimpleData>
            <SimpleData name="Grupo_de_P">H-P6-XX-XX-XX</SimpleData>
            <SimpleData name="Jornales">0.00000000000</SimpleData>
            <SimpleData name="Monto">0.00000000000</SimpleData>
            <SimpleData name="ETAPA_FAO">Mantenimiento A?o 1.1</SimpleData>
            <SimpleData name="Estado_del">Activo</SimpleData>
            <SimpleData name="Adjudicado">SI</SimpleData>
            <SimpleData name="Empresa">Hyh Consultores SRL</SimpleData>
            <SimpleData name="Lote">H</SimpleData>
            <SimpleData name="Monitorear">Si</SimpleData>
            <SimpleData name="Fecha_de_M">-</SimpleData>
            <SimpleData name="F__de_pren">-</SimpleData>
            <SimpleData name="Estado_FAO">Monitorear</SimpleData>
            <SimpleData name="Etapa_de_i">Mantenimiento A?o 1.1</SimpleData>
            <SimpleData name="Fecha_visi">2026/08/21</SimpleData>
            <SimpleData name="Cumple_sup">Si</SimpleData>
            <SimpleData name="Estado_mon">-</SimpleData>
            <SimpleData name="Situaci_12">-</SimpleData>
            <SimpleData name="Observaci">-</SimpleData>
            <SimpleData name="Dias_trans">9.09403935185</SimpleData>
            <SimpleData name="Prioridad">ALTA</SimpleData>
            <SimpleData name="OBJECTID_1">55</SimpleData>
          </SchemaData>
        </ExtendedData>
        <Point>
          <coordinates>
            -55.6912758393287,-23.8406391503843,0
          </coordinates>
        </Point>
      </Placemark>
      <Placemark id="Distrito_YPEJH__.18">
        <ExtendedData>
          <SchemaData schemaUrl="#Distrito_YPEJH__.schema">
            <SimpleData name="Cédula">4046191.00000000000</SimpleData>
            <SimpleData name="cedula">4046191</SimpleData>
            <SimpleData name="Nombres_y_">CRISTINA ROMERO</SimpleData>
            <SimpleData name="Sexo">Mujer</SimpleData>
            <SimpleData name="Cambio_de_">NO</SimpleData>
            <SimpleData name="Titular_se">NO</SimpleData>
            <SimpleData name="Situación">NO</SimpleData>
            <SimpleData name="Comunidad">Ind?gena</SimpleData>
            <SimpleData name="Modelo_imp">Modelo 4</SimpleData>
            <SimpleData name="Departamen">CANINDEYU</SimpleData>
            <SimpleData name="Distrito">YPEJH?</SimpleData>
            <SimpleData name="Localidad">COM INDIG YVY PAVE CA?ADA</SimpleData>
            <SimpleData name="Teléfono">0983433196</SimpleData>
            <SimpleData name="Vivienda_L">-23.95908060000</SimpleData>
            <SimpleData name="Vivienda_1">-55.90594630000</SimpleData>
            <SimpleData name="Superficie">0.70000000000</SimpleData>
            <SimpleData name="Situaci_1">Par?metro</SimpleData>
            <SimpleData name="Plantado">Si</SimpleData>
            <SimpleData name="Parcela_La">-55.90608795000</SimpleData>
            <SimpleData name="Parcela_Lo">-23.96052372000</SimpleData>
            <SimpleData name="Grupo_Impl">G2</SimpleData>
            <SimpleData name="Grupo_de_P">H-P6-XX-XX-XX</SimpleData>
            <SimpleData name="Jornales">0.00000000000</SimpleData>
            <SimpleData name="Monto">0.00000000000</SimpleData>
            <SimpleData name="ETAPA_FAO">Mantenimiento A?o 1.1</SimpleData>
            <SimpleData name="Estado_del">Activo</SimpleData>
            <SimpleData name="Adjudicado">SI</SimpleData>
            <SimpleData name="Empresa">Hyh Consultores SRL</SimpleData>
            <SimpleData name="Lote">H</SimpleData>
            <SimpleData name="Monitorear">No</SimpleData>
            <SimpleData name="Fecha_de_M">-</SimpleData>
            <SimpleData name="F__de_pren">-</SimpleData>
            <SimpleData name="Estado_FAO">Monitorear</SimpleData>
            <SimpleData name="Etapa_de_i">Mantenimiento A?o 1.1</SimpleData>
            <SimpleData name="Fecha_visi">2026/08/08</SimpleData>
            <SimpleData name="Cumple_sup">Si</SimpleData>
            <SimpleData name="Estado_mon">-</SimpleData>
            <SimpleData name="Situaci_12">-</SimpleData>
            <SimpleData name="Observaci">-</SimpleData>
            <SimpleData name="Dias_trans">22.51288194440</SimpleData>
            <SimpleData name="Prioridad">ALTA</SimpleData>
            <SimpleData name="OBJECTID_1">85</SimpleData>
          </SchemaData>
        </ExtendedData>
        <Point>
          <coordinates>
            -55.906087952962,-23.9605237238195,0
          </coordinates>
        </Point>
      </Placemark>
      <Placemark id="Distrito_YPEJH__.19">
        <ExtendedData>
          <SchemaData schemaUrl="#Distrito_YPEJH__.schema">
            <SimpleData name="Cédula">5885709.00000000000</SimpleData>
            <SimpleData name="cedula">5885709</SimpleData>
            <SimpleData name="Nombres_y_">MARCIA MARTINEZ CANEIRO</SimpleData>
            <SimpleData name="Sexo">Mujer</SimpleData>
            <SimpleData name="Cambio_de_">NO</SimpleData>
            <SimpleData name="Titular_se">NO</SimpleData>
            <SimpleData name="Situación">NO</SimpleData>
            <SimpleData name="Comunidad">Ind?gena</SimpleData>
            <SimpleData name="Modelo_imp">Modelo 1</SimpleData>
            <SimpleData name="Departamen">CANINDEYU</SimpleData>
            <SimpleData name="Distrito">YPEJH?</SimpleData>
            <SimpleData name="Localidad">COM INDIG ITANARA-PARIRI</SimpleData>
            <SimpleData name="Teléfono">0985571060</SimpleData>
            <SimpleData name="Vivienda_L">-23.83837330000</SimpleData>
            <SimpleData name="Vivienda_1">-55.68810500000</SimpleData>
            <SimpleData name="Superficie">0.80000000000</SimpleData>
            <SimpleData name="Situaci_1">Par?metro</SimpleData>
            <SimpleData name="Plantado">Si</SimpleData>
            <SimpleData name="Parcela_La">-55.68844051000</SimpleData>
            <SimpleData name="Parcela_Lo">-23.83760908000</SimpleData>
            <SimpleData name="Grupo_Impl">G2</SimpleData>
            <SimpleData name="Grupo_de_P">H-P7-XX-XX-XX</SimpleData>
            <SimpleData name="Jornales">0.00000000000</SimpleData>
            <SimpleData name="Monto">0.00000000000</SimpleData>
            <SimpleData name="ETAPA_FAO">Mantenimiento A?o 1.1</SimpleData>
            <SimpleData name="Estado_del">Activo</SimpleData>
            <SimpleData name="Adjudicado">SI</SimpleData>
            <SimpleData name="Empresa">Hyh Consultores SRL</SimpleData>
            <SimpleData name="Lote">H</SimpleData>
            <SimpleData name="Monitorear">Si</SimpleData>
            <SimpleData name="Fecha_de_M">-</SimpleData>
            <SimpleData name="F__de_pren">-</SimpleData>
            <SimpleData name="Estado_FAO">Monitorear</SimpleData>
            <SimpleData name="Etapa_de_i">Mantenimiento A?o 1.1</SimpleData>
            <SimpleData name="Fecha_visi">2026/08/18</SimpleData>
            <SimpleData name="Cumple_sup">Si</SimpleData>
            <SimpleData name="Estado_mon">-</SimpleData>
            <SimpleData name="Situaci_12">-</SimpleData>
            <SimpleData name="Observaci">-</SimpleData>
            <SimpleData name="Dias_trans">12.43284722220</SimpleData>
            <SimpleData name="Prioridad">ALTA</SimpleData>
            <SimpleData name="OBJECTID_1">60</SimpleData>
          </SchemaData>
        </ExtendedData>
        <Point>
          <coordinates>
            -55.6884405147132,-23.8376090827351,0
          </coordinates>
        </Point>
      </Placemark>
      <Placemark id="Distrito_YPEJH__.20">
        <ExtendedData>
          <SchemaData schemaUrl="#Distrito_YPEJH__.schema">
            <SimpleData name="Cédula">7283500.00000000000</SimpleData>
            <SimpleData name="cedula">7283500</SimpleData>
            <SimpleData name="Nombres_y_">ANA BENITEZ GAUTO</SimpleData>
            <SimpleData name="Sexo">Mujer</SimpleData>
            <SimpleData name="Cambio_de_">NO</SimpleData>
            <SimpleData name="Titular_se">NO</SimpleData>
            <SimpleData name="Situación">NO</SimpleData>
            <SimpleData name="Comunidad">Ind?gena</SimpleData>
            <SimpleData name="Modelo_imp">Modelo 5</SimpleData>
            <SimpleData name="Departamen">CANINDEYU</SimpleData>
            <SimpleData name="Distrito">YPEJH?</SimpleData>
            <SimpleData name="Localidad">COM INDIG PYPUCU</SimpleData>
            <SimpleData name="Teléfono">0983405406</SimpleData>
            <SimpleData name="Vivienda_L">-23.90789770000</SimpleData>
            <SimpleData name="Vivienda_1">-55.67077310000</SimpleData>
            <SimpleData name="Superficie">0.70000000000</SimpleData>
            <SimpleData name="Situaci_1">Par?metro</SimpleData>
            <SimpleData name="Plantado">Si</SimpleData>
            <SimpleData name="Parcela_La">-55.67009845000</SimpleData>
            <SimpleData name="Parcela_Lo">-23.90843679000</SimpleData>
            <SimpleData name="Grupo_Impl">G2</SimpleData>
            <SimpleData name="Grupo_de_P">H-P6-XX-XX-XX</SimpleData>
            <SimpleData name="Jornales">0.00000000000</SimpleData>
            <SimpleData name="Monto">0.00000000000</SimpleData>
            <SimpleData name="ETAPA_FAO">Mantenimiento A?o 1.1</SimpleData>
            <SimpleData name="Estado_del">Activo</SimpleData>
            <SimpleData name="Adjudicado">SI</SimpleData>
            <SimpleData name="Empresa">Hyh Consultores SRL</SimpleData>
            <SimpleData name="Lote">H</SimpleData>
            <SimpleData name="Monitorear">Si</SimpleData>
            <SimpleData name="Fecha_de_M">-</SimpleData>
            <SimpleData name="F__de_pren">-</SimpleData>
            <SimpleData name="Estado_FAO">Monitorear</SimpleData>
            <SimpleData name="Etapa_de_i">Mantenimiento A?o 1.1</SimpleData>
            <SimpleData name="Fecha_visi">2026/08/25</SimpleData>
            <SimpleData name="Cumple_sup">Si</SimpleData>
            <SimpleData name="Estado_mon">-</SimpleData>
            <SimpleData name="Situaci_12">-</SimpleData>
            <SimpleData name="Observaci">-</SimpleData>
            <SimpleData name="Dias_trans">5.63290509259</SimpleData>
            <SimpleData name="Prioridad">ALTA</SimpleData>
            <SimpleData name="OBJECTID_1">72</SimpleData>
          </SchemaData>
        </ExtendedData>
        <Point>
          <coordinates>
            -55.6700984528615,-23.9084367878725,0
          </coordinates>
        </Point>
      </Placemark>
      <Placemark id="Distrito_YPEJH__.21">
        <ExtendedData>
          <SchemaData schemaUrl="#Distrito_YPEJH__.schema">
            <SimpleData name="Cédula">5885720.00000000000</SimpleData>
            <SimpleData name="cedula">5885720</SimpleData>
            <SimpleData name="Nombres_y_">FELICIA RAMIREZ NU?EZ</SimpleData>
            <SimpleData name="Sexo">Mujer</SimpleData>
            <SimpleData name="Cambio_de_">NO</SimpleData>
            <SimpleData name="Titular_se">NO</SimpleData>
            <SimpleData name="Situación">NO</SimpleData>
            <SimpleData name="Comunidad">Ind?gena</SimpleData>
            <SimpleData name="Modelo_imp">Modelo 2</SimpleData>
            <SimpleData name="Departamen">CANINDEYU</SimpleData>
            <SimpleData name="Distrito">YPEJH?</SimpleData>
            <SimpleData name="Localidad">COM INDIG ITANARA-PARIRI</SimpleData>
            <SimpleData name="Teléfono">0985226853</SimpleData>
            <SimpleData name="Vivienda_L">-23.86630770000</SimpleData>
            <SimpleData name="Vivienda_1">-55.69665940000</SimpleData>
            <SimpleData name="Superficie">0.80000000000</SimpleData>
            <SimpleData name="Situaci_1">Par?metro</SimpleData>
            <SimpleData name="Plantado">Si</SimpleData>
            <SimpleData name="Parcela_La">-55.69629791000</SimpleData>
            <SimpleData name="Parcela_Lo">-23.86575840000</SimpleData>
            <SimpleData name="Grupo_Impl">G2</SimpleData>
            <SimpleData name="Grupo_de_P">H-P8-XX-XX-XX</SimpleData>
            <SimpleData name="Jornales">0.00000000000</SimpleData>
            <SimpleData name="Monto">0.00000000000</SimpleData>
            <SimpleData name="ETAPA_FAO">Mantenimiento A?o 1.1</SimpleData>
            <SimpleData name="Estado_del">Activo</SimpleData>
            <SimpleData name="Adjudicado">SI</SimpleData>
            <SimpleData name="Empresa">Hyh Consultores SRL</SimpleData>
            <SimpleData name="Lote">H</SimpleData>
            <SimpleData name="Monitorear">Si</SimpleData>
            <SimpleData name="Fecha_de_M">-</SimpleData>
            <SimpleData name="F__de_pren">-</SimpleData>
            <SimpleData name="Estado_FAO">Monitorear</SimpleData>
            <SimpleData name="Etapa_de_i">Mantenimiento A?o 1.1</SimpleData>
            <SimpleData name="Fecha_visi">2026/08/26</SimpleData>
            <SimpleData name="Cumple_sup">Si</SimpleData>
            <SimpleData name="Estado_mon">-</SimpleData>
            <SimpleData name="Situaci_12">-</SimpleData>
            <SimpleData name="Observaci">-</SimpleData>
            <SimpleData name="Dias_trans">4.04599537037</SimpleData>
            <SimpleData name="Prioridad">ALTA</SimpleData>
            <SimpleData name="OBJECTID_1">87</SimpleData>
          </SchemaData>
        </ExtendedData>
        <Point>
          <coordinates>
            -55.6962979080159,-23.8657583955994,0
          </coordinates>
        </Point>
      </Placemark>
      <Placemark id="Distrito_YPEJH__.22">
        <ExtendedData>
          <SchemaData schemaUrl="#Distrito_YPEJH__.schema">
            <SimpleData name="Cédula">7357111.00000000000</SimpleData>
            <SimpleData name="cedula">7357111</SimpleData>
            <SimpleData name="Nombres_y_">FLORENTINA BENITEZ ROA</SimpleData>
            <SimpleData name="Sexo">Mujer</SimpleData>
            <SimpleData name="Cambio_de_">NO</SimpleData>
            <SimpleData name="Titular_se">NO</SimpleData>
            <SimpleData name="Comunidad">Ind?gena</SimpleData>
            <SimpleData name="Modelo_imp">Modelo 1</SimpleData>
            <SimpleData name="Departamen">CANINDEYU</SimpleData>
            <SimpleData name="Distrito">YPEJH?</SimpleData>
            <SimpleData name="Localidad">COM INDIG PYPUCU</SimpleData>
            <SimpleData name="Teléfono">1234567890</SimpleData>
            <SimpleData name="Vivienda_L">-23.91742800000</SimpleData>
            <SimpleData name="Vivienda_1">-55.63949370000</SimpleData>
            <SimpleData name="Superficie">0.80000000000</SimpleData>
            <SimpleData name="Situaci_1">Parametro</SimpleData>
            <SimpleData name="Plantado">Si</SimpleData>
            <SimpleData name="Parcela_La">-55.64161222000</SimpleData>
            <SimpleData name="Parcela_Lo">-23.91323254000</SimpleData>
            <SimpleData name="Grupo_Impl">G2</SimpleData>
            <SimpleData name="Grupo_de_P">H-P14-XX-XX-XX</SimpleData>
            <SimpleData name="Jornales">0.00000000000</SimpleData>
            <SimpleData name="Monto">0.00000000000</SimpleData>
            <SimpleData name="ETAPA_FAO">Mantenimiento A?o 1.1</SimpleData>
            <SimpleData name="Estado_del">Activo</SimpleData>
            <SimpleData name="Adjudicado">Si</SimpleData>
            <SimpleData name="Empresa">Hyh Consultores SRL</SimpleData>
            <SimpleData name="Lote">H</SimpleData>
            <SimpleData name="Monitorear">Si</SimpleData>
            <SimpleData name="Fecha_de_M">-</SimpleData>
            <SimpleData name="F__de_pren">-</SimpleData>
            <SimpleData name="Estado_FAO">Monitorear</SimpleData>
            <SimpleData name="Etapa_de_i">Mantenimiento A?o 1.1</SimpleData>
            <SimpleData name="Fecha_visi">2026/08/28</SimpleData>
            <SimpleData name="Cumple_sup">Si</SimpleData>
            <SimpleData name="Estado_mon">-</SimpleData>
            <SimpleData name="Situaci_12">-</SimpleData>
            <SimpleData name="Observaci">-</SimpleData>
            <SimpleData name="Dias_trans">2.15599537037</SimpleData>
            <SimpleData name="Prioridad">ALTA</SimpleData>
            <SimpleData name="OBJECTID_1">318</SimpleData>
          </SchemaData>
        </ExtendedData>
        <Point>
          <coordinates>
            -55.641612219896,-23.9132325423207,0
          </coordinates>
        </Point>
      </Placemark>
      <Placemark id="Distrito_YPEJH__.23">
        <ExtendedData>
          <SchemaData schemaUrl="#Distrito_YPEJH__.schema">
            <SimpleData name="Cédula">6636661.00000000000</SimpleData>
            <SimpleData name="cedula">6636661</SimpleData>
            <SimpleData name="Nombres_y_">SALUSTIANA ROA BRITEZ</SimpleData>
            <SimpleData name="Sexo">Mujer</SimpleData>
            <SimpleData name="Cambio_de_">NO</SimpleData>
            <SimpleData name="Titular_se">NO</SimpleData>
            <SimpleData name="Situación">NO</SimpleData>
            <SimpleData name="Comunidad">Ind?gena</SimpleData>
            <SimpleData name="Modelo_imp">Modelo 5</SimpleData>
            <SimpleData name="Departamen">CANINDEYU</SimpleData>
            <SimpleData name="Distrito">YPEJH?</SimpleData>
            <SimpleData name="Localidad">COM INDIG PYPUCU</SimpleData>
            <SimpleData name="Teléfono">0981099386</SimpleData>
            <SimpleData name="Vivienda_L">-23.91257830000</SimpleData>
            <SimpleData name="Vivienda_1">-55.64534500000</SimpleData>
            <SimpleData name="Superficie">0.70000000000</SimpleData>
            <SimpleData name="Situaci_1">Par?metro</SimpleData>
            <SimpleData name="Plantado">Si</SimpleData>
            <SimpleData name="Parcela_La">-55.64514669000</SimpleData>
            <SimpleData name="Parcela_Lo">-23.91192379000</SimpleData>
            <SimpleData name="Grupo_Impl">G2</SimpleData>
            <SimpleData name="Grupo_de_P">H-P6-XX-XX-XX</SimpleData>
            <SimpleData name="Jornales">0.00000000000</SimpleData>
            <SimpleData name="Monto">0.00000000000</SimpleData>
            <SimpleData name="ETAPA_FAO">Mantenimiento A?o 1.1</SimpleData>
            <SimpleData name="Estado_del">Activo</SimpleData>
            <SimpleData name="Adjudicado">SI</SimpleData>
            <SimpleData name="Empresa">Hyh Consultores SRL</SimpleData>
            <SimpleData name="Lote">H</SimpleData>
            <SimpleData name="Monitorear">Si</SimpleData>
            <SimpleData name="Fecha_de_M">-</SimpleData>
            <SimpleData name="F__de_pren">-</SimpleData>
            <SimpleData name="Estado_FAO">Monitorear</SimpleData>
            <SimpleData name="Etapa_de_i">Mantenimiento A?o 1.1</SimpleData>
            <SimpleData name="Fecha_visi">2026/08/26</SimpleData>
            <SimpleData name="Cumple_sup">Si</SimpleData>
            <SimpleData name="Estado_mon">-</SimpleData>
            <SimpleData name="Situaci_12">-</SimpleData>
            <SimpleData name="Observaci">-</SimpleData>
            <SimpleData name="Dias_trans">4.00990740741</SimpleData>
            <SimpleData name="Prioridad">ALTA</SimpleData>
            <SimpleData name="OBJECTID_1">79</SimpleData>
          </SchemaData>
        </ExtendedData>
        <Point>
          <coordinates>
            -55.6451466857039,-23.911923793413,0
          </coordinates>
        </Point>
      </Placemark>
      <Placemark id="Distrito_YPEJH__.24">
        <ExtendedData>
          <SchemaData schemaUrl="#Distrito_YPEJH__.schema">
            <SimpleData name="Cédula">5885721.00000000000</SimpleData>
            <SimpleData name="cedula">5885721</SimpleData>
            <SimpleData name="Nombres_y_">ERCIA ROMERO LOPEZ</SimpleData>
            <SimpleData name="Sexo">Mujer</SimpleData>
            <SimpleData name="Cambio_de_">NO</SimpleData>
            <SimpleData name="Titular_se">NO</SimpleData>
            <SimpleData name="Situación">NO</SimpleData>
            <SimpleData name="Comunidad">Ind?gena</SimpleData>
            <SimpleData name="Modelo_imp">Modelo 2</SimpleData>
            <SimpleData name="Departamen">CANINDEYU</SimpleData>
            <SimpleData name="Distrito">YPEJH?</SimpleData>
            <SimpleData name="Localidad">COM INDIG ITANARA-PARIRI</SimpleData>
            <SimpleData name="Teléfono">0982757364</SimpleData>
            <SimpleData name="Vivienda_L">-23.83875370000</SimpleData>
            <SimpleData name="Vivienda_1">-55.68374280000</SimpleData>
            <SimpleData name="Superficie">0.80000000000</SimpleData>
            <SimpleData name="Situaci_1">Par?metro</SimpleData>
            <SimpleData name="Plantado">Si</SimpleData>
            <SimpleData name="Parcela_La">-55.68491163000</SimpleData>
            <SimpleData name="Parcela_Lo">-23.84093219000</SimpleData>
            <SimpleData name="Grupo_Impl">G2</SimpleData>
            <SimpleData name="Grupo_de_P">H-P9-XX-XX-XX</SimpleData>
            <SimpleData name="Jornales">0.00000000000</SimpleData>
            <SimpleData name="Monto">0.00000000000</SimpleData>
            <SimpleData name="ETAPA_FAO">Mantenimiento A?o 1.1</SimpleData>
            <SimpleData name="Estado_del">Activo</SimpleData>
            <SimpleData name="Adjudicado">SI</SimpleData>
            <SimpleData name="Empresa">Hyh Consultores SRL</SimpleData>
            <SimpleData name="Lote">H</SimpleData>
            <SimpleData name="Monitorear">Si</SimpleData>
            <SimpleData name="Fecha_de_M">-</SimpleData>
            <SimpleData name="F__de_pren">-</SimpleData>
            <SimpleData name="Estado_FAO">Monitorear</SimpleData>
            <SimpleData name="Etapa_de_i">Mantenimiento A?o 1.1</SimpleData>
            <SimpleData name="Fecha_visi">2026/08/18</SimpleData>
            <SimpleData name="Cumple_sup">Si</SimpleData>
            <SimpleData name="Estado_mon">-</SimpleData>
            <SimpleData name="Situaci_12">-</SimpleData>
            <SimpleData name="Observaci">-</SimpleData>
            <SimpleData name="Dias_trans">12.50346064810</SimpleData>
            <SimpleData name="Prioridad">ALTA</SimpleData>
            <SimpleData name="OBJECTID_1">56</SimpleData>
          </SchemaData>
        </ExtendedData>
        <Point>
          <coordinates>
            -55.6849116316678,-23.8409321903171,0
          </coordinates>
        </Point>
      </Placemark>
      <Placemark id="Distrito_YPEJH__.25">
        <ExtendedData>
          <SchemaData schemaUrl="#Distrito_YPEJH__.schema">
            <SimpleData name="Cédula">8065321.00000000000</SimpleData>
            <SimpleData name="cedula">8065321</SimpleData>
            <SimpleData name="Nombres_y_">DIONICIO CHAPARRO GARCETE</SimpleData>
            <SimpleData name="Sexo">Hombre</SimpleData>
            <SimpleData name="Cambio_de_">NO</SimpleData>
            <SimpleData name="Titular_se">NO</SimpleData>
            <SimpleData name="Situación">NO</SimpleData>
            <SimpleData name="Comunidad">Ind?gena</SimpleData>
            <SimpleData name="Modelo_imp">Modelo 5</SimpleData>
            <SimpleData name="Departamen">CANINDEYU</SimpleData>
            <SimpleData name="Distrito">YPEJH?</SimpleData>
            <SimpleData name="Localidad">COM INDIG KABAYU PASO</SimpleData>
            <SimpleData name="Teléfono">0985899293</SimpleData>
            <SimpleData name="Vivienda_L">-24.01055150000</SimpleData>
            <SimpleData name="Vivienda_1">-55.87105040000</SimpleData>
            <SimpleData name="Superficie">0.70000000000</SimpleData>
            <SimpleData name="Situaci_1">Pol?gono</SimpleData>
            <SimpleData name="Plantado">Si</SimpleData>
            <SimpleData name="Parcela_La">-55.87181796000</SimpleData>
            <SimpleData name="Parcela_Lo">-24.01089996000</SimpleData>
            <SimpleData name="Grupo_Impl">G2</SimpleData>
            <SimpleData name="Grupo_de_P">H-P5-XX-XX-XX</SimpleData>
            <SimpleData name="Jornales">0.00000000000</SimpleData>
            <SimpleData name="Monto">0.00000000000</SimpleData>
            <SimpleData name="ETAPA_FAO">Mantenimiento A?o 1.1</SimpleData>
            <SimpleData name="Estado_del">Activo</SimpleData>
            <SimpleData name="Adjudicado">SI</SimpleData>
            <SimpleData name="Empresa">Hyh Consultores SRL</SimpleData>
            <SimpleData name="Lote">H</SimpleData>
            <SimpleData name="Monitorear">No</SimpleData>
            <SimpleData name="Fecha_de_M">-</SimpleData>
            <SimpleData name="F__de_pren">-</SimpleData>
            <SimpleData name="Estado_FAO">Verificar posible desercion</SimpleData>
            <SimpleData name="Etapa_de_i">Mantenimiento A?o 1.1</SimpleData>
            <SimpleData name="Fecha_visi">2026/08/28</SimpleData>
            <SimpleData name="Cumple_sup">-</SimpleData>
            <SimpleData name="Estado_mon">-</SimpleData>
            <SimpleData name="Situaci_12">-</SimpleData>
            <SimpleData name="Observaci">Parcela la abandonada</SimpleData>
            <SimpleData name="Dias_trans">2.30054412037</SimpleData>
            <SimpleData name="Prioridad">ALTA</SimpleData>
            <SimpleData name="OBJECTID_1">73</SimpleData>
          </SchemaData>
        </ExtendedData>
        <Point>
          <coordinates>
            -55.8718179556784,-24.0108999583624,0
          </coordinates>
        </Point>
      </Placemark>
      <Placemark id="Distrito_YPEJH__.26">
        <ExtendedData>
          <SchemaData schemaUrl="#Distrito_YPEJH__.schema">
            <SimpleData name="Cédula">6593176.00000000000</SimpleData>
            <SimpleData name="cedula">6593176</SimpleData>
            <SimpleData name="Nombres_y_">BLANCA TEODORA VALDOVINO SILVA</SimpleData>
            <SimpleData name="Sexo">Mujer</SimpleData>
            <SimpleData name="Cambio_de_">NO</SimpleData>
            <SimpleData name="Titular_se">NO</SimpleData>
            <SimpleData name="Situación">NO</SimpleData>
            <SimpleData name="Comunidad">Campesina</SimpleData>
            <SimpleData name="Modelo_imp">Modelo 2</SimpleData>
            <SimpleData name="Departamen">CANINDEYU</SimpleData>
            <SimpleData name="Distrito">YPEJH?</SimpleData>
            <SimpleData name="Localidad">ASENT. CRESCENCIO GONZALEZ</SimpleData>
            <SimpleData name="Teléfono">0985200491</SimpleData>
            <SimpleData name="Vivienda_L">-23.88190340000</SimpleData>
            <SimpleData name="Vivienda_1">-55.94536580000</SimpleData>
            <SimpleData name="Superficie">0.80000000000</SimpleData>
            <SimpleData name="Situaci_1">Par?metro</SimpleData>
            <SimpleData name="Plantado">Si</SimpleData>
            <SimpleData name="Parcela_La">-55.94299195000</SimpleData>
            <SimpleData name="Parcela_Lo">-23.88203028000</SimpleData>
            <SimpleData name="Grupo_Impl">G2</SimpleData>
            <SimpleData name="Grupo_de_P">H-P14-XX-XX-XX</SimpleData>
            <SimpleData name="Jornales">0.00000000000</SimpleData>
            <SimpleData name="Monto">0.00000000000</SimpleData>
            <SimpleData name="ETAPA_FAO">Mantenimiento A?o 1.1</SimpleData>
            <SimpleData name="Estado_del">Activo</SimpleData>
            <SimpleData name="Adjudicado">SI</SimpleData>
            <SimpleData name="Empresa">Hyh Consultores SRL</SimpleData>
            <SimpleData name="Lote">H</SimpleData>
            <SimpleData name="Monitorear">Si</SimpleData>
            <SimpleData name="Fecha_de_M">-</SimpleData>
            <SimpleData name="F__de_pren">-</SimpleData>
            <SimpleData name="Estado_FAO">Monitorear</SimpleData>
            <SimpleData name="Etapa_de_i">Mantenimiento A?o 1.1</SimpleData>
            <SimpleData name="Fecha_visi">2026/08/17</SimpleData>
            <SimpleData name="Cumple_sup">Si</SimpleData>
            <SimpleData name="Estado_mon">-</SimpleData>
            <SimpleData name="Situaci_12">-</SimpleData>
            <SimpleData name="Observaci">-</SimpleData>
            <SimpleData name="Dias_trans">13.45376157410</SimpleData>
            <SimpleData name="Prioridad">ALTA</SimpleData>
            <SimpleData name="OBJECTID_1">53</SimpleData>
          </SchemaData>
        </ExtendedData>
        <Point>
          <coordinates>
            -55.9429919499996,-23.8820302829997,0
          </coordinates>
        </Point>
      </Placemark>
      <Placemark id="Distrito_YPEJH__.27">
        <ExtendedData>
          <SchemaData schemaUrl="#Distrito_YPEJH__.schema">
            <SimpleData name="Cédula">5659915.00000000000</SimpleData>
            <SimpleData name="cedula">5659915</SimpleData>
            <SimpleData name="Nombres_y_">EDGAR CRISTINO ESPINOLA BENITEZ</SimpleData>
            <SimpleData name="Sexo">Hombre</SimpleData>
            <SimpleData name="Cambio_de_">NO</SimpleData>
            <SimpleData name="Titular_se">NO</SimpleData>
            <SimpleData name="Situación">NO</SimpleData>
            <SimpleData name="Comunidad">Ind?gena</SimpleData>
            <SimpleData name="Modelo_imp">Modelo 5</SimpleData>
            <SimpleData name="Departamen">CANINDEYU</SimpleData>
            <SimpleData name="Distrito">YPEJH?</SimpleData>
            <SimpleData name="Localidad"><![CDATA[COM INDIG KA'AGUYJU CANDADO]]></SimpleData>
            <SimpleData name="Teléfono">0984032526</SimpleData>
            <SimpleData name="Vivienda_L">-23.95481170000</SimpleData>
            <SimpleData name="Vivienda_1">-55.93189430000</SimpleData>
            <SimpleData name="Superficie">0.70000000000</SimpleData>
            <SimpleData name="Situaci_1">Par?metro</SimpleData>
            <SimpleData name="Plantado">Si</SimpleData>
            <SimpleData name="Parcela_La">-55.93250997000</SimpleData>
            <SimpleData name="Parcela_Lo">-23.95627799000</SimpleData>
            <SimpleData name="Grupo_Impl">G2</SimpleData>
            <SimpleData name="Grupo_de_P">H-P12-XX-XX-XX</SimpleData>
            <SimpleData name="Jornales">0.00000000000</SimpleData>
            <SimpleData name="Monto">0.00000000000</SimpleData>
            <SimpleData name="ETAPA_FAO">Mantenimiento A?o 1.1</SimpleData>
            <SimpleData name="Estado_del">Activo</SimpleData>
            <SimpleData name="Adjudicado">SI</SimpleData>
            <SimpleData name="Empresa">Hyh Consultores SRL</SimpleData>
            <SimpleData name="Lote">H</SimpleData>
            <SimpleData name="Monitorear">No</SimpleData>
            <SimpleData name="Fecha_de_M">-</SimpleData>
            <SimpleData name="F__de_pren">-</SimpleData>
            <SimpleData name="Estado_FAO">Monitorear</SimpleData>
            <SimpleData name="Etapa_de_i">Mantenimiento A?o 1.1</SimpleData>
            <SimpleData name="Fecha_visi">2026/08/27</SimpleData>
            <SimpleData name="Cumple_sup">Si</SimpleData>
            <SimpleData name="Estado_mon">-</SimpleData>
            <SimpleData name="Situaci_12">-</SimpleData>
            <SimpleData name="Observaci">-</SimpleData>
            <SimpleData name="Dias_trans">3.48437500000</SimpleData>
            <SimpleData name="Prioridad">ALTA</SimpleData>
            <SimpleData name="OBJECTID_1">64</SimpleData>
          </SchemaData>
        </ExtendedData>
        <Point>
          <coordinates>
            -55.9325099692618,-23.9562779946602,0
          </coordinates>
        </Point>
      </Placemark>
      <Placemark id="Distrito_YPEJH__.28">
        <ExtendedData>
          <SchemaData schemaUrl="#Distrito_YPEJH__.schema">
            <SimpleData name="Cédula">5885715.00000000000</SimpleData>
            <SimpleData name="cedula">5885715</SimpleData>
            <SimpleData name="Nombres_y_">IDALINA MARTINEZ LOPEZ</SimpleData>
            <SimpleData name="Sexo">Mujer</SimpleData>
            <SimpleData name="Cambio_de_">NO</SimpleData>
            <SimpleData name="Titular_se">NO</SimpleData>
            <SimpleData name="Situación">NO</SimpleData>
            <SimpleData name="Comunidad">Ind?gena</SimpleData>
            <SimpleData name="Modelo_imp">Modelo 5</SimpleData>
            <SimpleData name="Departamen">CANINDEYU</SimpleData>
            <SimpleData name="Distrito">YPEJH?</SimpleData>
            <SimpleData name="Localidad">COM INDIG ITANARA-PARIRI</SimpleData>
            <SimpleData name="Teléfono">0986705917</SimpleData>
            <SimpleData name="Vivienda_L">-23.83853200000</SimpleData>
            <SimpleData name="Vivienda_1">-55.68758680000</SimpleData>
            <SimpleData name="Superficie">0.70000000000</SimpleData>
            <SimpleData name="Situaci_1">Par?metro</SimpleData>
            <SimpleData name="Plantado">Si</SimpleData>
            <SimpleData name="Parcela_La">-55.68679323000</SimpleData>
            <SimpleData name="Parcela_Lo">-23.83773060000</SimpleData>
            <SimpleData name="Grupo_Impl">G2</SimpleData>
            <SimpleData name="Grupo_de_P">H-P7-XX-XX-XX</SimpleData>
            <SimpleData name="Jornales">0.00000000000</SimpleData>
            <SimpleData name="Monto">0.00000000000</SimpleData>
            <SimpleData name="ETAPA_FAO">Mantenimiento A?o 1.1</SimpleData>
            <SimpleData name="Estado_del">Activo</SimpleData>
            <SimpleData name="Adjudicado">SI</SimpleData>
            <SimpleData name="Empresa">Hyh Consultores SRL</SimpleData>
            <SimpleData name="Lote">H</SimpleData>
            <SimpleData name="Monitorear">Si</SimpleData>
            <SimpleData name="Fecha_de_M">-</SimpleData>
            <SimpleData name="F__de_pren">-</SimpleData>
            <SimpleData name="Estado_FAO">Monitorear</SimpleData>
            <SimpleData name="Etapa_de_i">Mantenimiento A?o 1.1</SimpleData>
            <SimpleData name="Fecha_visi">2026/08/18</SimpleData>
            <SimpleData name="Cumple_sup">Si</SimpleData>
            <SimpleData name="Estado_mon">-</SimpleData>
            <SimpleData name="Situaci_12">-</SimpleData>
            <SimpleData name="Observaci">-</SimpleData>
            <SimpleData name="Dias_trans">12.43361111110</SimpleData>
            <SimpleData name="Prioridad">ALTA</SimpleData>
            <SimpleData name="OBJECTID_1">59</SimpleData>
          </SchemaData>
        </ExtendedData>
        <Point>
          <coordinates>
            -55.6867932252496,-23.837730595661,0
          </coordinates>
        </Point>
      </Placemark>
      <Placemark id="Distrito_YPEJH__.29">
        <ExtendedData>
          <SchemaData schemaUrl="#Distrito_YPEJH__.schema">
            <SimpleData name="Cédula">6757451.00000000000</SimpleData>
            <SimpleData name="cedula">6757451</SimpleData>
            <SimpleData name="Nombres_y_">NEUSA AQUINO ROMERO</SimpleData>
            <SimpleData name="Sexo">Mujer</SimpleData>
            <SimpleData name="Cambio_de_">NO</SimpleData>
            <SimpleData name="Titular_se">NO</SimpleData>
            <SimpleData name="Situación">NO</SimpleData>
            <SimpleData name="Comunidad">Ind?gena</SimpleData>
            <SimpleData name="Modelo_imp">Modelo 2</SimpleData>
            <SimpleData name="Departamen">CANINDEYU</SimpleData>
            <SimpleData name="Distrito">YPEJH?</SimpleData>
            <SimpleData name="Localidad">COM INDIG ITANARA-PARIRI</SimpleData>
            <SimpleData name="Teléfono">0983954537</SimpleData>
            <SimpleData name="Vivienda_L">-23.86712430000</SimpleData>
            <SimpleData name="Vivienda_1">-55.69356720000</SimpleData>
            <SimpleData name="Superficie">0.80000000000</SimpleData>
            <SimpleData name="Situaci_1">Par?metro</SimpleData>
            <SimpleData name="Plantado">Si</SimpleData>
            <SimpleData name="Parcela_La">-55.69291550000</SimpleData>
            <SimpleData name="Parcela_Lo">-23.86662656000</SimpleData>
            <SimpleData name="Grupo_Impl">G2</SimpleData>
            <SimpleData name="Grupo_de_P">H-P8-XX-XX-XX</SimpleData>
            <SimpleData name="Jornales">0.00000000000</SimpleData>
            <SimpleData name="Monto">0.00000000000</SimpleData>
            <SimpleData name="ETAPA_FAO">Mantenimiento A?o 1.1</SimpleData>
            <SimpleData name="Estado_del">Activo</SimpleData>
            <SimpleData name="Adjudicado">SI</SimpleData>
            <SimpleData name="Empresa">Hyh Consultores SRL</SimpleData>
            <SimpleData name="Lote">H</SimpleData>
            <SimpleData name="Monitorear">Si</SimpleData>
            <SimpleData name="Fecha_de_M">-</SimpleData>
            <SimpleData name="F__de_pren">-</SimpleData>
            <SimpleData name="Estado_FAO">Monitorear</SimpleData>
            <SimpleData name="Etapa_de_i">Mantenimiento A?o 1.1</SimpleData>
            <SimpleData name="Fecha_visi">2026/08/25</SimpleData>
            <SimpleData name="Cumple_sup">Si</SimpleData>
            <SimpleData name="Estado_mon">-</SimpleData>
            <SimpleData name="Situaci_12">-</SimpleData>
            <SimpleData name="Observaci">-</SimpleData>
            <SimpleData name="Dias_trans">5.37982638889</SimpleData>
            <SimpleData name="Prioridad">ALTA</SimpleData>
            <SimpleData name="OBJECTID_1">92</SimpleData>
          </SchemaData>
        </ExtendedData>
        <Point>
          <coordinates>
            -55.6929155038865,-23.8666265644493,0
          </coordinates>
        </Point>
      </Placemark>
      <Placemark id="Distrito_YPEJH__.30">
        <ExtendedData>
          <SchemaData schemaUrl="#Distrito_YPEJH__.schema">
            <SimpleData name="Cédula">7283494.00000000000</SimpleData>
            <SimpleData name="cedula">7283494</SimpleData>
            <SimpleData name="Nombres_y_">IGNACIO MEDINA BENITEZ</SimpleData>
            <SimpleData name="Sexo">Hombre</SimpleData>
            <SimpleData name="Cambio_de_">NO</SimpleData>
            <SimpleData name="Titular_se">NO</SimpleData>
            <SimpleData name="Situación">NO</SimpleData>
            <SimpleData name="Comunidad">Ind?gena</SimpleData>
            <SimpleData name="Modelo_imp">Modelo 2</SimpleData>
            <SimpleData name="Departamen">CANINDEYU</SimpleData>
            <SimpleData name="Distrito">YPEJH?</SimpleData>
            <SimpleData name="Localidad">COM INDIG PYPUCU</SimpleData>
            <SimpleData name="Teléfono">0984094224</SimpleData>
            <SimpleData name="Vivienda_L">-23.89719930000</SimpleData>
            <SimpleData name="Vivienda_1">-55.65472530000</SimpleData>
            <SimpleData name="Superficie">0.80000000000</SimpleData>
            <SimpleData name="Situaci_1">Par?metro</SimpleData>
            <SimpleData name="Plantado">Si</SimpleData>
            <SimpleData name="Parcela_La">-55.65548625000</SimpleData>
            <SimpleData name="Parcela_Lo">-23.89769698000</SimpleData>
            <SimpleData name="Grupo_Impl">G2</SimpleData>
            <SimpleData name="Grupo_de_P">H-P7-XX-XX-XX</SimpleData>
            <SimpleData name="Jornales">0.00000000000</SimpleData>
            <SimpleData name="Monto">0.00000000000</SimpleData>
            <SimpleData name="ETAPA_FAO">Mantenimiento A?o 1.1</SimpleData>
            <SimpleData name="Estado_del">Activo</SimpleData>
            <SimpleData name="Adjudicado">SI</SimpleData>
            <SimpleData name="Empresa">Hyh Consultores SRL</SimpleData>
            <SimpleData name="Lote">H</SimpleData>
            <SimpleData name="Monitorear">Si</SimpleData>
            <SimpleData name="Fecha_de_M">-</SimpleData>
            <SimpleData name="F__de_pren">-</SimpleData>
            <SimpleData name="Estado_FAO">Monitorear</SimpleData>
            <SimpleData name="Etapa_de_i">Mantenimiento A?o 1.1</SimpleData>
            <SimpleData name="Fecha_visi">2026/08/26</SimpleData>
            <SimpleData name="Cumple_sup">Si</SimpleData>
            <SimpleData name="Estado_mon">-</SimpleData>
            <SimpleData name="Situaci_12">-</SimpleData>
            <SimpleData name="Observaci">-</SimpleData>
            <SimpleData name="Dias_trans">4.01262731481</SimpleData>
            <SimpleData name="Prioridad">ALTA</SimpleData>
            <SimpleData name="OBJECTID_1">78</SimpleData>
          </SchemaData>
        </ExtendedData>
        <Point>
          <coordinates>
            -55.655486247247,-23.897696983095,0
          </coordinates>
        </Point>
      </Placemark>
      <Placemark id="Distrito_YPEJH__.31">
        <ExtendedData>
          <SchemaData schemaUrl="#Distrito_YPEJH__.schema">
            <SimpleData name="Cédula">4046222.00000000000</SimpleData>
            <SimpleData name="cedula">4046222</SimpleData>
            <SimpleData name="Nombres_y_">FELIPA BENITEZ ROMERO</SimpleData>
            <SimpleData name="Sexo">Mujer</SimpleData>
            <SimpleData name="Cambio_de_">NO</SimpleData>
            <SimpleData name="Titular_se">NO</SimpleData>
            <SimpleData name="Situación">NO</SimpleData>
            <SimpleData name="Comunidad">Ind?gena</SimpleData>
            <SimpleData name="Modelo_imp">Modelo 5</SimpleData>
            <SimpleData name="Departamen">CANINDEYU</SimpleData>
            <SimpleData name="Distrito">YPEJH?</SimpleData>
            <SimpleData name="Localidad">COM INDIG YVY PAVE CA?ADA</SimpleData>
            <SimpleData name="Teléfono">ND</SimpleData>
            <SimpleData name="Vivienda_L">-23.95957070000</SimpleData>
            <SimpleData name="Vivienda_1">-55.90801720000</SimpleData>
            <SimpleData name="Superficie">0.70000000000</SimpleData>
            <SimpleData name="Situaci_1">Par?metro</SimpleData>
            <SimpleData name="Plantado">Si</SimpleData>
            <SimpleData name="Parcela_La">-55.91123872000</SimpleData>
            <SimpleData name="Parcela_Lo">-23.96030592000</SimpleData>
            <SimpleData name="Grupo_Impl">G2</SimpleData>
            <SimpleData name="Grupo_de_P">H-P9-XX-XX-XX</SimpleData>
            <SimpleData name="Jornales">0.00000000000</SimpleData>
            <SimpleData name="Monto">0.00000000000</SimpleData>
            <SimpleData name="ETAPA_FAO">Mantenimiento A?o 1.1</SimpleData>
            <SimpleData name="Estado_del">Activo</SimpleData>
            <SimpleData name="Adjudicado">SI</SimpleData>
            <SimpleData name="Empresa">Hyh Consultores SRL</SimpleData>
            <SimpleData name="Lote">H</SimpleData>
            <SimpleData name="Monitorear">No</SimpleData>
            <SimpleData name="Fecha_de_M">-</SimpleData>
            <SimpleData name="F__de_pren">-</SimpleData>
            <SimpleData name="Estado_FAO">Monitorear</SimpleData>
            <SimpleData name="Etapa_de_i">Mantenimiento A?o 1.1</SimpleData>
            <SimpleData name="Fecha_visi">2026/08/08</SimpleData>
            <SimpleData name="Cumple_sup">Si</SimpleData>
            <SimpleData name="Estado_mon">-</SimpleData>
            <SimpleData name="Situaci_12">-</SimpleData>
            <SimpleData name="Observaci">-</SimpleData>
            <SimpleData name="Dias_trans">22.51069444440</SimpleData>
            <SimpleData name="Prioridad">ALTA</SimpleData>
            <SimpleData name="OBJECTID_1">86</SimpleData>
          </SchemaData>
        </ExtendedData>
        <MultiGeometry>
          <Point>
            <coordinates>
              -55.911680703344,-23.9607830974573,0
            </coordinates>
          </Point>
          <Point>
            <coordinates>
              -55.9112387077103,-23.9603059088753,0
            </coordinates>
          </Point>
        </MultiGeometry>
      </Placemark>
      <Placemark id="Distrito_YPEJH__.32">
        <ExtendedData>
          <SchemaData schemaUrl="#Distrito_YPEJH__.schema">
            <SimpleData name="Cédula">5454036.00000000000</SimpleData>
            <SimpleData name="cedula">5454036</SimpleData>
            <SimpleData name="Nombres_y_">CRISTINA LOPEZ ROA</SimpleData>
            <SimpleData name="Sexo">Mujer</SimpleData>
            <SimpleData name="Cambio_de_">NO</SimpleData>
            <SimpleData name="Titular_se">NO</SimpleData>
            <SimpleData name="Situación">NO</SimpleData>
            <SimpleData name="Comunidad">Ind?gena</SimpleData>
            <SimpleData name="Modelo_imp">Modelo 5</SimpleData>
            <SimpleData name="Departamen">CANINDEYU</SimpleData>
            <SimpleData name="Distrito">YPEJH?</SimpleData>
            <SimpleData name="Localidad">COM INDIG PYPUCU</SimpleData>
            <SimpleData name="Teléfono">ND</SimpleData>
            <SimpleData name="Vivienda_L">-23.91436000000</SimpleData>
            <SimpleData name="Vivienda_1">-55.65242850000</SimpleData>
            <SimpleData name="Superficie">0.70000000000</SimpleData>
            <SimpleData name="Situaci_1">Par?metro</SimpleData>
            <SimpleData name="Plantado">Si</SimpleData>
            <SimpleData name="Parcela_La">-55.65261022000</SimpleData>
            <SimpleData name="Parcela_Lo">-23.91523351000</SimpleData>
            <SimpleData name="Grupo_Impl">G2</SimpleData>
            <SimpleData name="Grupo_de_P">H-P6-XX-XX-XX</SimpleData>
            <SimpleData name="Jornales">0.00000000000</SimpleData>
            <SimpleData name="Monto">0.00000000000</SimpleData>
            <SimpleData name="ETAPA_FAO">Mantenimiento A?o 1.1</SimpleData>
            <SimpleData name="Estado_del">Activo</SimpleData>
            <SimpleData name="Adjudicado">SI</SimpleData>
            <SimpleData name="Empresa">Hyh Consultores SRL</SimpleData>
            <SimpleData name="Lote">H</SimpleData>
            <SimpleData name="Monitorear">No</SimpleData>
            <SimpleData name="Fecha_de_M">-</SimpleData>
            <SimpleData name="F__de_pren">-</SimpleData>
            <SimpleData name="Estado_FAO">Verificar posible desercion</SimpleData>
            <SimpleData name="Etapa_de_i">Mantenimiento A?o 1.1</SimpleData>
            <SimpleData name="Fecha_visi">2026/08/25</SimpleData>
            <SimpleData name="Cumple_sup">-</SimpleData>
            <SimpleData name="Estado_mon">-</SimpleData>
            <SimpleData name="Situaci_12">-</SimpleData>
            <SimpleData name="Observaci">Abandono desinteres</SimpleData>
            <SimpleData name="Dias_trans">5.30066018519</SimpleData>
            <SimpleData name="Prioridad">ALTA</SimpleData>
            <SimpleData name="OBJECTID_1">76</SimpleData>
          </SchemaData>
        </ExtendedData>
        <Point>
          <coordinates>
            -55.6526102157092,-23.9152335093008,0
          </coordinates>
        </Point>
      </Placemark>
      <Placemark id="Distrito_YPEJH__.33">
        <ExtendedData>
          <SchemaData schemaUrl="#Distrito_YPEJH__.schema">
            <SimpleData name="Cédula">8116462.00000000000</SimpleData>
            <SimpleData name="cedula">8116462</SimpleData>
            <SimpleData name="Nombres_y_">RAMON ROMERO SOSA</SimpleData>
            <SimpleData name="Sexo">Hombre</SimpleData>
            <SimpleData name="Cambio_de_">NO</SimpleData>
            <SimpleData name="Titular_se">NO</SimpleData>
            <SimpleData name="Situación">NO</SimpleData>
            <SimpleData name="Comunidad">Ind?gena</SimpleData>
            <SimpleData name="Modelo_imp">Modelo 5</SimpleData>
            <SimpleData name="Departamen">CANINDEYU</SimpleData>
            <SimpleData name="Distrito">YPEJH?</SimpleData>
            <SimpleData name="Localidad">COM INDIG KABAYU PASO</SimpleData>
            <SimpleData name="Teléfono">0986862521</SimpleData>
            <SimpleData name="Vivienda_L">-23.99591900000</SimpleData>
            <SimpleData name="Vivienda_1">-55.86817690000</SimpleData>
            <SimpleData name="Superficie">0.70000000000</SimpleData>
            <SimpleData name="Situaci_1">Pol?gono</SimpleData>
            <SimpleData name="Plantado">Si</SimpleData>
            <SimpleData name="Parcela_La">-55.86696309000</SimpleData>
            <SimpleData name="Parcela_Lo">-23.99610895000</SimpleData>
            <SimpleData name="Grupo_Impl">G2</SimpleData>
            <SimpleData name="Grupo_de_P">H-P5-P11X-XX-XX</SimpleData>
            <SimpleData name="Jornales">0.00000000000</SimpleData>
            <SimpleData name="Monto">0.00000000000</SimpleData>
            <SimpleData name="ETAPA_FAO">Mantenimiento A?o 1.1</SimpleData>
            <SimpleData name="Estado_del">Activo</SimpleData>
            <SimpleData name="Adjudicado">SI</SimpleData>
            <SimpleData name="Empresa">Hyh Consultores SRL</SimpleData>
            <SimpleData name="Lote">H</SimpleData>
            <SimpleData name="Monitorear">No</SimpleData>
            <SimpleData name="Fecha_de_M">-</SimpleData>
            <SimpleData name="F__de_pren">-</SimpleData>
            <SimpleData name="Estado_FAO">Verificar posible desercion</SimpleData>
            <SimpleData name="Etapa_de_i">Mantenimiento A?o 1.1</SimpleData>
            <SimpleData name="Fecha_visi">2026/08/26</SimpleData>
            <SimpleData name="Cumple_sup">-</SimpleData>
            <SimpleData name="Estado_mon">-</SimpleData>
            <SimpleData name="Situaci_12">-</SimpleData>
            <SimpleData name="Observaci">Parcela utilizada para otros rubros</SimpleData>
            <SimpleData name="Dias_trans">4.33462685185</SimpleData>
            <SimpleData name="Prioridad">ALTA</SimpleData>
            <SimpleData name="OBJECTID_1">68</SimpleData>
          </SchemaData>
        </ExtendedData>
        <Point>
          <coordinates>
            -55.8669630911823,-23.9961089518772,0
          </coordinates>
        </Point>
      </Placemark>
      <Placemark id="Distrito_YPEJH__.34">
        <ExtendedData>
          <SchemaData schemaUrl="#Distrito_YPEJH__.schema">
            <SimpleData name="Cédula">8418620.00000000000</SimpleData>
            <SimpleData name="cedula">8418620</SimpleData>
            <SimpleData name="Nombres_y_">MARILINA ROA PERALTA</SimpleData>
            <SimpleData name="Sexo">Mujer</SimpleData>
            <SimpleData name="Cambio_de_">NO</SimpleData>
            <SimpleData name="Titular_se">NO</SimpleData>
            <SimpleData name="Comunidad">Ind?gena</SimpleData>
            <SimpleData name="Modelo_imp">Modelo 1</SimpleData>
            <SimpleData name="Departamen">CANINDEYU</SimpleData>
            <SimpleData name="Distrito">YPEJH?</SimpleData>
            <SimpleData name="Localidad">COM INDIG PYPUCU</SimpleData>
            <SimpleData name="Teléfono">983191542</SimpleData>
            <SimpleData name="Vivienda_L">-23.91624130000</SimpleData>
            <SimpleData name="Vivienda_1">-55.63962180000</SimpleData>
            <SimpleData name="Superficie">0.80000000000</SimpleData>
            <SimpleData name="Situaci_1">Parametro</SimpleData>
            <SimpleData name="Plantado">Si</SimpleData>
            <SimpleData name="Parcela_La">-55.64077053000</SimpleData>
            <SimpleData name="Parcela_Lo">-23.91405309000</SimpleData>
            <SimpleData name="Grupo_Impl">G2</SimpleData>
            <SimpleData name="Grupo_de_P">H-P14-XX-XX-XX</SimpleData>
            <SimpleData name="Jornales">0.00000000000</SimpleData>
            <SimpleData name="Monto">0.00000000000</SimpleData>
            <SimpleData name="ETAPA_FAO">Mantenimiento A?o 1.1</SimpleData>
            <SimpleData name="Estado_del">Activo</SimpleData>
            <SimpleData name="Adjudicado">Si</SimpleData>
            <SimpleData name="Empresa">Hyh Consultores SRL</SimpleData>
            <SimpleData name="Lote">H</SimpleData>
            <SimpleData name="Monitorear">Si</SimpleData>
            <SimpleData name="Fecha_de_M">-</SimpleData>
            <SimpleData name="F__de_pren">-</SimpleData>
            <SimpleData name="Estado_FAO">Monitorear</SimpleData>
            <SimpleData name="Etapa_de_i">Mantenimiento A?o 1.1</SimpleData>
            <SimpleData name="Fecha_visi">2026/08/28</SimpleData>
            <SimpleData name="Cumple_sup">Si</SimpleData>
            <SimpleData name="Estado_mon">-</SimpleData>
            <SimpleData name="Situaci_12">-</SimpleData>
            <SimpleData name="Observaci">-</SimpleData>
            <SimpleData name="Dias_trans">2.15589120371</SimpleData>
            <SimpleData name="Prioridad">ALTA</SimpleData>
            <SimpleData name="OBJECTID_1">317</SimpleData>
          </SchemaData>
        </ExtendedData>
        <Point>
          <coordinates>
            -55.6407705306372,-23.9140530932793,0
          </coordinates>
        </Point>
      </Placemark>
      <Placemark id="Distrito_YPEJH__.35">
        <ExtendedData>
          <SchemaData schemaUrl="#Distrito_YPEJH__.schema">
            <SimpleData name="Cédula">8323645.00000000000</SimpleData>
            <SimpleData name="cedula">8323645</SimpleData>
            <SimpleData name="Nombres_y_">ANELIS LOPEZ AQUINO</SimpleData>
            <SimpleData name="Sexo">Mujer</SimpleData>
            <SimpleData name="Cambio_de_">NO</SimpleData>
            <SimpleData name="Titular_se">NO</SimpleData>
            <SimpleData name="Situación">NO</SimpleData>
            <SimpleData name="Comunidad">Ind?gena</SimpleData>
            <SimpleData name="Modelo_imp">Modelo 5</SimpleData>
            <SimpleData name="Departamen">CANINDEYU</SimpleData>
            <SimpleData name="Distrito">YPEJH?</SimpleData>
            <SimpleData name="Localidad">COM INDIG ITANARA-PARIRI</SimpleData>
            <SimpleData name="Teléfono">0986705917</SimpleData>
            <SimpleData name="Vivienda_L">-23.86007460000</SimpleData>
            <SimpleData name="Vivienda_1">-55.69806300000</SimpleData>
            <SimpleData name="Superficie">0.70000000000</SimpleData>
            <SimpleData name="Situaci_1">Par?metro</SimpleData>
            <SimpleData name="Plantado">Si</SimpleData>
            <SimpleData name="Parcela_La">-55.69703952000</SimpleData>
            <SimpleData name="Parcela_Lo">-23.86017246000</SimpleData>
            <SimpleData name="Grupo_Impl">G2</SimpleData>
            <SimpleData name="Grupo_de_P">H-P6-P11X-XX-XX</SimpleData>
            <SimpleData name="Jornales">0.00000000000</SimpleData>
            <SimpleData name="Monto">0.00000000000</SimpleData>
            <SimpleData name="ETAPA_FAO">Mantenimiento A?o 1.1</SimpleData>
            <SimpleData name="Estado_del">Activo</SimpleData>
            <SimpleData name="Adjudicado">SI</SimpleData>
            <SimpleData name="Empresa">Hyh Consultores SRL</SimpleData>
            <SimpleData name="Lote">H</SimpleData>
            <SimpleData name="Monitorear">Si</SimpleData>
            <SimpleData name="Fecha_de_M">-</SimpleData>
            <SimpleData name="F__de_pren">-</SimpleData>
            <SimpleData name="Estado_FAO">Verificar posible desercion</SimpleData>
            <SimpleData name="Etapa_de_i">Mantenimiento A?o 1.1</SimpleData>
            <SimpleData name="Fecha_visi">2026/08/24</SimpleData>
            <SimpleData name="Estado_mon">?????? CUMPLE??????</SimpleData>
            <SimpleData name="Observaci">Afectado por incendios desinteres</SimpleData>
            <SimpleData name="Dias_trans">6.36143598380</SimpleData>
            <SimpleData name="Prioridad">ALTA</SimpleData>
            <SimpleData name="OBJECTID_1">93</SimpleData>
          </SchemaData>
        </ExtendedData>
        <Point>
          <coordinates>
            -55.6970395188151,-23.8601724642917,0
          </coordinates>
        </Point>
      </Placemark>
      <Placemark id="Distrito_YPEJH__.36">
        <ExtendedData>
          <SchemaData schemaUrl="#Distrito_YPEJH__.schema">
            <SimpleData name="Cédula">7256969.00000000000</SimpleData>
            <SimpleData name="cedula">7256969</SimpleData>
            <SimpleData name="Nombres_y_">GREGORIA ROA VERGARA</SimpleData>
            <SimpleData name="Sexo">Mujer</SimpleData>
            <SimpleData name="Cambio_de_">NO</SimpleData>
            <SimpleData name="Titular_se">NO</SimpleData>
            <SimpleData name="Situación">NO</SimpleData>
            <SimpleData name="Comunidad">Ind?gena</SimpleData>
            <SimpleData name="Modelo_imp">Modelo 5</SimpleData>
            <SimpleData name="Departamen">CANINDEYU</SimpleData>
            <SimpleData name="Distrito">YPEJH?</SimpleData>
            <SimpleData name="Localidad">COM INDIG PYPUCU</SimpleData>
            <SimpleData name="Teléfono">0985919105</SimpleData>
            <SimpleData name="Vivienda_L">-23.90659950000</SimpleData>
            <SimpleData name="Vivienda_1">-55.66995760000</SimpleData>
            <SimpleData name="Superficie">0.70000000000</SimpleData>
            <SimpleData name="Situaci_1">Par?metro</SimpleData>
            <SimpleData name="Plantado">Si</SimpleData>
            <SimpleData name="Parcela_La">-55.66734147000</SimpleData>
            <SimpleData name="Parcela_Lo">-23.91021110000</SimpleData>
            <SimpleData name="Grupo_Impl">G2</SimpleData>
            <SimpleData name="Grupo_de_P">H-P6-XX-XX-XX</SimpleData>
            <SimpleData name="Jornales">0.00000000000</SimpleData>
            <SimpleData name="Monto">0.00000000000</SimpleData>
            <SimpleData name="ETAPA_FAO">Mantenimiento A?o 1.1</SimpleData>
            <SimpleData name="Estado_del">Activo</SimpleData>
            <SimpleData name="Adjudicado">SI</SimpleData>
            <SimpleData name="Empresa">Hyh Consultores SRL</SimpleData>
            <SimpleData name="Lote">H</SimpleData>
            <SimpleData name="Monitorear">Si</SimpleData>
            <SimpleData name="Fecha_de_M">-</SimpleData>
            <SimpleData name="F__de_pren">-</SimpleData>
            <SimpleData name="Estado_FAO">Monitorear</SimpleData>
            <SimpleData name="Etapa_de_i">Mantenimiento A?o 1.1</SimpleData>
            <SimpleData name="Fecha_visi">2026/08/25</SimpleData>
            <SimpleData name="Cumple_sup">Si</SimpleData>
            <SimpleData name="Estado_mon">-</SimpleData>
            <SimpleData name="Situaci_12">-</SimpleData>
            <SimpleData name="Observaci">-</SimpleData>
            <SimpleData name="Dias_trans">5.63275462963</SimpleData>
            <SimpleData name="Prioridad">ALTA</SimpleData>
            <SimpleData name="OBJECTID_1">65</SimpleData>
          </SchemaData>
        </ExtendedData>
        <MultiGeometry>
          <Point>
            <coordinates>
              -55.6685374652175,-23.9084090665721,0
            </coordinates>
          </Point>
          <Point>
            <coordinates>
              -55.6673414675093,-23.9102110952149,0
            </coordinates>
          </Point>
        </MultiGeometry>
      </Placemark>
      <Placemark id="Distrito_YPEJH__.37">
        <ExtendedData>
          <SchemaData schemaUrl="#Distrito_YPEJH__.schema">
            <SimpleData name="Cédula">3379305.00000000000</SimpleData>
            <SimpleData name="cedula">3379305</SimpleData>
            <SimpleData name="Nombres_y_">GERTRUDIS BAEZ</SimpleData>
            <SimpleData name="Sexo">Mujer</SimpleData>
            <SimpleData name="Cambio_de_">NO</SimpleData>
            <SimpleData name="Titular_se">NO</SimpleData>
            <SimpleData name="Situación">NO</SimpleData>
            <SimpleData name="Comunidad">Campesina</SimpleData>
            <SimpleData name="Modelo_imp">Modelo 1</SimpleData>
            <SimpleData name="Departamen">CANINDEYU</SimpleData>
            <SimpleData name="Distrito">YPEJH?</SimpleData>
            <SimpleData name="Localidad">ASENTAMIENTO ARA VERA 1</SimpleData>
            <SimpleData name="Teléfono">0982779840</SimpleData>
            <SimpleData name="Vivienda_L">-23.91175330000</SimpleData>
            <SimpleData name="Vivienda_1">-55.94801830000</SimpleData>
            <SimpleData name="Superficie">0.90000000000</SimpleData>
            <SimpleData name="Situaci_1">Par?metro</SimpleData>
            <SimpleData name="Plantado">Si</SimpleData>
            <SimpleData name="Parcela_La">-55.94850390000</SimpleData>
            <SimpleData name="Parcela_Lo">-23.91363561000</SimpleData>
            <SimpleData name="Grupo_Impl">G2</SimpleData>
            <SimpleData name="Grupo_de_P">H-P9-XX-XX-XX</SimpleData>
            <SimpleData name="Jornales">0.00000000000</SimpleData>
            <SimpleData name="Monto">0.00000000000</SimpleData>
            <SimpleData name="ETAPA_FAO">Mantenimiento A?o 1.1</SimpleData>
            <SimpleData name="Estado_del">Activo</SimpleData>
            <SimpleData name="Adjudicado">SI</SimpleData>
            <SimpleData name="Empresa">Hyh Consultores SRL</SimpleData>
            <SimpleData name="Lote">H</SimpleData>
            <SimpleData name="Monitorear">No</SimpleData>
            <SimpleData name="Fecha_de_M">-</SimpleData>
            <SimpleData name="F__de_pren">-</SimpleData>
            <SimpleData name="Estado_FAO">Monitorear</SimpleData>
            <SimpleData name="Etapa_de_i">Mantenimiento A?o 1.1</SimpleData>
            <SimpleData name="Fecha_visi">2026/08/13</SimpleData>
            <SimpleData name="Cumple_sup">Si</SimpleData>
            <SimpleData name="Estado_mon">-</SimpleData>
            <SimpleData name="Situaci_12">-</SimpleData>
            <SimpleData name="Observaci">-</SimpleData>
            <SimpleData name="Dias_trans">17.35364583330</SimpleData>
            <SimpleData name="Prioridad">ALTA</SimpleData>
            <SimpleData name="OBJECTID_1">75</SimpleData>
          </SchemaData>
        </ExtendedData>
        <Point>
          <coordinates>
            -55.9485039029093,-23.91363561449,0
          </coordinates>
        </Point>
      </Placemark>
      <Placemark id="Distrito_YPEJH__.38">
        <ExtendedData>
          <SchemaData schemaUrl="#Distrito_YPEJH__.schema">
            <SimpleData name="Cédula">6757498.00000000000</SimpleData>
            <SimpleData name="cedula">6757498</SimpleData>
            <SimpleData name="Nombres_y_">GENARA VERGARA LOPEZ</SimpleData>
            <SimpleData name="Sexo">Mujer</SimpleData>
            <SimpleData name="Cambio_de_">NO</SimpleData>
            <SimpleData name="Titular_se">NO</SimpleData>
            <SimpleData name="Situación">NO</SimpleData>
            <SimpleData name="Comunidad">Ind?gena</SimpleData>
            <SimpleData name="Modelo_imp">Modelo 1</SimpleData>
            <SimpleData name="Departamen">CANINDEYU</SimpleData>
            <SimpleData name="Distrito">YPEJH?</SimpleData>
            <SimpleData name="Localidad">COM INDIG ITANARA-PARIRI</SimpleData>
            <SimpleData name="Teléfono">0986705917</SimpleData>
            <SimpleData name="Vivienda_L">-23.83749330000</SimpleData>
            <SimpleData name="Vivienda_1">-55.68432000000</SimpleData>
            <SimpleData name="Superficie">0.80000000000</SimpleData>
            <SimpleData name="Situaci_1">Par?metro</SimpleData>
            <SimpleData name="Plantado">Si</SimpleData>
            <SimpleData name="Parcela_La">-55.68455143000</SimpleData>
            <SimpleData name="Parcela_Lo">-23.84034640000</SimpleData>
            <SimpleData name="Grupo_Impl">G2</SimpleData>
            <SimpleData name="Grupo_de_P">H-P8-XX-XX-XX</SimpleData>
            <SimpleData name="Jornales">0.00000000000</SimpleData>
            <SimpleData name="Monto">0.00000000000</SimpleData>
            <SimpleData name="ETAPA_FAO">Mantenimiento A?o 1.1</SimpleData>
            <SimpleData name="Estado_del">Activo</SimpleData>
            <SimpleData name="Adjudicado">SI</SimpleData>
            <SimpleData name="Empresa">Hyh Consultores SRL</SimpleData>
            <SimpleData name="Lote">H</SimpleData>
            <SimpleData name="Monitorear">Si</SimpleData>
            <SimpleData name="Fecha_de_M">-</SimpleData>
            <SimpleData name="F__de_pren">-</SimpleData>
            <SimpleData name="Estado_FAO">Monitorear</SimpleData>
            <SimpleData name="Etapa_de_i">Mantenimiento A?o 1.1</SimpleData>
            <SimpleData name="Fecha_visi">2026/08/18</SimpleData>
            <SimpleData name="Cumple_sup">Si</SimpleData>
            <SimpleData name="Estado_mon">-</SimpleData>
            <SimpleData name="Situaci_12">-</SimpleData>
            <SimpleData name="Observaci">-</SimpleData>
            <SimpleData name="Dias_trans">12.50313657410</SimpleData>
            <SimpleData name="Prioridad">ALTA</SimpleData>
            <SimpleData name="OBJECTID_1">58</SimpleData>
          </SchemaData>
        </ExtendedData>
        <Point>
          <coordinates>
            -55.6845514301317,-23.8403464021254,0
          </coordinates>
        </Point>
      </Placemark>
      <Placemark id="Distrito_YPEJH__.39">
        <ExtendedData>
          <SchemaData schemaUrl="#Distrito_YPEJH__.schema">
            <SimpleData name="Cédula">6629774.00000000000</SimpleData>
            <SimpleData name="cedula">6629774</SimpleData>
            <SimpleData name="Nombres_y_">BETINA BRITEZ PERALTA</SimpleData>
            <SimpleData name="Sexo">Mujer</SimpleData>
            <SimpleData name="Cambio_de_">NO</SimpleData>
            <SimpleData name="Titular_se">NO</SimpleData>
            <SimpleData name="Situación">NO</SimpleData>
            <SimpleData name="Comunidad">Ind?gena</SimpleData>
            <SimpleData name="Modelo_imp">Modelo 1</SimpleData>
            <SimpleData name="Departamen">CANINDEYU</SimpleData>
            <SimpleData name="Distrito">YPEJH?</SimpleData>
            <SimpleData name="Localidad">COM INDIG PYPUCU</SimpleData>
            <SimpleData name="Teléfono">0982423599</SimpleData>
            <SimpleData name="Vivienda_L">-23.90511110000</SimpleData>
            <SimpleData name="Vivienda_1">-55.66934750000</SimpleData>
            <SimpleData name="Superficie">0.80000000000</SimpleData>
            <SimpleData name="Situaci_1">Par?metro</SimpleData>
            <SimpleData name="Plantado">Si</SimpleData>
            <SimpleData name="Parcela_La">-55.66982185000</SimpleData>
            <SimpleData name="Parcela_Lo">-23.90465887000</SimpleData>
            <SimpleData name="Grupo_Impl">G2</SimpleData>
            <SimpleData name="Grupo_de_P">H-P8-XX-XX-XX</SimpleData>
            <SimpleData name="Jornales">0.00000000000</SimpleData>
            <SimpleData name="Monto">0.00000000000</SimpleData>
            <SimpleData name="ETAPA_FAO">Mantenimiento A?o 1.1</SimpleData>
            <SimpleData name="Estado_del">Activo</SimpleData>
            <SimpleData name="Adjudicado">SI</SimpleData>
            <SimpleData name="Empresa">Hyh Consultores SRL</SimpleData>
            <SimpleData name="Lote">H</SimpleData>
            <SimpleData name="Monitorear">Si</SimpleData>
            <SimpleData name="Fecha_de_M">-</SimpleData>
            <SimpleData name="F__de_pren">-</SimpleData>
            <SimpleData name="Estado_FAO">Monitorear</SimpleData>
            <SimpleData name="Etapa_de_i">Mantenimiento A?o 1.1</SimpleData>
            <SimpleData name="Fecha_visi">2026/08/28</SimpleData>
            <SimpleData name="Cumple_sup">Si</SimpleData>
            <SimpleData name="Estado_mon">-</SimpleData>
            <SimpleData name="Situaci_12">-</SimpleData>
            <SimpleData name="Observaci">-</SimpleData>
            <SimpleData name="Dias_trans">2.15605324074</SimpleData>
            <SimpleData name="Prioridad">ALTA</SimpleData>
            <SimpleData name="OBJECTID_1">67</SimpleData>
          </SchemaData>
        </ExtendedData>
        <Point>
          <coordinates>
            -55.6698218474978,-23.9046588731268,0
          </coordinates>
        </Point>
      </Placemark>
      <Placemark id="Distrito_YPEJH__.40">
        <ExtendedData>
          <SchemaData schemaUrl="#Distrito_YPEJH__.schema">
            <SimpleData name="Cédula">6822585.00000000000</SimpleData>
            <SimpleData name="cedula">6822585</SimpleData>
            <SimpleData name="Nombres_y_">SILVINA ROMERO RAMIREZ</SimpleData>
            <SimpleData name="Sexo">Mujer</SimpleData>
            <SimpleData name="Cambio_de_">NO</SimpleData>
            <SimpleData name="Titular_se">NO</SimpleData>
            <SimpleData name="Situación">NO</SimpleData>
            <SimpleData name="Comunidad">Ind?gena</SimpleData>
            <SimpleData name="Modelo_imp">Modelo 1</SimpleData>
            <SimpleData name="Departamen">CANINDEYU</SimpleData>
            <SimpleData name="Distrito">YPEJH?</SimpleData>
            <SimpleData name="Localidad">COM INDIG ITANARA-PARIRI</SimpleData>
            <SimpleData name="Teléfono">ND</SimpleData>
            <SimpleData name="Vivienda_L">-23.83657160000</SimpleData>
            <SimpleData name="Vivienda_1">-55.68474170000</SimpleData>
            <SimpleData name="Superficie">0.80000000000</SimpleData>
            <SimpleData name="Situaci_1">Par?metro</SimpleData>
            <SimpleData name="Plantado">Si</SimpleData>
            <SimpleData name="Parcela_La">-55.68607092000</SimpleData>
            <SimpleData name="Parcela_Lo">-23.83551960000</SimpleData>
            <SimpleData name="Grupo_Impl">G2</SimpleData>
            <SimpleData name="Grupo_de_P">H-P7-XX-XX-XX</SimpleData>
            <SimpleData name="Jornales">0.00000000000</SimpleData>
            <SimpleData name="Monto">0.00000000000</SimpleData>
            <SimpleData name="ETAPA_FAO">Mantenimiento A?o 1.1</SimpleData>
            <SimpleData name="Estado_del">Activo</SimpleData>
            <SimpleData name="Adjudicado">SI</SimpleData>
            <SimpleData name="Empresa">Hyh Consultores SRL</SimpleData>
            <SimpleData name="Lote">H</SimpleData>
            <SimpleData name="Monitorear">Si</SimpleData>
            <SimpleData name="Fecha_de_M">-</SimpleData>
            <SimpleData name="F__de_pren">-</SimpleData>
            <SimpleData name="Estado_FAO">Monitorear</SimpleData>
            <SimpleData name="Etapa_de_i">Mantenimiento A?o 1.1</SimpleData>
            <SimpleData name="Fecha_visi">2026/08/19</SimpleData>
            <SimpleData name="Cumple_sup">Si</SimpleData>
            <SimpleData name="Estado_mon">-</SimpleData>
            <SimpleData name="Situaci_12">-</SimpleData>
            <SimpleData name="Observaci">-</SimpleData>
            <SimpleData name="Dias_trans">11.49175925930</SimpleData>
            <SimpleData name="Prioridad">ALTA</SimpleData>
            <SimpleData name="OBJECTID_1">62</SimpleData>
          </SchemaData>
        </ExtendedData>
        <Point>
          <coordinates>
            -55.6860709200208,-23.8355196008579,0
          </coordinates>
        </Point>
      </Placemark>
      <Placemark id="Distrito_YPEJH__.41">
        <ExtendedData>
          <SchemaData schemaUrl="#Distrito_YPEJH__.schema">
            <SimpleData name="Cédula">6737438.00000000000</SimpleData>
            <SimpleData name="cedula">6737438</SimpleData>
            <SimpleData name="Nombres_y_">ARTEMIA CENTURION BENITEZ</SimpleData>
            <SimpleData name="Sexo">Mujer</SimpleData>
            <SimpleData name="Cambio_de_">NO</SimpleData>
            <SimpleData name="Titular_se">NO</SimpleData>
            <SimpleData name="Situación">NO</SimpleData>
            <SimpleData name="Comunidad">Ind?gena</SimpleData>
            <SimpleData name="Modelo_imp">Modelo 1</SimpleData>
            <SimpleData name="Departamen">CANINDEYU</SimpleData>
            <SimpleData name="Distrito">YPEJH?</SimpleData>
            <SimpleData name="Localidad">COM INDIG PYPUCU</SimpleData>
            <SimpleData name="Teléfono">ND</SimpleData>
            <SimpleData name="Vivienda_L">-23.90491270000</SimpleData>
            <SimpleData name="Vivienda_1">-55.66892670000</SimpleData>
            <SimpleData name="Superficie">0.80000000000</SimpleData>
            <SimpleData name="Situaci_1">Par?metro</SimpleData>
            <SimpleData name="Plantado">Si</SimpleData>
            <SimpleData name="Parcela_La">-55.66844136000</SimpleData>
            <SimpleData name="Parcela_Lo">-23.90946998000</SimpleData>
            <SimpleData name="Grupo_Impl">G2</SimpleData>
            <SimpleData name="Grupo_de_P">H-P6-XX-XX-XX</SimpleData>
            <SimpleData name="Jornales">0.00000000000</SimpleData>
            <SimpleData name="Monto">0.00000000000</SimpleData>
            <SimpleData name="ETAPA_FAO">Mantenimiento A?o 1.1</SimpleData>
            <SimpleData name="Estado_del">Activo</SimpleData>
            <SimpleData name="Adjudicado">SI</SimpleData>
            <SimpleData name="Empresa">Hyh Consultores SRL</SimpleData>
            <SimpleData name="Lote">H</SimpleData>
            <SimpleData name="Monitorear">Si</SimpleData>
            <SimpleData name="Fecha_de_M">-</SimpleData>
            <SimpleData name="F__de_pren">-</SimpleData>
            <SimpleData name="Estado_FAO">Monitorear</SimpleData>
            <SimpleData name="Etapa_de_i">Mantenimiento A?o 1.1</SimpleData>
            <SimpleData name="Fecha_visi">2026/08/25</SimpleData>
            <SimpleData name="Cumple_sup">Si</SimpleData>
            <SimpleData name="Estado_mon">-</SimpleData>
            <SimpleData name="Situaci_12">-</SimpleData>
            <SimpleData name="Observaci">-</SimpleData>
            <SimpleData name="Dias_trans">5.63280092592</SimpleData>
            <SimpleData name="Prioridad">ALTA</SimpleData>
            <SimpleData name="OBJECTID_1">80</SimpleData>
          </SchemaData>
        </ExtendedData>
        <Point>
          <coordinates>
            -55.6684413633312,-23.9094699805331,0
          </coordinates>
        </Point>
      </Placemark>
      <Placemark id="Distrito_YPEJH__.42">
        <ExtendedData>
          <SchemaData schemaUrl="#Distrito_YPEJH__.schema">
            <SimpleData name="Cédula">6740673.00000000000</SimpleData>
            <SimpleData name="cedula">6740673</SimpleData>
            <SimpleData name="Nombres_y_">ALICIA BENITEZ CHAPARRO</SimpleData>
            <SimpleData name="Sexo">Mujer</SimpleData>
            <SimpleData name="Cambio_de_">NO</SimpleData>
            <SimpleData name="Titular_se">NO</SimpleData>
            <SimpleData name="Situación">NO</SimpleData>
            <SimpleData name="Comunidad">Ind?gena</SimpleData>
            <SimpleData name="Modelo_imp">Modelo 1</SimpleData>
            <SimpleData name="Departamen">CANINDEYU</SimpleData>
            <SimpleData name="Distrito">YPEJH?</SimpleData>
            <SimpleData name="Localidad">COM INDIG YVY PAVE CA?ADA</SimpleData>
            <SimpleData name="Teléfono">ND</SimpleData>
            <SimpleData name="Vivienda_L">-23.95969000000</SimpleData>
            <SimpleData name="Vivienda_1">-55.90486830000</SimpleData>
            <SimpleData name="Superficie">0.80000000000</SimpleData>
            <SimpleData name="Situaci_1">Par?metro</SimpleData>
            <SimpleData name="Plantado">Si</SimpleData>
            <SimpleData name="Parcela_La">-55.90076937000</SimpleData>
            <SimpleData name="Parcela_Lo">-23.95286313000</SimpleData>
            <SimpleData name="Grupo_Impl">G2</SimpleData>
            <SimpleData name="Grupo_de_P">H-P14-XX-XX-XX</SimpleData>
            <SimpleData name="Jornales">0.00000000000</SimpleData>
            <SimpleData name="Monto">0.00000000000</SimpleData>
            <SimpleData name="ETAPA_FAO">Mantenimiento A?o 1.1</SimpleData>
            <SimpleData name="Estado_del">Activo</SimpleData>
            <SimpleData name="Adjudicado">SI</SimpleData>
            <SimpleData name="Empresa">Hyh Consultores SRL</SimpleData>
            <SimpleData name="Lote">H</SimpleData>
            <SimpleData name="Monitorear">No</SimpleData>
            <SimpleData name="Fecha_de_M">-</SimpleData>
            <SimpleData name="F__de_pren">-</SimpleData>
            <SimpleData name="Estado_FAO">Monitorear</SimpleData>
            <SimpleData name="Etapa_de_i">Mantenimiento A?o 1.1</SimpleData>
            <SimpleData name="Fecha_visi">2026/08/12</SimpleData>
            <SimpleData name="Cumple_sup">Si</SimpleData>
            <SimpleData name="Estado_mon">-</SimpleData>
            <SimpleData name="Situaci_12">-</SimpleData>
            <SimpleData name="Observaci">-</SimpleData>
            <SimpleData name="Dias_trans">18.43896990740</SimpleData>
            <SimpleData name="Prioridad">ALTA</SimpleData>
            <SimpleData name="OBJECTID_1">28</SimpleData>
          </SchemaData>
        </ExtendedData>
        <Point>
          <coordinates>
            -55.9004061128631,-23.9527865899527,0
          </coordinates>
        </Point>
      </Placemark>
      <Placemark id="Distrito_YPEJH__.43">
        <ExtendedData>
          <SchemaData schemaUrl="#Distrito_YPEJH__.schema">
            <SimpleData name="Cédula">8419317.00000000000</SimpleData>
            <SimpleData name="cedula">8419317</SimpleData>
            <SimpleData name="Nombres_y_">MARIA GARCETE ESPINOLA</SimpleData>
            <SimpleData name="Sexo">Mujer</SimpleData>
            <SimpleData name="Cambio_de_">NO</SimpleData>
            <SimpleData name="Titular_se">NO</SimpleData>
            <SimpleData name="Situación">NO</SimpleData>
            <SimpleData name="Comunidad">Ind?gena</SimpleData>
            <SimpleData name="Modelo_imp">Modelo 5</SimpleData>
            <SimpleData name="Departamen">CANINDEYU</SimpleData>
            <SimpleData name="Distrito">YPEJH?</SimpleData>
            <SimpleData name="Localidad">COM INDIG KABAYU PASO</SimpleData>
            <SimpleData name="Teléfono">ND</SimpleData>
            <SimpleData name="Vivienda_L">-24.00265570000</SimpleData>
            <SimpleData name="Vivienda_1">-55.87637900000</SimpleData>
            <SimpleData name="Superficie">0.70000000000</SimpleData>
            <SimpleData name="Situaci_1">Pol?gono</SimpleData>
            <SimpleData name="Plantado">Si</SimpleData>
            <SimpleData name="Parcela_La">-55.87582359000</SimpleData>
            <SimpleData name="Parcela_Lo">-24.00268927000</SimpleData>
            <SimpleData name="Grupo_Impl">G2</SimpleData>
            <SimpleData name="Grupo_de_P">H-P5-XX-XX-XX</SimpleData>
            <SimpleData name="Jornales">0.00000000000</SimpleData>
            <SimpleData name="Monto">0.00000000000</SimpleData>
            <SimpleData name="ETAPA_FAO">Mantenimiento A?o 1.1</SimpleData>
            <SimpleData name="Estado_del">Activo</SimpleData>
            <SimpleData name="Adjudicado">SI</SimpleData>
            <SimpleData name="Empresa">Hyh Consultores SRL</SimpleData>
            <SimpleData name="Lote">H</SimpleData>
            <SimpleData name="Monitorear">No</SimpleData>
            <SimpleData name="Fecha_de_M">-</SimpleData>
            <SimpleData name="F__de_pren">-</SimpleData>
            <SimpleData name="Estado_FAO">Verificar posible desercion</SimpleData>
            <SimpleData name="Etapa_de_i">Mantenimiento A?o 1.1</SimpleData>
            <SimpleData name="Fecha_visi">2026/08/26</SimpleData>
            <SimpleData name="Cumple_sup">-</SimpleData>
            <SimpleData name="Estado_mon">-</SimpleData>
            <SimpleData name="Situaci_12">-</SimpleData>
            <SimpleData name="Observaci">Parcela abandonada</SimpleData>
            <SimpleData name="Dias_trans">4.44829082176</SimpleData>
            <SimpleData name="Prioridad">ALTA</SimpleData>
            <SimpleData name="OBJECTID_1">94</SimpleData>
          </SchemaData>
        </ExtendedData>
        <Point>
          <coordinates>
            -55.8758235863764,-24.0026892675543,0
          </coordinates>
        </Point>
      </Placemark>
      <Placemark id="Distrito_YPEJH__.44">
        <ExtendedData>
          <SchemaData schemaUrl="#Distrito_YPEJH__.schema">
            <SimpleData name="Cédula">6659576.00000000000</SimpleData>
            <SimpleData name="cedula">6659576</SimpleData>
            <SimpleData name="Nombres_y_">VICENTA PERALTA BENITEZ</SimpleData>
            <SimpleData name="Sexo">Mujer</SimpleData>
            <SimpleData name="Cambio_de_">NO</SimpleData>
            <SimpleData name="Titular_se">NO</SimpleData>
            <SimpleData name="Situación">NO</SimpleData>
            <SimpleData name="Comunidad">Ind?gena</SimpleData>
            <SimpleData name="Modelo_imp">Modelo 5</SimpleData>
            <SimpleData name="Departamen">CANINDEYU</SimpleData>
            <SimpleData name="Distrito">YPEJH?</SimpleData>
            <SimpleData name="Localidad">COM INDIG PYPUCU</SimpleData>
            <SimpleData name="Teléfono">ND</SimpleData>
            <SimpleData name="Vivienda_L">-23.90470510000</SimpleData>
            <SimpleData name="Vivienda_1">-55.66903830000</SimpleData>
            <SimpleData name="Superficie">0.70000000000</SimpleData>
            <SimpleData name="Situaci_1">Par?metro</SimpleData>
            <SimpleData name="Plantado">Si</SimpleData>
            <SimpleData name="Parcela_La">-55.66926755000</SimpleData>
            <SimpleData name="Parcela_Lo">-23.90884272000</SimpleData>
            <SimpleData name="Grupo_Impl">G2</SimpleData>
            <SimpleData name="Grupo_de_P">H-P6-XX-XX-XX</SimpleData>
            <SimpleData name="Jornales">0.00000000000</SimpleData>
            <SimpleData name="Monto">0.00000000000</SimpleData>
            <SimpleData name="ETAPA_FAO">Mantenimiento A?o 1.1</SimpleData>
            <SimpleData name="Estado_del">Activo</SimpleData>
            <SimpleData name="Adjudicado">SI</SimpleData>
            <SimpleData name="Empresa">Hyh Consultores SRL</SimpleData>
            <SimpleData name="Lote">H</SimpleData>
            <SimpleData name="Monitorear">Si</SimpleData>
            <SimpleData name="Fecha_de_M">-</SimpleData>
            <SimpleData name="F__de_pren">-</SimpleData>
            <SimpleData name="Estado_FAO">Monitorear</SimpleData>
            <SimpleData name="Etapa_de_i">Mantenimiento A?o 1.1</SimpleData>
            <SimpleData name="Fecha_visi">2026/08/25</SimpleData>
            <SimpleData name="Cumple_sup">Si</SimpleData>
            <SimpleData name="Estado_mon">-</SimpleData>
            <SimpleData name="Situaci_12">-</SimpleData>
            <SimpleData name="Observaci">-</SimpleData>
            <SimpleData name="Dias_trans">5.63284722222</SimpleData>
            <SimpleData name="Prioridad">ALTA</SimpleData>
            <SimpleData name="OBJECTID_1">74</SimpleData>
          </SchemaData>
        </ExtendedData>
        <Point>
          <coordinates>
            -55.6692675528191,-23.9088427154159,0
          </coordinates>
        </Point>
      </Placemark>
      <Placemark id="Distrito_YPEJH__.45">
        <ExtendedData>
          <SchemaData schemaUrl="#Distrito_YPEJH__.schema">
            <SimpleData name="Cédula">6740952.00000000000</SimpleData>
            <SimpleData name="cedula">6740952</SimpleData>
            <SimpleData name="Nombres_y_">LINDA RAMIREZ COLARTE</SimpleData>
            <SimpleData name="Sexo">Mujer</SimpleData>
            <SimpleData name="Cambio_de_">NO</SimpleData>
            <SimpleData name="Titular_se">NO</SimpleData>
            <SimpleData name="Situación">NO</SimpleData>
            <SimpleData name="Comunidad">Ind?gena</SimpleData>
            <SimpleData name="Modelo_imp">Modelo 1</SimpleData>
            <SimpleData name="Departamen">CANINDEYU</SimpleData>
            <SimpleData name="Distrito">YPEJH?</SimpleData>
            <SimpleData name="Localidad">COM INDIG ITANARA-PARIRI</SimpleData>
            <SimpleData name="Teléfono">ND</SimpleData>
            <SimpleData name="Vivienda_L">-23.83282270000</SimpleData>
            <SimpleData name="Vivienda_1">-55.68300860000</SimpleData>
            <SimpleData name="Superficie">0.80000000000</SimpleData>
            <SimpleData name="Situaci_1">Par?metro</SimpleData>
            <SimpleData name="Plantado">Si</SimpleData>
            <SimpleData name="Parcela_La">-55.68403866000</SimpleData>
            <SimpleData name="Parcela_Lo">-23.83267343000</SimpleData>
            <SimpleData name="Grupo_Impl">G2</SimpleData>
            <SimpleData name="Grupo_de_P">H-P8-XX-XX-XX</SimpleData>
            <SimpleData name="Jornales">0.00000000000</SimpleData>
            <SimpleData name="Monto">0.00000000000</SimpleData>
            <SimpleData name="ETAPA_FAO">Mantenimiento A?o 1.1</SimpleData>
            <SimpleData name="Estado_del">Activo</SimpleData>
            <SimpleData name="Adjudicado">SI</SimpleData>
            <SimpleData name="Empresa">Hyh Consultores SRL</SimpleData>
            <SimpleData name="Lote">H</SimpleData>
            <SimpleData name="Monitorear">Si</SimpleData>
            <SimpleData name="Fecha_de_M">-</SimpleData>
            <SimpleData name="F__de_pren">-</SimpleData>
            <SimpleData name="Estado_FAO">Monitorear</SimpleData>
            <SimpleData name="Etapa_de_i">Mantenimiento A?o 1.1</SimpleData>
            <SimpleData name="Fecha_visi">2026/08/24</SimpleData>
            <SimpleData name="Cumple_sup">Si</SimpleData>
            <SimpleData name="Estado_mon">-</SimpleData>
            <SimpleData name="Situaci_12">-</SimpleData>
            <SimpleData name="Observaci">-</SimpleData>
            <SimpleData name="Dias_trans">6.18315972222</SimpleData>
            <SimpleData name="Prioridad">ALTA</SimpleData>
            <SimpleData name="OBJECTID_1">69</SimpleData>
          </SchemaData>
        </ExtendedData>
        <Point>
          <coordinates>
            -55.6840386635596,-23.832673429445,0
          </coordinates>
        </Point>
      </Placemark>
      <Placemark id="Distrito_YPEJH__.46">
        <ExtendedData>
          <SchemaData schemaUrl="#Distrito_YPEJH__.schema">
            <SimpleData name="Cédula">6635824.00000000000</SimpleData>
            <SimpleData name="cedula">6635824</SimpleData>
            <SimpleData name="Nombres_y_">EJUANI BRITEZ PERALTA</SimpleData>
            <SimpleData name="Sexo">Mujer</SimpleData>
            <SimpleData name="Cambio_de_">NO</SimpleData>
            <SimpleData name="Titular_se">NO</SimpleData>
            <SimpleData name="Situación">NO</SimpleData>
            <SimpleData name="Comunidad">Ind?gena</SimpleData>
            <SimpleData name="Modelo_imp">Modelo 5</SimpleData>
            <SimpleData name="Departamen">CANINDEYU</SimpleData>
            <SimpleData name="Distrito">YPEJH?</SimpleData>
            <SimpleData name="Localidad">COM INDIG PYPUCU</SimpleData>
            <SimpleData name="Teléfono">0983991870</SimpleData>
            <SimpleData name="Vivienda_L">-23.90532420000</SimpleData>
            <SimpleData name="Vivienda_1">-55.66956050000</SimpleData>
            <SimpleData name="Superficie">0.70000000000</SimpleData>
            <SimpleData name="Situaci_1">Par?metro</SimpleData>
            <SimpleData name="Plantado">Si</SimpleData>
            <SimpleData name="Parcela_La">-55.67036733000</SimpleData>
            <SimpleData name="Parcela_Lo">-23.90549289000</SimpleData>
            <SimpleData name="Grupo_Impl">G2</SimpleData>
            <SimpleData name="Grupo_de_P">H-P6-XX-XX-XX</SimpleData>
            <SimpleData name="Jornales">0.00000000000</SimpleData>
            <SimpleData name="Monto">0.00000000000</SimpleData>
            <SimpleData name="ETAPA_FAO">Mantenimiento A?o 1.1</SimpleData>
            <SimpleData name="Estado_del">Activo</SimpleData>
            <SimpleData name="Adjudicado">SI</SimpleData>
            <SimpleData name="Empresa">Hyh Consultores SRL</SimpleData>
            <SimpleData name="Lote">H</SimpleData>
            <SimpleData name="Monitorear">Si</SimpleData>
            <SimpleData name="Fecha_de_M">-</SimpleData>
            <SimpleData name="F__de_pren">-</SimpleData>
            <SimpleData name="Estado_FAO">Monitorear</SimpleData>
            <SimpleData name="Etapa_de_i">Mantenimiento A?o 1.1</SimpleData>
            <SimpleData name="Fecha_visi">2026/08/26</SimpleData>
            <SimpleData name="Cumple_sup">Si</SimpleData>
            <SimpleData name="Estado_mon">-</SimpleData>
            <SimpleData name="Situaci_12">-</SimpleData>
            <SimpleData name="Observaci">-</SimpleData>
            <SimpleData name="Dias_trans">4.03252314815</SimpleData>
            <SimpleData name="Prioridad">ALTA</SimpleData>
            <SimpleData name="OBJECTID_1">71</SimpleData>
          </SchemaData>
        </ExtendedData>
        <Point>
          <coordinates>
            -55.6703673314864,-23.9054928855301,0
          </coordinates>
        </Point>
      </Placemark>
      <Placemark id="Distrito_YPEJH__.47">
        <ExtendedData>
          <SchemaData schemaUrl="#Distrito_YPEJH__.schema">
            <SimpleData name="Cédula">6737049.00000000000</SimpleData>
            <SimpleData name="cedula">6737049</SimpleData>
            <SimpleData name="Nombres_y_">SONIA LOPEZ JARA</SimpleData>
            <SimpleData name="Sexo">Mujer</SimpleData>
            <SimpleData name="Cambio_de_">NO</SimpleData>
            <SimpleData name="Titular_se">NO</SimpleData>
            <SimpleData name="Situación">NO</SimpleData>
            <SimpleData name="Comunidad">Ind?gena</SimpleData>
            <SimpleData name="Modelo_imp">Modelo 2</SimpleData>
            <SimpleData name="Departamen">CANINDEYU</SimpleData>
            <SimpleData name="Distrito">YPEJH?</SimpleData>
            <SimpleData name="Localidad">COM INDIG ITANARA-PARIRI</SimpleData>
            <SimpleData name="Teléfono">0986686518</SimpleData>
            <SimpleData name="Vivienda_L">-23.83685070000</SimpleData>
            <SimpleData name="Vivienda_1">-55.68432780000</SimpleData>
            <SimpleData name="Superficie">0.80000000000</SimpleData>
            <SimpleData name="Situaci_1">Par?metro</SimpleData>
            <SimpleData name="Plantado">Si</SimpleData>
            <SimpleData name="Parcela_La">-55.68604260000</SimpleData>
            <SimpleData name="Parcela_Lo">-23.83677033000</SimpleData>
            <SimpleData name="Grupo_Impl">G2</SimpleData>
            <SimpleData name="Grupo_de_P">H-P8-XX-XX-XX</SimpleData>
            <SimpleData name="Jornales">0.00000000000</SimpleData>
            <SimpleData name="Monto">0.00000000000</SimpleData>
            <SimpleData name="ETAPA_FAO">Mantenimiento A?o 1.1</SimpleData>
            <SimpleData name="Estado_del">Activo</SimpleData>
            <SimpleData name="Adjudicado">SI</SimpleData>
            <SimpleData name="Empresa">Hyh Consultores SRL</SimpleData>
            <SimpleData name="Lote">H</SimpleData>
            <SimpleData name="Monitorear">Si</SimpleData>
            <SimpleData name="Fecha_de_M">-</SimpleData>
            <SimpleData name="F__de_pren">-</SimpleData>
            <SimpleData name="Estado_FAO">Monitorear</SimpleData>
            <SimpleData name="Etapa_de_i">Mantenimiento A?o 1.1</SimpleData>
            <SimpleData name="Fecha_visi">2026/08/18</SimpleData>
            <SimpleData name="Cumple_sup">Si</SimpleData>
            <SimpleData name="Estado_mon">-</SimpleData>
            <SimpleData name="Situaci_12">-</SimpleData>
            <SimpleData name="Observaci">-</SimpleData>
            <SimpleData name="Dias_trans">12.20057870370</SimpleData>
            <SimpleData name="Prioridad">ALTA</SimpleData>
            <SimpleData name="OBJECTID_1">61</SimpleData>
          </SchemaData>
        </ExtendedData>
        <MultiGeometry>
          <Point>
            <coordinates>
              -55.686346642475,-23.8376930853794,0
            </coordinates>
          </Point>
          <Point>
            <coordinates>
              -55.6860419790473,-23.8365475564469,0
            </coordinates>
          </Point>
          <Point>
            <coordinates>
              -55.6854186347038,-23.8359728635689,0
            </coordinates>
          </Point>
        </MultiGeometry>
      </Placemark>
      <Placemark id="Distrito_YPEJH__.48">
        <ExtendedData>
          <SchemaData schemaUrl="#Distrito_YPEJH__.schema">
            <SimpleData name="Cédula">5829394.00000000000</SimpleData>
            <SimpleData name="cedula">5829394</SimpleData>
            <SimpleData name="Nombres_y_">MANUEL AQUINO FERNANDEZ</SimpleData>
            <SimpleData name="Sexo">Hombre</SimpleData>
            <SimpleData name="Cambio_de_">NO</SimpleData>
            <SimpleData name="Titular_se">NO</SimpleData>
            <SimpleData name="Situación">NO</SimpleData>
            <SimpleData name="Comunidad">Ind?gena</SimpleData>
            <SimpleData name="Modelo_imp">Modelo 5</SimpleData>
            <SimpleData name="Departamen">CANINDEYU</SimpleData>
            <SimpleData name="Distrito">YPEJH?</SimpleData>
            <SimpleData name="Localidad">COM INDIG ITANARA-PARIRI</SimpleData>
            <SimpleData name="Teléfono">ND</SimpleData>
            <SimpleData name="Vivienda_L">-23.87891170000</SimpleData>
            <SimpleData name="Vivienda_1">-55.69756490000</SimpleData>
            <SimpleData name="Superficie">0.70000000000</SimpleData>
            <SimpleData name="Situaci_1">Par?metro</SimpleData>
            <SimpleData name="Plantado">Si</SimpleData>
            <SimpleData name="Parcela_La">-55.69749126000</SimpleData>
            <SimpleData name="Parcela_Lo">-23.87856300000</SimpleData>
            <SimpleData name="Grupo_Impl">G2</SimpleData>
            <SimpleData name="Grupo_de_P">H-P7-XX-XX-XX</SimpleData>
            <SimpleData name="Jornales">0.00000000000</SimpleData>
            <SimpleData name="Monto">0.00000000000</SimpleData>
            <SimpleData name="ETAPA_FAO">Mantenimiento A?o 1.1</SimpleData>
            <SimpleData name="Estado_del">Activo</SimpleData>
            <SimpleData name="Adjudicado">SI</SimpleData>
            <SimpleData name="Empresa">Hyh Consultores SRL</SimpleData>
            <SimpleData name="Lote">H</SimpleData>
            <SimpleData name="Monitorear">No</SimpleData>
            <SimpleData name="Fecha_de_M">-</SimpleData>
            <SimpleData name="F__de_pren">-</SimpleData>
            <SimpleData name="Estado_FAO">Monitorear</SimpleData>
            <SimpleData name="Etapa_de_i">Mantenimiento A?o 1.1</SimpleData>
            <SimpleData name="Fecha_visi">2026/08/25</SimpleData>
            <SimpleData name="Cumple_sup">Si</SimpleData>
            <SimpleData name="Estado_mon">-</SimpleData>
            <SimpleData name="Situaci_12">-</SimpleData>
            <SimpleData name="Observaci">-</SimpleData>
            <SimpleData name="Dias_trans">5.37797453703</SimpleData>
            <SimpleData name="Prioridad">ALTA</SimpleData>
            <SimpleData name="OBJECTID_1">77</SimpleData>
          </SchemaData>
        </ExtendedData>
        <Point>
          <coordinates>
            -55.6974912576785,-23.878562996103,0
          </coordinates>
        </Point>
      </Placemark>
      <Placemark id="Distrito_YPEJH__.49">
        <ExtendedData>
          <SchemaData schemaUrl="#Distrito_YPEJH__.schema">
            <SimpleData name="Cédula">6657283.00000000000</SimpleData>
            <SimpleData name="cedula">6657283</SimpleData>
            <SimpleData name="Nombres_y_">ISIDRA BRITEZ</SimpleData>
            <SimpleData name="Sexo">Mujer</SimpleData>
            <SimpleData name="Cambio_de_">NO</SimpleData>
            <SimpleData name="Titular_se">NO</SimpleData>
            <SimpleData name="Situación">NO</SimpleData>
            <SimpleData name="Comunidad">Campesina</SimpleData>
            <SimpleData name="Modelo_imp">Modelo 5</SimpleData>
            <SimpleData name="Departamen">CANINDEYU</SimpleData>
            <SimpleData name="Distrito">YPEJH?</SimpleData>
            <SimpleData name="Localidad">ARA VERA</SimpleData>
            <SimpleData name="Teléfono">ND</SimpleData>
            <SimpleData name="Vivienda_L">-23.91151700000</SimpleData>
            <SimpleData name="Vivienda_1">-55.95689200000</SimpleData>
            <SimpleData name="Superficie">0.90000000000</SimpleData>
            <SimpleData name="Situaci_1">Par?metro</SimpleData>
            <SimpleData name="Plantado">Si</SimpleData>
            <SimpleData name="Parcela_La">-55.95807531000</SimpleData>
            <SimpleData name="Parcela_Lo">-23.91446662000</SimpleData>
            <SimpleData name="Grupo_Impl">G2</SimpleData>
            <SimpleData name="Grupo_de_P">H-P9-XX-XX-XX</SimpleData>
            <SimpleData name="Jornales">0.00000000000</SimpleData>
            <SimpleData name="Monto">0.00000000000</SimpleData>
            <SimpleData name="ETAPA_FAO">Mantenimiento A?o 1.1</SimpleData>
            <SimpleData name="Estado_del">Activo</SimpleData>
            <SimpleData name="Adjudicado">SI</SimpleData>
            <SimpleData name="Empresa">Hyh Consultores SRL</SimpleData>
            <SimpleData name="Lote">H</SimpleData>
            <SimpleData name="Monitorear">Si</SimpleData>
            <SimpleData name="Fecha_de_M">-</SimpleData>
            <SimpleData name="F__de_pren">-</SimpleData>
            <SimpleData name="Estado_FAO">Monitorear</SimpleData>
            <SimpleData name="Etapa_de_i">Mantenimiento A?o 1.1</SimpleData>
            <SimpleData name="Fecha_visi">2026/08/12</SimpleData>
            <SimpleData name="Cumple_sup">Si</SimpleData>
            <SimpleData name="Estado_mon">-</SimpleData>
            <SimpleData name="Situaci_12">-</SimpleData>
            <SimpleData name="Observaci">-</SimpleData>
            <SimpleData name="Dias_trans">18.42559027780</SimpleData>
            <SimpleData name="Prioridad">ALTA</SimpleData>
            <SimpleData name="OBJECTID_1">82</SimpleData>
          </SchemaData>
        </ExtendedData>
        <Point>
          <coordinates>
            -55.9580753056059,-23.914466622607,0
          </coordinates>
        </Point>
      </Placemark>
      <Placemark id="Distrito_YPEJH__.50">
        <ExtendedData>
          <SchemaData schemaUrl="#Distrito_YPEJH__.schema">
            <SimpleData name="Cédula">4295047.00000000000</SimpleData>
            <SimpleData name="cedula">4295047</SimpleData>
            <SimpleData name="Nombres_y_">JUAN MONTANIA BENITEZ</SimpleData>
            <SimpleData name="Sexo">Hombre</SimpleData>
            <SimpleData name="Cambio_de_">NO</SimpleData>
            <SimpleData name="Titular_se">NO</SimpleData>
            <SimpleData name="Situación">NO</SimpleData>
            <SimpleData name="Comunidad">Ind?gena</SimpleData>
            <SimpleData name="Modelo_imp">Modelo 2</SimpleData>
            <SimpleData name="Departamen">CANINDEYU</SimpleData>
            <SimpleData name="Distrito">YPEJH?</SimpleData>
            <SimpleData name="Localidad">COM INDIG YVY PAVE CA?ADA</SimpleData>
            <SimpleData name="Teléfono">ND</SimpleData>
            <SimpleData name="Vivienda_L">-23.95984210000</SimpleData>
            <SimpleData name="Vivienda_1">-55.90589620000</SimpleData>
            <SimpleData name="Superficie">0.80000000000</SimpleData>
            <SimpleData name="Situaci_1">Par?metro</SimpleData>
            <SimpleData name="Plantado">Si</SimpleData>
            <SimpleData name="Parcela_La">-55.90581474000</SimpleData>
            <SimpleData name="Parcela_Lo">-23.95876500000</SimpleData>
            <SimpleData name="Grupo_Impl">G2</SimpleData>
            <SimpleData name="Grupo_de_P">H-P9-XX-XX-XX</SimpleData>
            <SimpleData name="Jornales">0.00000000000</SimpleData>
            <SimpleData name="Monto">0.00000000000</SimpleData>
            <SimpleData name="ETAPA_FAO">Mantenimiento A?o 1.1</SimpleData>
            <SimpleData name="Estado_del">Activo</SimpleData>
            <SimpleData name="Adjudicado">SI</SimpleData>
            <SimpleData name="Empresa">Hyh Consultores SRL</SimpleData>
            <SimpleData name="Lote">H</SimpleData>
            <SimpleData name="Monitorear">No</SimpleData>
            <SimpleData name="Fecha_de_M">-</SimpleData>
            <SimpleData name="F__de_pren">-</SimpleData>
            <SimpleData name="Estado_FAO">Monitorear</SimpleData>
            <SimpleData name="Etapa_de_i">Mantenimiento A?o 1.1</SimpleData>
            <SimpleData name="Fecha_visi">2026/08/13</SimpleData>
            <SimpleData name="Cumple_sup">Si</SimpleData>
            <SimpleData name="Estado_mon">-</SimpleData>
            <SimpleData name="Situaci_12">-</SimpleData>
            <SimpleData name="Observaci">-</SimpleData>
            <SimpleData name="Dias_trans">17.35356481480</SimpleData>
            <SimpleData name="Prioridad">ALTA</SimpleData>
            <SimpleData name="OBJECTID_1">83</SimpleData>
          </SchemaData>
        </ExtendedData>
        <MultiGeometry>
          <Point>
            <coordinates>
              -55.9120134772575,-23.9613280708647,0
            </coordinates>
          </Point>
          <Point>
            <coordinates>
              -55.9058147404278,-23.9587650022664,0
            </coordinates>
          </Point>
        </MultiGeometry>
      </Placemark>
      <Placemark id="Distrito_YPEJH__.51">
        <ExtendedData>
          <SchemaData schemaUrl="#Distrito_YPEJH__.schema">
            <SimpleData name="Cédula">4849558.00000000000</SimpleData>
            <SimpleData name="cedula">4849558</SimpleData>
            <SimpleData name="Nombres_y_">SAMUEL AG?ERO SALDIVAR</SimpleData>
            <SimpleData name="Sexo">Hombre</SimpleData>
            <SimpleData name="Cambio_de_">NO</SimpleData>
            <SimpleData name="Titular_se">NO</SimpleData>
            <SimpleData name="Situación">NO</SimpleData>
            <SimpleData name="Comunidad">Campesina</SimpleData>
            <SimpleData name="Modelo_imp">Modelo 5</SimpleData>
            <SimpleData name="Departamen">CANINDEYU</SimpleData>
            <SimpleData name="Distrito">YPEJH?</SimpleData>
            <SimpleData name="Localidad">ARA VERA</SimpleData>
            <SimpleData name="Teléfono">0985664519</SimpleData>
            <SimpleData name="Vivienda_L">-23.91125740000</SimpleData>
            <SimpleData name="Vivienda_1">-55.98134600000</SimpleData>
            <SimpleData name="Superficie">0.70000000000</SimpleData>
            <SimpleData name="Situaci_1">Par?metro</SimpleData>
            <SimpleData name="Plantado">Si</SimpleData>
            <SimpleData name="Parcela_La">-55.98171223000</SimpleData>
            <SimpleData name="Parcela_Lo">-23.91334909000</SimpleData>
            <SimpleData name="Grupo_Impl">G2</SimpleData>
            <SimpleData name="Grupo_de_P">H-P9-XX-XX-XX</SimpleData>
            <SimpleData name="Jornales">0.00000000000</SimpleData>
            <SimpleData name="Monto">0.00000000000</SimpleData>
            <SimpleData name="ETAPA_FAO">Mantenimiento A?o 1.1</SimpleData>
            <SimpleData name="Estado_del">Activo</SimpleData>
            <SimpleData name="Adjudicado">SI</SimpleData>
            <SimpleData name="Empresa">Hyh Consultores SRL</SimpleData>
            <SimpleData name="Lote">H</SimpleData>
            <SimpleData name="Monitorear">Si</SimpleData>
            <SimpleData name="Fecha_de_M">-</SimpleData>
            <SimpleData name="F__de_pren">-</SimpleData>
            <SimpleData name="Estado_FAO">Monitorear</SimpleData>
            <SimpleData name="Etapa_de_i">Mantenimiento A?o 1.1</SimpleData>
            <SimpleData name="Fecha_visi">2026/08/12</SimpleData>
            <SimpleData name="Cumple_sup">Si</SimpleData>
            <SimpleData name="Estado_mon">-</SimpleData>
            <SimpleData name="Situaci_12">-</SimpleData>
            <SimpleData name="Observaci">-</SimpleData>
            <SimpleData name="Dias_trans">18.43008101850</SimpleData>
            <SimpleData name="Prioridad">ALTA</SimpleData>
            <SimpleData name="OBJECTID_1">312</SimpleData>
          </SchemaData>
        </ExtendedData>
        <Point>
          <coordinates>
            -55.981712228172,-23.9133490929972,0
          </coordinates>
        </Point>
      </Placemark>
    </Document>
  </Document>
</kml>
